solid AssimpScene
 facet normal -0.0760129094 0.959577501 -0.270985603
  outer loop
  vertex 0.000797000015 0.0103190001 -0.0169520006
  vertex -0.000153000001 0.0039880001 -0.0391039997
  vertex -0.00631899992 0.00352300005 -0.0390210003
  endloop
 endfacet

 facet normal -0.0748450384 0.959649384 -0.271056235
  outer loop
  vertex 0.000797000015 0.0103190001 -0.0169520006
  vertex 0.0057359999 0.0107960002 -0.0166270006
  vertex -0.000153000001 0.0039880001 -0.0391039997
  endloop
 endfacet

 facet normal -0.0748400465 0.926628113 -0.368455142
  outer loop
  vertex -0.000153000001 0.0039880001 -0.0391039997
  vertex -0.0102019999 -0.00283299992 -0.0542169996
  vertex -0.00631899992 0.00352300005 -0.0390210003
  endloop
 endfacet

 facet normal -0.0800200328 0.974843442 -0.208031639
  outer loop
  vertex 0.000797000015 0.0103190001 -0.0169520006
  vertex 0.0237440001 0.0206780005 0.0227639992
  vertex 0.0292460006 0.0195780005 0.0154929999
  endloop
 endfacet

 facet normal -0.459003031 0.861354828 -0.217678845
  outer loop
  vertex -0.014498 0.000531999976 -0.0387080014
  vertex -0.0143489996 0.000922999985 -0.0374750011
  vertex -0.0109160002 0.00246000011 -0.0386320017
  endloop
 endfacet

 facet normal -0.443529665 0.885255098 -0.140017003
  outer loop
  vertex -0.0109160002 0.00246000011 -0.0386320017
  vertex -0.0143489996 0.000922999985 -0.0374750011
  vertex -0.0067929998 0.00798700005 -0.0167479999
  endloop
 endfacet

 facet normal -0.239074677 0.916035891 -0.32205829
  outer loop
  vertex -0.0109160002 0.00246000011 -0.0386320017
  vertex -0.00631899992 0.00352300005 -0.0390210003
  vertex -0.0102019999 -0.00283299992 -0.0542169996
  endloop
 endfacet

 facet normal -0.428675175 0.849307477 -0.308082074
  outer loop
  vertex -0.0153679997 -0.00455499999 -0.0517759994
  vertex -0.0109160002 0.00246000011 -0.0386320017
  vertex -0.0102019999 -0.00283299992 -0.0542169996
  endloop
 endfacet

 facet normal -0.447445035 0.843062997 -0.298391849
  outer loop
  vertex -0.0153679997 -0.00455499999 -0.0517759994
  vertex -0.014498 0.000531999976 -0.0387080014
  vertex -0.0109160002 0.00246000011 -0.0386320017
  endloop
 endfacet

 facet normal -0.720182717 0.646385252 -0.252037555
  outer loop
  vertex -0.0168580003 -0.00608799979 -0.0514499992
  vertex -0.0153679997 -0.00455499999 -0.0517759994
  vertex -0.0155640002 -0.00572399981 -0.0542140007
  endloop
 endfacet

 facet normal -0.798299789 0.519100904 -0.305371523
  outer loop
  vertex -0.0176880006 -0.00726500014 -0.0512810014
  vertex -0.0168580003 -0.00608799979 -0.0514499992
  vertex -0.0155640002 -0.00572399981 -0.0542140007
  endloop
 endfacet

 facet normal -0.921107948 0.371657997 -0.115889758
  outer loop
  vertex -0.0188180003 -0.0098369997 -0.0505479984
  vertex -0.0180190001 -0.00380999991 -0.0375699997
  vertex -0.0176880006 -0.00726500014 -0.0512810014
  endloop
 endfacet

 facet normal -0.970875382 0.229958683 -0.0672309399
  outer loop
  vertex -0.0188180003 -0.0098369997 -0.0505479984
  vertex -0.0197529998 -0.01351 -0.0496090017
  vertex -0.01908 -0.00665100012 -0.0358670019
  endloop
 endfacet

 facet normal -0.965557992 0.204748511 -0.160548851
  outer loop
  vertex -0.0188180003 -0.0098369997 -0.0505479984
  vertex -0.0183329992 -0.0104259998 -0.0542160012
  vertex -0.0197529998 -0.01351 -0.0496090017
  endloop
 endfacet

 facet normal -0.978899896 0.0909884721 -0.182964772
  outer loop
  vertex -0.0196659993 -0.0218339991 -0.0542140007
  vertex -0.0200999994 -0.0188740008 -0.0504200011
  vertex -0.0197529998 -0.01351 -0.0496090017
  endloop
 endfacet

 facet normal -0.968294501 0.113104068 -0.222740576
  outer loop
  vertex -0.0196659993 -0.0218339991 -0.0542140007
  vertex -0.0197529998 -0.01351 -0.0496090017
  vertex -0.0183329992 -0.0104259998 -0.0542160012
  endloop
 endfacet

 facet normal -0.974421144 -0.220920861 0.0411999151
  outer loop
  vertex -0.0189040005 -0.0248819999 -0.0489539988
  vertex -0.0196739994 -0.0212309994 -0.0475879982
  vertex -0.0195780005 -0.0228889994 -0.0542079993
  endloop
 endfacet

 facet normal -0.907455444 -0.418027818 -0.0421592332
  outer loop
  vertex -0.0189040005 -0.0248819999 -0.0489539988
  vertex -0.0195780005 -0.0228889994 -0.0542079993
  vertex -0.0170850009 -0.0283000004 -0.0542160012
  endloop
 endfacet

 facet normal -0.919448972 -0.387621373 -0.0660561472
  outer loop
  vertex -0.0178350005 -0.0270070005 -0.0513640009
  vertex -0.0189040005 -0.0248819999 -0.0489539988
  vertex -0.0170850009 -0.0283000004 -0.0542160012
  endloop
 endfacet

 facet normal -0.673779368 -0.723387122 0.150773212
  outer loop
  vertex -0.0178350005 -0.0270070005 -0.0513640009
  vertex -0.0170850009 -0.0283000004 -0.0542160012
  vertex -0.0167319998 -0.0283470005 -0.0528640002
  endloop
 endfacet

 facet normal -0.810417116 -0.568446577 0.14174816
  outer loop
  vertex -0.0178350005 -0.0270070005 -0.0513640009
  vertex -0.0180760007 -0.0257520005 -0.0477089994
  vertex -0.0189040005 -0.0248819999 -0.0489539988
  endloop
 endfacet

 facet normal -0.840626597 -0.499129415 0.21027784
  outer loop
  vertex -0.0180760007 -0.0257520005 -0.0477089994
  vertex -0.0170469992 -0.0199330002 -0.0297829993
  vertex -0.0189040005 -0.0248819999 -0.0489539988
  endloop
 endfacet

 facet normal -0.637430608 -0.74495846 0.196771905
  outer loop
  vertex -0.0159189999 -0.0272790007 -0.0461869985
  vertex -0.0178350005 -0.0270070005 -0.0513640009
  vertex -0.0167319998 -0.0283470005 -0.0528640002
  endloop
 endfacet

 facet normal -0.657881737 -0.724567115 0.205412194
  outer loop
  vertex -0.0159189999 -0.0272790007 -0.0461869985
  vertex -0.0180760007 -0.0257520005 -0.0477089994
  vertex -0.0178350005 -0.0270070005 -0.0513640009
  endloop
 endfacet

 facet normal -0.367102057 -0.910499096 0.190334946
  outer loop
  vertex -0.0159189999 -0.0272790007 -0.0461869985
  vertex -0.0167319998 -0.0283470005 -0.0528640002
  vertex -0.0104649998 -0.0288820006 -0.0433360003
  endloop
 endfacet

 facet normal -0.366809011 -0.910765529 0.189624593
  outer loop
  vertex -0.0159189999 -0.0272790007 -0.0461869985
  vertex -0.0104649998 -0.0288820006 -0.0433360003
  vertex 0.0147169996 -0.0239889994 0.0288769994
  endloop
 endfacet

 facet normal -0.483410925 -0.843465745 0.234263822
  outer loop
  vertex 0.0147169996 -0.0239889994 0.0288769994
  vertex -0.0100579998 -0.0203370005 -0.00909799989
  vertex -0.0159189999 -0.0272790007 -0.0461869985
  endloop
 endfacet

 facet normal -0.290397763 -0.95595777 0.0425891541
  outer loop
  vertex -0.0167319998 -0.0283470005 -0.0528640002
  vertex -0.0170850009 -0.0283000004 -0.0542160012
  vertex -0.00765899988 -0.0311629996 -0.0542070009
  endloop
 endfacet

 facet normal -0.194974154 -0.972854018 0.124660626
  outer loop
  vertex 0.0198309999 -0.0265430007 0.0248429999
  vertex -0.00765899988 -0.0311629996 -0.0542070009
  vertex 0.00513500022 -0.0337279998 -0.0542140007
  endloop
 endfacet

 facet normal -0.116848595 -0.986880839 0.111412585
  outer loop
  vertex 0.0198309999 -0.0265430007 0.0248429999
  vertex 0.00513500022 -0.0337279998 -0.0542140007
  vertex 0.0218899995 -0.0264129993 0.0281540006
  endloop
 endfacet

 facet normal -0.0393695496 -0.994427443 0.0977960974
  outer loop
  vertex 0.0140519999 -0.0342030004 -0.0542129986
  vertex 0.0296349991 -0.0268280003 0.0270520002
  vertex 0.0218899995 -0.0264129993 0.0281540006
  endloop
 endfacet

 facet normal 0.0937104523 -0.992834926 0.0741438866
  outer loop
  vertex 0.0352820009 -0.0321159996 -0.0508950017
  vertex 0.0296349991 -0.0268280003 0.0270520002
  vertex 0.0198439993 -0.0338210016 -0.0542140007
  endloop
 endfacet

 facet normal 0.171059325 -0.933101654 -0.316322476
  outer loop
  vertex 0.0198439993 -0.0338210016 -0.0542140007
  vertex 0.0514190011 -0.0291549992 -0.0509029999
  vertex 0.0352820009 -0.0321159996 -0.0508950017
  endloop
 endfacet

 facet normal 0.168335766 -0.5669173 -0.806391895
  outer loop
  vertex 0.0198439993 -0.0338210016 -0.0542140007
  vertex 0.0549720004 -0.0281000007 -0.0509029999
  vertex 0.0514190011 -0.0291549992 -0.0509029999
  endloop
 endfacet

 facet normal 0.145466581 -0.35981068 -0.921615839
  outer loop
  vertex 0.0198439993 -0.0338210016 -0.0542140007
  vertex 0.0568690002 -0.0273509994 -0.0508960001
  vertex 0.0549720004 -0.0281000007 -0.0509029999
  endloop
 endfacet

 facet normal 0.56504035 -0.811330914 0.149905369
  outer loop
  vertex 0.0568690002 -0.0273509994 -0.0508960001
  vertex 0.0596829988 -0.0253940001 -0.0509110019
  vertex 0.0591319986 -0.0184349995 -0.0111699998
  endloop
 endfacet

 facet normal 0.589259028 -0.794857562 0.144828513
  outer loop
  vertex 0.0568690002 -0.0273509994 -0.0508960001
  vertex 0.0591319986 -0.0184349995 -0.0111699998
  vertex 0.0578759983 -0.0190110002 -0.00922099967
  endloop
 endfacet

 facet normal 0.534704864 -0.831002533 0.153380021
  outer loop
  vertex 0.0578759983 -0.0190110002 -0.00922099967
  vertex 0.0469690003 -0.0201580003 0.0225879997
  vertex 0.0568690002 -0.0273509994 -0.0508960001
  endloop
 endfacet

 facet normal 0.790922105 -0.600037277 0.119989842
  outer loop
  vertex 0.0604569986 -0.0159220006 -0.00733700022
  vertex 0.0591319986 -0.0184349995 -0.0111699998
  vertex 0.0603919998 -0.0247130003 -0.0508700013
  endloop
 endfacet

 facet normal 0.682274818 -0.71847266 0.135270506
  outer loop
  vertex 0.0591319986 -0.0184349995 -0.0111699998
  vertex 0.0596829988 -0.0253940001 -0.0509110019
  vertex 0.0603919998 -0.0247130003 -0.0508700013
  endloop
 endfacet

 facet normal 0.0895797834 -0.0333319977 -0.995421767
  outer loop
  vertex 0.0198439993 -0.0338210016 -0.0542140007
  vertex 0.0603919998 -0.0247130003 -0.0508700013
  vertex 0.0596829988 -0.0253940001 -0.0509110019
  endloop
 endfacet

 facet normal 0.0917850956 -0.0433660969 -0.994834125
  outer loop
  vertex 0.0198439993 -0.0338210016 -0.0542140007
  vertex 0.0617239997 -0.0210679993 -0.0509059988
  vertex 0.0603919998 -0.0247130003 -0.0508700013
  endloop
 endfacet

 facet normal 0.0805582255 -0.00600548368 -0.996731877
  outer loop
  vertex 0.0622069985 -0.0145889996 -0.0509059988
  vertex 0.0617239997 -0.0210679993 -0.0509059988
  vertex 0.0198439993 -0.0338210016 -0.0542140007
  endloop
 endfacet

 facet normal 0.0778620169 -2.64695955e-05 -0.996964157
  outer loop
  vertex 0.0198439993 -0.0338210016 -0.0542140007
  vertex 0.0198289994 -0.00259699998 -0.0542160012
  vertex 0.0622069985 -0.0145889996 -0.0509059988
  endloop
 endfacet

 facet normal 0.0136747174 0.798730314 -0.60153389
  outer loop
  vertex 0.0198289994 -0.00259699998 -0.0542160012
  vertex 0.046751 -0.000415999995 -0.0507079996
  vertex 0.0512409993 -0.000645000022 -0.0509099998
  endloop
 endfacet

 facet normal -0.0068356432 0.871907175 -0.489623576
  outer loop
  vertex 0.0198289994 -0.00259699998 -0.0542160012
  vertex -0.0102019999 -0.00283299992 -0.0542169996
  vertex 0.046751 -0.000415999995 -0.0507079996
  endloop
 endfacet

 facet normal -0.0139564294 0.914824367 -0.403610766
  outer loop
  vertex -0.0102019999 -0.00283299992 -0.0542169996
  vertex -0.000153000001 0.0039880001 -0.0391039997
  vertex 0.046751 -0.000415999995 -0.0507079996
  endloop
 endfacet

 facet normal 0.0368034653 0.961579084 -0.272049874
  outer loop
  vertex 0.046751 -0.000415999995 -0.0507079996
  vertex 0.0057359999 0.0107960002 -0.0166270006
  vertex 0.0512409993 -0.000645000022 -0.0509099998
  endloop
 endfacet

 facet normal 0.0170165431 0.955678165 -0.293921292
  outer loop
  vertex 0.046751 -0.000415999995 -0.0507079996
  vertex -0.000153000001 0.0039880001 -0.0391039997
  vertex 0.0057359999 0.0107960002 -0.0166270006
  endloop
 endfacet

 facet normal 0.0280803032 0.958797336 -0.282700032
  outer loop
  vertex 0.0057359999 0.0107960002 -0.0166270006
  vertex 0.0292460006 0.0195780005 0.0154929999
  vertex 0.0512409993 -0.000645000022 -0.0509099998
  endloop
 endfacet

 facet normal 0.0068238657 0.989476979 -0.144530281
  outer loop
  vertex 0.0237440001 0.0206780005 0.0227639992
  vertex 0.0298389997 0.0196560007 0.0160549991
  vertex 0.0292460006 0.0195780005 0.0154929999
  endloop
 endfacet

 facet normal 0.0022976778 0.988901556 -0.148554623
  outer loop
  vertex 0.0237440001 0.0206780005 0.0227639992
  vertex 0.0270370003 0.0205349997 0.0218630005
  vertex 0.0298389997 0.0196560007 0.0160549991
  endloop
 endfacet

 facet normal 0.0279580578 0.998027027 -0.0562185496
  outer loop
  vertex 0.0270370003 0.0205349997 0.0218630005
  vertex 0.0237440001 0.0206780005 0.0227639992
  vertex 0.0239749998 0.0207339991 0.0238729995
  endloop
 endfacet

 facet normal -0.0976634845 0.99353385 0.0578996055
  outer loop
  vertex 0.0239749998 0.0207339991 0.0238729995
  vertex 0.0197909996 0.0202610008 0.0249320008
  vertex 0.020521 0.0202569999 0.0262320004
  endloop
 endfacet

 facet normal -0.118645079 0.992611706 -0.0254083257
  outer loop
  vertex 0.0197909996 0.0202610008 0.0249320008
  vertex 0.0239749998 0.0207339991 0.0238729995
  vertex 0.0237440001 0.0206780005 0.0227639992
  endloop
 endfacet

 facet normal -0.183429897 0.971901536 -0.147516429
  outer loop
  vertex 0.0237440001 0.0206780005 0.0227639992
  vertex 0.000797000015 0.0103190001 -0.0169520006
  vertex 0.0197909996 0.0202610008 0.0249320008
  endloop
 endfacet

 facet normal -0.344079703 0.932864487 0.10664542
  outer loop
  vertex 0.0171239991 0.019568 0.0259479992
  vertex 0.0123389997 0.0176929999 0.0269109998
  vertex 0.0169459991 0.0193990003 0.0268520005
  endloop
 endfacet

 facet normal -0.386025101 0.921794653 -0.035765864
  outer loop
  vertex 0.0123389997 0.0176929999 0.0269109998
  vertex -0.00365799991 0.00929799955 -0.0167960003
  vertex -0.0067929998 0.00798700005 -0.0167479999
  endloop
 endfacet

 facet normal -0.450623989 0.855663657 0.254514754
  outer loop
  vertex 0.00963400025 0.0162390005 0.0270099994
  vertex 0.00993900001 0.0160179995 0.0282930005
  vertex 0.0123389997 0.0176929999 0.0269109998
  endloop
 endfacet

 facet normal -0.483285517 0.83629179 0.258942306
  outer loop
  vertex 0.00963400025 0.0162390005 0.0270099994
  vertex 0.00884300005 0.0155539997 0.0277459994
  vertex 0.00993900001 0.0160179995 0.0282930005
  endloop
 endfacet

 facet normal -0.627293229 0.766874373 0.135671958
  outer loop
  vertex 0.0031359999 0.0125299999 0.0184519999
  vertex 0.00468999986 0.0121269999 0.0279150009
  vertex 0.00884300005 0.0155539997 0.0277459994
  endloop
 endfacet

 facet normal -0.537200153 0.84236753 0.0428120531
  outer loop
  vertex 0.00963400025 0.0162390005 0.0270099994
  vertex -0.0067929998 0.00798700005 -0.0167479999
  vertex 0.0031359999 0.0125299999 0.0184519999
  endloop
 endfacet

 facet normal -0.547849774 0.835270405 0.0467320047
  outer loop
  vertex -0.0067929998 0.00798700005 -0.0167479999
  vertex -0.00926200021 0.00636200001 -0.0166480001
  vertex 0.0031359999 0.0125299999 0.0184519999
  endloop
 endfacet

 facet normal -0.733073175 0.665896833 0.138511077
  outer loop
  vertex 0.00130400003 0.010369 0.0200089999
  vertex -0.00926200021 0.00636200001 -0.0166480001
  vertex -0.0110419998 0.00436000014 -0.0164439995
  endloop
 endfacet

 facet normal -0.742385626 0.639809132 -0.198765934
  outer loop
  vertex -0.0110419998 0.00436000014 -0.0164439995
  vertex -0.00926200021 0.00636200001 -0.0166480001
  vertex -0.0119890003 0.00322699989 -0.0165539999
  endloop
 endfacet

 facet normal -0.753970861 0.656521678 0.0225231797
  outer loop
  vertex -0.0167960003 -0.00158699998 -0.0371479988
  vertex -0.0119890003 0.00322699989 -0.0165539999
  vertex -0.00926200021 0.00636200001 -0.0166480001
  endloop
 endfacet

 facet normal -0.71648401 0.697566748 -0.00716913445
  outer loop
  vertex -0.0167960003 -0.00158699998 -0.0371479988
  vertex -0.00926200021 0.00636200001 -0.0166480001
  vertex -0.0143489996 0.000922999985 -0.0374750011
  endloop
 endfacet

 facet normal -0.718374491 0.683419168 -0.129909769
  outer loop
  vertex -0.014498 0.000531999976 -0.0387080014
  vertex -0.0167960003 -0.00158699998 -0.0371479988
  vertex -0.0143489996 0.000922999985 -0.0374750011
  endloop
 endfacet

 facet normal -0.723135769 0.65857321 -0.208221182
  outer loop
  vertex -0.0153679997 -0.00455499999 -0.0517759994
  vertex -0.0168580003 -0.00608799979 -0.0514499992
  vertex -0.014498 0.000531999976 -0.0387080014
  endloop
 endfacet

 facet normal -0.734291852 0.648429453 -0.200884804
  outer loop
  vertex -0.0167960003 -0.00158699998 -0.0371479988
  vertex -0.014498 0.000531999976 -0.0387080014
  vertex -0.0168580003 -0.00608799979 -0.0514499992
  endloop
 endfacet

 facet normal -0.873488069 0.48600018 -0.0286794975
  outer loop
  vertex -0.0167960003 -0.00158699998 -0.0371479988
  vertex -0.0180190001 -0.00380999991 -0.0375699997
  vertex -0.0179890003 -0.00367500004 -0.0361960009
  endloop
 endfacet

 facet normal -0.939285219 0.342884183 -0.0131812207
  outer loop
  vertex -0.0179890003 -0.00367500004 -0.0361960009
  vertex -0.0180190001 -0.00380999991 -0.0375699997
  vertex -0.01908 -0.00665100012 -0.0358670019
  endloop
 endfacet

 facet normal -0.991186023 0.131377861 -0.0170319322
  outer loop
  vertex -0.01908 -0.00665100012 -0.0358670019
  vertex -0.0197529998 -0.01351 -0.0496090017
  vertex -0.0196470004 -0.0107260002 -0.0343029983
  endloop
 endfacet

 facet normal -0.99785322 0.0653026029 -0.00496736774
  outer loop
  vertex -0.0200999994 -0.0188740008 -0.0504200011
  vertex -0.0196470004 -0.0107260002 -0.0343029983
  vertex -0.0197529998 -0.01351 -0.0496090017
  endloop
 endfacet

 facet normal -0.995325685 -0.0832992494 -0.0488681458
  outer loop
  vertex -0.0200999994 -0.0188740008 -0.0504200011
  vertex -0.0196659993 -0.0218339991 -0.0542140007
  vertex -0.0195780005 -0.0228889994 -0.0542079993
  endloop
 endfacet

 facet normal -0.854084015 -0.464239657 0.234567672
  outer loop
  vertex -0.0170469992 -0.0199330002 -0.0297829993
  vertex -0.0124199996 -0.0140239997 -0.00124100002
  vertex -0.0126679996 -0.0137839997 -0.00166900002
  endloop
 endfacet

 facet normal -0.667327821 -0.7058568 0.237570897
  outer loop
  vertex -0.0159189999 -0.0272790007 -0.0461869985
  vertex -0.0100579998 -0.0203370005 -0.00909799989
  vertex -0.0180760007 -0.0257520005 -0.0477089994
  endloop
 endfacet

 facet normal -0.757181585 -0.601193905 0.255425125
  outer loop
  vertex -0.00995500013 -0.015656 0.00222499995
  vertex -0.0124199996 -0.0140239997 -0.00124100002
  vertex -0.0100579998 -0.0203370005 -0.00909799989
  endloop
 endfacet

 facet normal -0.78370738 -0.542920291 0.301728904
  outer loop
  vertex -0.0109219998 -0.0119960001 0.00629899977
  vertex -0.0124199996 -0.0140239997 -0.00124100002
  vertex -0.00995500013 -0.015656 0.00222499995
  endloop
 endfacet

 facet normal -0.769825816 -0.554741025 0.31564337
  outer loop
  vertex -0.0109219998 -0.0119960001 0.00629899977
  vertex -0.00995500013 -0.015656 0.00222499995
  vertex -0.00340500008 -0.0147700002 0.0197570007
  endloop
 endfacet

 facet normal -0.835748911 -0.407075107 0.368528903
  outer loop
  vertex -0.00881899986 -0.0100760004 0.0131890001
  vertex -0.0109219998 -0.0119960001 0.00629899977
  vertex -0.00315100001 -0.0124650002 0.0234040003
  endloop
 endfacet

 facet normal -0.933067262 -0.168460637 0.317815274
  outer loop
  vertex -0.0126200002 -0.00934700016 0.00271799997
  vertex -0.0109219998 -0.0119960001 0.00629899977
  vertex -0.00988399982 -0.00740299979 0.0117809996
  endloop
 endfacet

 facet normal -0.973689198 -0.104604989 0.202452883
  outer loop
  vertex -0.0188979991 -0.0159220006 -0.0308730006
  vertex -0.0126200002 -0.00934700016 0.00271799997
  vertex -0.0145119997 -0.00961699989 -0.00652100006
  endloop
 endfacet

 facet normal -0.979481399 -0.0145638986 0.201007724
  outer loop
  vertex -0.0126200002 -0.00934700016 0.00271799997
  vertex -0.0128819998 -0.00832999963 0.00151500001
  vertex -0.0145119997 -0.00961699989 -0.00652100006
  endloop
 endfacet

 facet normal -0.890486479 0.409725279 0.197886378
  outer loop
  vertex -0.0140110003 -0.00129699998 -0.0162860006
  vertex -0.0039710002 0.00162300002 0.0228480007
  vertex -0.0119890003 0.00322699989 -0.0165539999
  endloop
 endfacet

 facet normal -0.88993758 0.411030769 0.197648138
  outer loop
  vertex -0.0140110003 -0.00129699998 -0.0162860006
  vertex -0.00429099984 0.00110999995 0.0224740002
  vertex -0.0039710002 0.00162300002 0.0228480007
  endloop
 endfacet

 facet normal -0.915758729 0.350383252 0.196513563
  outer loop
  vertex -0.0140110003 -0.00129699998 -0.0162860006
  vertex -0.0128819998 -0.00832999963 0.00151500001
  vertex -0.010063 -0.00640199985 0.0112140002
  endloop
 endfacet

 facet normal -0.918279111 0.266040176 0.293233961
  outer loop
  vertex -0.00850300025 -0.00518599991 0.0149959996
  vertex -0.00429099984 0.00110999995 0.0224740002
  vertex -0.010063 -0.00640199985 0.0112140002
  endloop
 endfacet

 facet normal -0.924339652 -0.000927127374 0.381569862
  outer loop
  vertex -0.010063 -0.00640199985 0.0112140002
  vertex -0.00743700005 -0.00532899983 0.0175780002
  vertex -0.00850300025 -0.00518599991 0.0149959996
  endloop
 endfacet

 facet normal -0.92613405 0.0464189164 0.37432757
  outer loop
  vertex -0.010063 -0.00640199985 0.0112140002
  vertex -0.00988399982 -0.00740299979 0.0117809996
  vertex -0.00743700005 -0.00532899983 0.0175780002
  endloop
 endfacet

 facet normal -0.895254254 -0.132639676 0.425354689
  outer loop
  vertex -0.00743700005 -0.00532899983 0.0175780002
  vertex -0.00988399982 -0.00740299979 0.0117809996
  vertex -0.00881899986 -0.0100760004 0.0131890001
  endloop
 endfacet

 facet normal -0.892709851 -0.137023106 0.429294467
  outer loop
  vertex -0.00311799999 -0.00929000042 0.0252950005
  vertex -0.00743700005 -0.00532899983 0.0175780002
  vertex -0.00881899986 -0.0100760004 0.0131890001
  endloop
 endfacet

 facet normal -0.870977879 -0.244699553 0.426051378
  outer loop
  vertex -0.00311799999 -0.00929000042 0.0252950005
  vertex -0.00881899986 -0.0100760004 0.0131890001
  vertex -0.00315100001 -0.0124650002 0.0234040003
  endloop
 endfacet

 facet normal -0.784892082 -0.311028481 0.535915732
  outer loop
  vertex -0.00311799999 -0.00929000042 0.0252950005
  vertex -0.00315100001 -0.0124650002 0.0234040003
  vertex -0.002171 -0.00955700036 0.0265270006
  endloop
 endfacet

 facet normal -0.797272086 -0.200221032 0.569446027
  outer loop
  vertex -0.00311799999 -0.00929000042 0.0252950005
  vertex -0.002171 -0.00955700036 0.0265270006
  vertex -0.0022799999 -0.00569299981 0.027733
  endloop
 endfacet

 facet normal -0.68784225 -0.23387143 0.687151611
  outer loop
  vertex 0.00205000001 -0.00778600015 0.031355001
  vertex -0.0022799999 -0.00569299981 0.027733
  vertex -0.002171 -0.00955700036 0.0265270006
  endloop
 endfacet

 facet normal -0.672700226 -0.272271276 0.687999189
  outer loop
  vertex 0.00350399991 -0.011717 0.0312210005
  vertex 0.00205000001 -0.00778600015 0.031355001
  vertex -0.002171 -0.00955700036 0.0265270006
  endloop
 endfacet

 facet normal -0.125321373 -0.109718107 0.986030698
  outer loop
  vertex 0.00613899995 -0.0155490004 0.0312339999
  vertex 0.00806799997 -0.0172940008 0.0312849991
  vertex 0.00309400004 -0.00791900046 0.0316959992
  endloop
 endfacet

 facet normal -0.372744083 -0.387404501 0.843196094
  outer loop
  vertex 0.00687000016 -0.0169510003 0.0309130009
  vertex 0.00806799997 -0.0172940008 0.0312849991
  vertex 0.00613899995 -0.0155490004 0.0312339999
  endloop
 endfacet

 facet normal -0.384674072 -0.506983519 0.771358252
  outer loop
  vertex 0.0110170003 -0.0214060005 0.0300530009
  vertex 0.00806799997 -0.0172940008 0.0312849991
  vertex 0.00687000016 -0.0169510003 0.0309130009
  endloop
 endfacet

 facet normal -0.256026924 -0.441298217 0.860061765
  outer loop
  vertex 0.0110170003 -0.0214060005 0.0300530009
  vertex 0.0148409996 -0.0236460008 0.0300420001
  vertex 0.00806799997 -0.0172940008 0.0312849991
  endloop
 endfacet

 facet normal -0.65806812 -0.450460881 0.603350163
  outer loop
  vertex 0.00350399991 -0.011717 0.0312210005
  vertex -0.00315100001 -0.0124650002 0.0234040003
  vertex 0.00613899995 -0.0155490004 0.0312339999
  endloop
 endfacet

 facet normal -0.667052925 -0.429189384 0.608963907
  outer loop
  vertex -0.00315100001 -0.0124650002 0.0234040003
  vertex 0.00350399991 -0.011717 0.0312210005
  vertex -0.002171 -0.00955700036 0.0265270006
  endloop
 endfacet

 facet normal -0.614928246 -0.656695485 0.43659395
  outer loop
  vertex 0.0110170003 -0.0214060005 0.0300530009
  vertex 0.00687000016 -0.0169510003 0.0309130009
  vertex -0.00307399989 -0.0153069999 0.0193799995
  endloop
 endfacet

 facet normal -0.605354011 -0.672288358 0.426116168
  outer loop
  vertex -0.00307399989 -0.0153069999 0.0193799995
  vertex 0.00687000016 -0.0169510003 0.0309130009
  vertex -0.00340500008 -0.0147700002 0.0197570007
  endloop
 endfacet

 facet normal -0.807823896 -0.471216977 0.354083508
  outer loop
  vertex -0.00340500008 -0.0147700002 0.0197570007
  vertex -0.00315100001 -0.0124650002 0.0234040003
  vertex -0.0109219998 -0.0119960001 0.00629899977
  endloop
 endfacet

 facet normal -0.706045985 -0.643206 0.296285719
  outer loop
  vertex -0.00340500008 -0.0147700002 0.0197570007
  vertex -0.00995500013 -0.015656 0.00222499995
  vertex -0.00307399989 -0.0153069999 0.0193799995
  endloop
 endfacet

 facet normal -0.678495228 -0.676680386 0.285915911
  outer loop
  vertex -0.00995500013 -0.015656 0.00222499995
  vertex -0.0100579998 -0.0203370005 -0.00909799989
  vertex -0.00307399989 -0.0153069999 0.0193799995
  endloop
 endfacet

 facet normal -0.549305916 -0.789374113 0.274138093
  outer loop
  vertex -0.00307399989 -0.0153069999 0.0193799995
  vertex -0.0100579998 -0.0203370005 -0.00909799989
  vertex 0.0110170003 -0.0214060005 0.0300530009
  endloop
 endfacet

 facet normal -0.500719726 -0.829655349 0.246884257
  outer loop
  vertex 0.0110170003 -0.0214060005 0.0300530009
  vertex -0.0100579998 -0.0203370005 -0.00909799989
  vertex 0.0147169996 -0.0239889994 0.0288769994
  endloop
 endfacet

 facet normal -0.482434005 -0.825028658 0.294253528
  outer loop
  vertex 0.0147169996 -0.0239889994 0.0288769994
  vertex 0.0148409996 -0.0236460008 0.0300420001
  vertex 0.0110170003 -0.0214060005 0.0300530009
  endloop
 endfacet

 facet normal -0.29104948 -0.908921659 0.298582673
  outer loop
  vertex 0.0147169996 -0.0239889994 0.0288769994
  vertex 0.0187940001 -0.0248760004 0.0301510002
  vertex 0.0148409996 -0.0236460008 0.0300420001
  endloop
 endfacet

 facet normal -0.292715281 -0.905911922 0.306008905
  outer loop
  vertex 0.0147169996 -0.0239889994 0.0288769994
  vertex 0.021373 -0.0260639992 0.0291009992
  vertex 0.0187940001 -0.0248760004 0.0301510002
  endloop
 endfacet

 facet normal -0.0202694554 -0.974275947 0.224445105
  outer loop
  vertex 0.0296349991 -0.0268280003 0.0270520002
  vertex 0.0301290005 -0.0265539996 0.0282860007
  vertex 0.0218899995 -0.0264129993 0.0281540006
  endloop
 endfacet

 facet normal -0.265765935 -0.942577004 0.202279717
  outer loop
  vertex 0.021373 -0.0260639992 0.0291009992
  vertex 0.0198309999 -0.0265430007 0.0248429999
  vertex 0.0218899995 -0.0264129993 0.0281540006
  endloop
 endfacet

 facet normal 0.0656241924 -0.994814813 0.0776981041
  outer loop
  vertex 0.0296349991 -0.0268280003 0.0270520002
  vertex 0.0140519999 -0.0342030004 -0.0542129986
  vertex 0.0198439993 -0.0338210016 -0.0542140007
  endloop
 endfacet

 facet normal 0.271386832 -0.956854582 0.103819497
  outer loop
  vertex 0.0296349991 -0.0268280003 0.0270520002
  vertex 0.0549720004 -0.0281000007 -0.0509029999
  vertex 0.0301290005 -0.0265539996 0.0282860007
  endloop
 endfacet

 facet normal 0.282997817 -0.953073621 0.107531622
  outer loop
  vertex 0.0514190011 -0.0291549992 -0.0509029999
  vertex 0.0549720004 -0.0281000007 -0.0509029999
  vertex 0.0296349991 -0.0268280003 0.0270520002
  endloop
 endfacet

 facet normal 0.284871548 -0.952466369 0.107964203
  outer loop
  vertex 0.0368999988 -0.0246140007 0.0275350008
  vertex 0.0301290005 -0.0265539996 0.0282860007
  vertex 0.0549720004 -0.0281000007 -0.0509029999
  endloop
 endfacet

 facet normal 0.507824361 -0.82377243 0.25201878
  outer loop
  vertex 0.038573999 -0.0240599997 0.0269549992
  vertex 0.0454940014 -0.0202229992 0.0255529992
  vertex 0.0392180011 -0.023395 0.0278309993
  endloop
 endfacet

 facet normal 0.507298589 -0.829340458 0.234185085
  outer loop
  vertex 0.0454940014 -0.0202229992 0.0255529992
  vertex 0.038573999 -0.0240599997 0.0269549992
  vertex 0.0469690003 -0.0201580003 0.0225879997
  endloop
 endfacet

 facet normal 0.594149709 -0.784992576 0.175422132
  outer loop
  vertex 0.0578759983 -0.0190110002 -0.00922099967
  vertex 0.0500460006 -0.0181959998 0.0209459998
  vertex 0.0469690003 -0.0201580003 0.0225879997
  endloop
 endfacet

 facet normal 0.65585506 -0.730328202 0.1909841
  outer loop
  vertex 0.0500460006 -0.0181959998 0.0209459998
  vertex 0.0591319986 -0.0184349995 -0.0111699998
  vertex 0.0587919988 -0.014397 0.0054390002
  endloop
 endfacet

 facet normal 0.683045566 -0.698268235 0.214173675
  outer loop
  vertex 0.0500460006 -0.0181959998 0.0209459998
  vertex 0.0587919988 -0.014397 0.0054390002
  vertex 0.0587279983 -0.0136789996 0.00798400026
  endloop
 endfacet

 facet normal 0.747615755 -0.595969021 0.293072611
  outer loop
  vertex 0.0500460006 -0.0181959998 0.0209459998
  vertex 0.0587279983 -0.0136789996 0.00798400026
  vertex 0.0514600016 -0.0136000002 0.0266849995
  endloop
 endfacet

 facet normal 0.770290315 -0.561787844 0.301740468
  outer loop
  vertex 0.0514600016 -0.0136000002 0.0266849995
  vertex 0.0587279983 -0.0136789996 0.00798400026
  vertex 0.0581550002 -0.0114010004 0.0136879999
  endloop
 endfacet

 facet normal 0.852929294 -0.359470546 0.378540009
  outer loop
  vertex 0.0586679988 -0.00792500004 0.0158329997
  vertex 0.0514600016 -0.0136000002 0.0266849995
  vertex 0.0581550002 -0.0114010004 0.0136879999
  endloop
 endfacet

 facet normal 0.877871037 -0.33856526 0.338697642
  outer loop
  vertex 0.0614079982 -0.00743900007 0.00921699964
  vertex 0.0586679988 -0.00792500004 0.0158329997
  vertex 0.0581550002 -0.0114010004 0.0136879999
  endloop
 endfacet

 facet normal 0.876868129 -0.35840863 0.320383608
  outer loop
  vertex 0.0613990016 -0.00815199967 0.00844400004
  vertex 0.0614079982 -0.00743900007 0.00921699964
  vertex 0.0581550002 -0.0114010004 0.0136879999
  endloop
 endfacet

 facet normal 0.861992002 -0.431643933 0.265806943
  outer loop
  vertex 0.0613990016 -0.00815199967 0.00844400004
  vertex 0.0581550002 -0.0114010004 0.0136879999
  vertex 0.0611770004 -0.010032 0.0061110002
  endloop
 endfacet

 facet normal 0.958969951 -0.258291334 0.116886102
  outer loop
  vertex 0.0625820011 -0.0067090001 0.001927
  vertex 0.0613990016 -0.00815199967 0.00844400004
  vertex 0.0611770004 -0.010032 0.0061110002
  endloop
 endfacet

 facet normal 0.957764864 -0.265300661 0.110914521
  outer loop
  vertex 0.0611770004 -0.010032 0.0061110002
  vertex 0.0617740005 -0.0117180003 -0.00307699991
  vertex 0.0625820011 -0.0067090001 0.001927
  endloop
 endfacet

 facet normal 0.856168628 -0.488571256 0.168147117
  outer loop
  vertex 0.0611770004 -0.010032 0.0061110002
  vertex 0.0587279983 -0.0136789996 0.00798400026
  vertex 0.0604569986 -0.0159220006 -0.00733700022
  endloop
 endfacet

 facet normal 0.82743001 -0.534690619 0.171655789
  outer loop
  vertex 0.0587279983 -0.0136789996 0.00798400026
  vertex 0.0587919988 -0.014397 0.0054390002
  vertex 0.0604569986 -0.0159220006 -0.00733700022
  endloop
 endfacet

 facet normal 0.736462772 -0.653715372 0.174008057
  outer loop
  vertex 0.0587919988 -0.014397 0.0054390002
  vertex 0.0591319986 -0.0184349995 -0.0111699998
  vertex 0.0604569986 -0.0159220006 -0.00733700022
  endloop
 endfacet

 facet normal 0.898201168 -0.418302655 0.135120228
  outer loop
  vertex 0.0617740005 -0.0117180003 -0.00307699991
  vertex 0.0611770004 -0.010032 0.0061110002
  vertex 0.0604569986 -0.0159220006 -0.00733700022
  endloop
 endfacet

 facet normal 0.945997655 -0.313504428 0.0824835077
  outer loop
  vertex 0.0617740005 -0.0117180003 -0.00307699991
  vertex 0.0618240014 -0.0155859999 -0.018352
  vertex 0.0621390007 -0.0147160003 -0.0186579991
  endloop
 endfacet

 facet normal 0.997362673 -0.0246190205 0.0682768226
  outer loop
  vertex 0.0630170032 -0.00637800014 -0.00430800021
  vertex 0.0625070035 -0.000769999984 0.00516400021
  vertex 0.0625820011 -0.0067090001 0.001927
  endloop
 endfacet

 facet normal 0.997038484 -0.074832812 0.017730264
  outer loop
  vertex 0.0630320013 -0.0130979996 -0.0335140005
  vertex 0.0632760003 -0.00723299989 -0.0224810001
  vertex 0.0630170032 -0.00637800014 -0.00430800021
  endloop
 endfacet

 facet normal 0.972163439 -0.231942803 0.0331757441
  outer loop
  vertex 0.0630320013 -0.0130979996 -0.0335140005
  vertex 0.0621390007 -0.0147160003 -0.0186579991
  vertex 0.0617239997 -0.0210679993 -0.0509059988
  endloop
 endfacet

 facet normal 0.984095573 -0.173005 0.0403120257
  outer loop
  vertex 0.0630170032 -0.00637800014 -0.00430800021
  vertex 0.0621390007 -0.0147160003 -0.0186579991
  vertex 0.0630320013 -0.0130979996 -0.0335140005
  endloop
 endfacet

 facet normal 0.875864983 -0.473260254 0.09426184
  outer loop
  vertex 0.0618240014 -0.0155859999 -0.018352
  vertex 0.0604569986 -0.0159220006 -0.00733700022
  vertex 0.0603919998 -0.0247130003 -0.0508700013
  endloop
 endfacet

 facet normal 0.938016057 -0.342240304 0.0547508113
  outer loop
  vertex 0.0618240014 -0.0155859999 -0.018352
  vertex 0.0603919998 -0.0247130003 -0.0508700013
  vertex 0.0617239997 -0.0210679993 -0.0509059988
  endloop
 endfacet

 facet normal 0.944688201 -0.323879331 0.051638376
  outer loop
  vertex 0.0618240014 -0.0155859999 -0.018352
  vertex 0.0617239997 -0.0210679993 -0.0509059988
  vertex 0.0621390007 -0.0147160003 -0.0186579991
  endloop
 endfacet

 facet normal 0.999453664 0.0143925678 -0.0297542047
  outer loop
  vertex 0.0632760003 -0.00723299989 -0.0224810001
  vertex 0.0630320013 -0.0130979996 -0.0335140005
  vertex 0.0628790036 -0.00967399962 -0.0369970016
  endloop
 endfacet

 facet normal 0.959515035 0.275884479 -0.056734249
  outer loop
  vertex 0.0623980016 -0.00184399995 -0.0268089995
  vertex 0.0621000007 0.00270300009 -0.00973800011
  vertex 0.0625789985 -0.00239700009 -0.0264369994
  endloop
 endfacet

 facet normal 0.913319111 0.396830142 -0.0915100798
  outer loop
  vertex 0.0623980016 -0.00184399995 -0.0268089995
  vertex 0.0614969991 0.00107899995 -0.0231260005
  vertex 0.0616360009 0.00396100013 -0.00924099982
  endloop
 endfacet

 facet normal 0.805177093 0.579003096 -0.128239676
  outer loop
  vertex 0.0614969991 0.00107899995 -0.0231260005
  vertex 0.0602650009 0.00589899998 -0.00909900013
  vertex 0.0616360009 0.00396100013 -0.00924099982
  endloop
 endfacet

 facet normal 0.766780436 0.624771237 -0.147339061
  outer loop
  vertex 0.0614969991 0.00107899995 -0.0231260005
  vertex 0.0605630018 0.00168099999 -0.0254340004
  vertex 0.0602650009 0.00589899998 -0.00909900013
  endloop
 endfacet

 facet normal 0.964326084 0.238853082 -0.114124462
  outer loop
  vertex 0.0625789985 -0.00239700009 -0.0264369994
  vertex 0.0618660003 -0.0112039996 -0.0508939996
  vertex 0.0623980016 -0.00184399995 -0.0268089995
  endloop
 endfacet

 facet normal 0.981003881 0.171634659 -0.0904052183
  outer loop
  vertex 0.0628790036 -0.00967399962 -0.0369970016
  vertex 0.0618660003 -0.0112039996 -0.0508939996
  vertex 0.0625789985 -0.00239700009 -0.0264369994
  endloop
 endfacet

 facet normal 0.0811568275 0.011708444 -0.996632576
  outer loop
  vertex 0.0618660003 -0.0112039996 -0.0508939996
  vertex 0.0622069985 -0.0145889996 -0.0509059988
  vertex 0.0198289994 -0.00259699998 -0.0542160012
  endloop
 endfacet

 facet normal 0.991476715 0.10017468 -0.0833011791
  outer loop
  vertex 0.0622069985 -0.0145889996 -0.0509059988
  vertex 0.0618660003 -0.0112039996 -0.0508939996
  vertex 0.0628790036 -0.00967399962 -0.0369970016
  endloop
 endfacet

 facet normal 0.0840390772 0.0259818919 -0.996123731
  outer loop
  vertex 0.0602370016 -0.00639500003 -0.0509059988
  vertex 0.0618660003 -0.0112039996 -0.0508939996
  vertex 0.0198289994 -0.00259699998 -0.0542160012
  endloop
 endfacet

 facet normal 0.0876536816 0.0663424283 -0.9939394
  outer loop
  vertex 0.0579520017 -0.00339099998 -0.0509070009
  vertex 0.0602370016 -0.00639500003 -0.0509059988
  vertex 0.0198289994 -0.00259699998 -0.0542160012
  endloop
 endfacet

 facet normal 0.0883537233 0.122513697 -0.988526225
  outer loop
  vertex 0.0579520017 -0.00339099998 -0.0509070009
  vertex 0.0198289994 -0.00259699998 -0.0542160012
  vertex 0.0569990017 -0.00250199996 -0.0508820005
  endloop
 endfacet

 facet normal 0.0877637342 0.160996929 -0.983045042
  outer loop
  vertex 0.0569990017 -0.00250199996 -0.0508820005
  vertex 0.0198289994 -0.00259699998 -0.0542160012
  vertex 0.054699 -0.00135200005 -0.050898999
  endloop
 endfacet

 facet normal 0.269046843 0.916503668 -0.296031624
  outer loop
  vertex 0.0559239984 1.99999995e-05 -0.0455380008
  vertex 0.054699 -0.00135200005 -0.050898999
  vertex 0.0539439991 0.000661000027 -0.0453529991
  endloop
 endfacet

 facet normal 0.426381767 0.848115802 -0.31448096
  outer loop
  vertex 0.0559239984 1.99999995e-05 -0.0455380008
  vertex 0.0569990017 -0.00250199996 -0.0508820005
  vertex 0.054699 -0.00135200005 -0.050898999
  endloop
 endfacet

 facet normal 0.39339003 0.894464016 -0.212552279
  outer loop
  vertex 0.0559239984 1.99999995e-05 -0.0455380008
  vertex 0.0575970002 0.0086009996 -0.00633100001
  vertex 0.0567139983 2.90000007e-05 -0.0440380014
  endloop
 endfacet

 facet normal 0.281340897 0.933366239 -0.222878426
  outer loop
  vertex 0.0550540015 0.00982499961 -0.00557499984
  vertex 0.0559239984 1.99999995e-05 -0.0455380008
  vertex 0.0539439991 0.000661000027 -0.0453529991
  endloop
 endfacet

 facet normal 0.11318659 0.960877061 -0.252792507
  outer loop
  vertex 0.0539439991 0.000661000027 -0.0453529991
  vertex 0.0292460006 0.0195780005 0.0154929999
  vertex 0.0298389997 0.0196560007 0.0160549991
  endloop
 endfacet

 facet normal 0.201065272 0.978994727 0.0337967351
  outer loop
  vertex 0.0348320007 0.0187519994 0.0271370001
  vertex 0.0270370003 0.0205349997 0.0218630005
  vertex 0.0333580002 0.0190210007 0.0281140003
  endloop
 endfacet

 facet normal 0.358181775 0.885273218 0.296643078
  outer loop
  vertex 0.0333580002 0.0190210007 0.0281140003
  vertex 0.0389339998 0.0168379992 0.0278960001
  vertex 0.0348320007 0.0187519994 0.0271370001
  endloop
 endfacet

 facet normal 0.341698498 0.828487039 0.443679631
  outer loop
  vertex 0.0333580002 0.0190210007 0.0281140003
  vertex 0.0324090011 0.0189239997 0.0290259998
  vertex 0.0389339998 0.0168379992 0.0278960001
  endloop
 endfacet

 facet normal 0.177759439 0.982352853 0.0581769161
  outer loop
  vertex 0.0270370003 0.0205349997 0.0218630005
  vertex 0.0282600001 0.0199570004 0.0278859995
  vertex 0.0333580002 0.0190210007 0.0281140003
  endloop
 endfacet

 facet normal 0.111924253 0.991077125 0.0723823011
  outer loop
  vertex 0.0282600001 0.0199570004 0.0278859995
  vertex 0.0270370003 0.0205349997 0.0218630005
  vertex 0.0239749998 0.0207339991 0.0238729995
  endloop
 endfacet

 facet normal -0.00332596293 0.981092572 0.19351095
  outer loop
  vertex 0.0239749998 0.0207339991 0.0238729995
  vertex 0.020521 0.0202569999 0.0262320004
  vertex 0.0282600001 0.0199570004 0.0278859995
  endloop
 endfacet

 facet normal -0.00573747791 0.978872418 0.204391643
  outer loop
  vertex 0.0222110003 0.0198090002 0.0284250006
  vertex 0.0282600001 0.0199570004 0.0278859995
  vertex 0.020521 0.0202569999 0.0262320004
  endloop
 endfacet

 facet normal -0.0891555846 0.492716163 0.865610838
  outer loop
  vertex 0.0203000009 0.018677 0.0300530009
  vertex 0.0156399999 0.0176950004 0.0301319994
  vertex 0.0170479994 0.0174930003 0.0303920005
  endloop
 endfacet

 facet normal -0.161814839 0.812888503 0.559489369
  outer loop
  vertex 0.0203000009 0.018677 0.0300530009
  vertex 0.0208650008 0.0190929994 0.0296119992
  vertex 0.0156399999 0.0176950004 0.0301319994
  endloop
 endfacet

 facet normal -0.1755514 0.844388962 0.506151259
  outer loop
  vertex 0.0184719991 0.0191050004 0.0287619997
  vertex 0.0156399999 0.0176950004 0.0301319994
  vertex 0.0208650008 0.0190929994 0.0296119992
  endloop
 endfacet

 facet normal -0.135566384 0.908844352 0.394491643
  outer loop
  vertex 0.0208650008 0.0190929994 0.0296119992
  vertex 0.0222110003 0.0198090002 0.0284250006
  vertex 0.0184719991 0.0191050004 0.0287619997
  endloop
 endfacet

 facet normal -0.154628143 0.950410306 0.269834191
  outer loop
  vertex 0.0169459991 0.0193990003 0.0268520005
  vertex 0.0184719991 0.0191050004 0.0287619997
  vertex 0.0222110003 0.0198090002 0.0284250006
  endloop
 endfacet

 facet normal -0.168240935 0.93232131 0.320112556
  outer loop
  vertex 0.0169459991 0.0193990003 0.0268520005
  vertex 0.0222110003 0.0198090002 0.0284250006
  vertex 0.020521 0.0202569999 0.0262320004
  endloop
 endfacet

 facet normal -0.206922516 0.971070707 0.119183682
  outer loop
  vertex 0.0197909996 0.0202610008 0.0249320008
  vertex 0.0171239991 0.019568 0.0259479992
  vertex 0.020521 0.0202569999 0.0262320004
  endloop
 endfacet

 facet normal -0.208049938 0.968046129 0.140007079
  outer loop
  vertex 0.0169459991 0.0193990003 0.0268520005
  vertex 0.020521 0.0202569999 0.0262320004
  vertex 0.0171239991 0.019568 0.0259479992
  endloop
 endfacet

 facet normal -0.27095449 0.895036638 0.354250044
  outer loop
  vertex 0.0169459991 0.0193990003 0.0268520005
  vertex 0.0134669999 0.0178379994 0.0281349998
  vertex 0.0184719991 0.0191050004 0.0287619997
  endloop
 endfacet

 facet normal -0.427931011 0.854971588 0.29308483
  outer loop
  vertex 0.0134669999 0.0178379994 0.0281349998
  vertex 0.0123389997 0.0176929999 0.0269109998
  vertex 0.00993900001 0.0160179995 0.0282930005
  endloop
 endfacet

 facet normal -0.337792963 0.919199109 0.202407822
  outer loop
  vertex 0.0134669999 0.0178379994 0.0281349998
  vertex 0.0169459991 0.0193990003 0.0268520005
  vertex 0.0123389997 0.0176929999 0.0269109998
  endloop
 endfacet

 facet normal -0.389842838 0.767907619 0.508272171
  outer loop
  vertex 0.0102279996 0.0149699999 0.0300980005
  vertex 0.0156399999 0.0176950004 0.0301319994
  vertex 0.00993900001 0.0160179995 0.0282930005
  endloop
 endfacet

 facet normal -0.516418576 0.702071786 0.490313381
  outer loop
  vertex 0.00993900001 0.0160179995 0.0282930005
  vertex 0.0052769999 0.0120719997 0.0290329996
  vertex 0.0102279996 0.0149699999 0.0300980005
  endloop
 endfacet

 facet normal -0.530633569 0.712896764 0.458482444
  outer loop
  vertex 0.00993900001 0.0160179995 0.0282930005
  vertex 0.00884300005 0.0155539997 0.0277459994
  vertex 0.0052769999 0.0120719997 0.0290329996
  endloop
 endfacet

 facet normal -0.588953614 0.730744064 0.345176458
  outer loop
  vertex 0.0052769999 0.0120719997 0.0290329996
  vertex 0.00884300005 0.0155539997 0.0277459994
  vertex 0.00468999986 0.0121269999 0.0279150009
  endloop
 endfacet

 facet normal -0.487262487 0.598893523 0.635532677
  outer loop
  vertex 0.0056739999 0.0100360001 0.0312560014
  vertex 0.0102279996 0.0149699999 0.0300980005
  vertex 0.0052769999 0.0120719997 0.0290329996
  endloop
 endfacet

 facet normal -0.60126847 0.532868624 0.59542191
  outer loop
  vertex 0.00301999995 0.00975100044 0.0288309995
  vertex 0.0056739999 0.0100360001 0.0312560014
  vertex 0.0052769999 0.0120719997 0.0290329996
  endloop
 endfacet

 facet normal -0.677763522 0.625426352 0.386624604
  outer loop
  vertex 0.00468999986 0.0121269999 0.0279150009
  vertex 0.00301999995 0.00975100044 0.0288309995
  vertex 0.0052769999 0.0120719997 0.0290329996
  endloop
 endfacet

 facet normal -0.700821698 0.698478341 0.144833937
  outer loop
  vertex 0.0031359999 0.0125299999 0.0184519999
  vertex 0.00130400003 0.010369 0.0200089999
  vertex 0.00468999986 0.0121269999 0.0279150009
  endloop
 endfacet

 facet normal -0.7665447 0.612807512 0.19203189
  outer loop
  vertex 0.00130400003 0.010369 0.0200089999
  vertex 0.00301999995 0.00975100044 0.0288309995
  vertex 0.00468999986 0.0121269999 0.0279150009
  endloop
 endfacet

 facet normal -0.817129254 0.520580173 0.247580573
  outer loop
  vertex 0.00301999995 0.00975100044 0.0288309995
  vertex -0.0039710002 0.00162300002 0.0228480007
  vertex -3.99999999e-06 0.00496299984 0.0289179999
  endloop
 endfacet

 facet normal -0.86742723 0.213391423 0.449482203
  outer loop
  vertex -0.00429099984 0.00110999995 0.0224740002
  vertex -3.99999999e-06 0.00496299984 0.0289179999
  vertex -0.0039710002 0.00162300002 0.0228480007
  endloop
 endfacet

 facet normal -0.888847291 -0.0965194032 0.447922528
  outer loop
  vertex -0.00743700005 -0.00532899983 0.0175780002
  vertex -0.00311799999 -0.00929000042 0.0252950005
  vertex -0.0022799999 -0.00569299981 0.027733
  endloop
 endfacet

 facet normal -0.767339766 -0.00930724759 0.641173184
  outer loop
  vertex -0.001422 -0.000928000023 0.0288290009
  vertex -0.00218100008 -0.00138599996 0.0279140007
  vertex -0.0022799999 -0.00569299981 0.027733
  endloop
 endfacet

 facet normal -0.718699872 -0.0303673055 0.694656968
  outer loop
  vertex 0.000995000009 -0.00112599996 0.0313210003
  vertex -0.001422 -0.000928000023 0.0288290009
  vertex -0.0022799999 -0.00569299981 0.027733
  endloop
 endfacet

 facet normal -0.666781187 -0.101854764 0.738260508
  outer loop
  vertex 0.000995000009 -0.00112599996 0.0313210003
  vertex -0.0022799999 -0.00569299981 0.027733
  vertex 0.00205000001 -0.00778600015 0.031355001
  endloop
 endfacet

 facet normal -0.32430616 -0.151782468 0.933695734
  outer loop
  vertex 0.00309400004 -0.00791900046 0.0316959992
  vertex 0.00205000001 -0.00778600015 0.031355001
  vertex 0.00350399991 -0.011717 0.0312210005
  endloop
 endfacet

 facet normal -0.31535694 -0.0451159477 0.947900057
  outer loop
  vertex 0.00309400004 -0.00791900046 0.0316959992
  vertex 0.000995000009 -0.00112599996 0.0313210003
  vertex 0.00205000001 -0.00778600015 0.031355001
  endloop
 endfacet

 facet normal 0.0776223168 -0.00252430514 0.996979654
  outer loop
  vertex 0.00806799997 -0.0172940008 0.0312849991
  vertex 0.00362200011 0.0043680002 0.0316860005
  vertex 0.00309400004 -0.00791900046 0.0316959992
  endloop
 endfacet

 facet normal 0.0808170512 -0.00186392921 0.996727288
  outer loop
  vertex 0.00806799997 -0.0172940008 0.0312849991
  vertex 0.0187999997 0.0170249995 0.0304790009
  vertex 0.00362200011 0.0043680002 0.0316860005
  endloop
 endfacet

 facet normal 0.0787244365 -0.0012055838 0.99689573
  outer loop
  vertex 0.00806799997 -0.0172940008 0.0312849991
  vertex 0.0206940006 -0.0246779993 0.0302789994
  vertex 0.0187999997 0.0170249995 0.0304790009
  endloop
 endfacet

 facet normal -0.044091884 -0.208503991 0.977027118
  outer loop
  vertex 0.0206940006 -0.0246779993 0.0302789994
  vertex 0.00806799997 -0.0172940008 0.0312849991
  vertex 0.0187940001 -0.0248760004 0.0301510002
  endloop
 endfacet

 facet normal 0.656221032 -0.609499812 0.444841385
  outer loop
  vertex 0.0514600016 -0.0136000002 0.0266849995
  vertex 0.0454519987 -0.0191920009 0.0278859995
  vertex 0.046064999 -0.0193019994 0.0268309992
  endloop
 endfacet

 facet normal 0.68645215 -0.640686512 0.343953788
  outer loop
  vertex 0.0500460006 -0.0181959998 0.0209459998
  vertex 0.0514600016 -0.0136000002 0.0266849995
  vertex 0.046064999 -0.0193019994 0.0268309992
  endloop
 endfacet

 facet normal 0.59365499 -0.754888892 0.278776944
  outer loop
  vertex 0.0454940014 -0.0202229992 0.0255529992
  vertex 0.0469690003 -0.0201580003 0.0225879997
  vertex 0.046064999 -0.0193019994 0.0268309992
  endloop
 endfacet

 facet normal 0.479440302 -0.799464405 0.361930579
  outer loop
  vertex 0.046064999 -0.0193019994 0.0268309992
  vertex 0.0454519987 -0.0191920009 0.0278859995
  vertex 0.0454940014 -0.0202229992 0.0255529992
  endloop
 endfacet

 facet normal 0.520919085 -0.777258277 0.352864027
  outer loop
  vertex 0.0454940014 -0.0202229992 0.0255529992
  vertex 0.0454519987 -0.0191920009 0.0278859995
  vertex 0.0392180011 -0.023395 0.0278309993
  endloop
 endfacet

 facet normal 0.271866977 -0.414604545 0.868441999
  outer loop
  vertex 0.0392180011 -0.023395 0.0278309993
  vertex 0.0454519987 -0.0191920009 0.0278859995
  vertex 0.0317570008 -0.0253129993 0.0292509999
  endloop
 endfacet

 facet normal 0.286468089 -0.51731956 0.806422114
  outer loop
  vertex 0.0306480005 -0.0261359997 0.0291169994
  vertex 0.0392180011 -0.023395 0.0278309993
  vertex 0.0317570008 -0.0253129993 0.0292509999
  endloop
 endfacet

 facet normal 0.327214062 -0.758924246 0.562996507
  outer loop
  vertex 0.0306480005 -0.0261359997 0.0291169994
  vertex 0.0368999988 -0.0246140007 0.0275350008
  vertex 0.0392180011 -0.023395 0.0278309993
  endloop
 endfacet

 facet normal 0.292930275 -0.915032983 0.277320415
  outer loop
  vertex 0.0301290005 -0.0265539996 0.0282860007
  vertex 0.0368999988 -0.0246140007 0.0275350008
  vertex 0.0306480005 -0.0261359997 0.0291169994
  endloop
 endfacet

 facet normal 0.401072592 -0.847241282 0.348314613
  outer loop
  vertex 0.038573999 -0.0240599997 0.0269549992
  vertex 0.0392180011 -0.023395 0.0278309993
  vertex 0.0368999988 -0.0246140007 0.0275350008
  endloop
 endfacet

 facet normal 0.371948361 -0.205188081 0.905291319
  outer loop
  vertex 0.0506969988 -0.0109019997 0.0276100002
  vertex 0.0454519987 -0.0191920009 0.0278859995
  vertex 0.0514600016 -0.0136000002 0.0266849995
  endloop
 endfacet

 facet normal 0.456833094 -0.145061627 0.877644956
  outer loop
  vertex 0.0506969988 -0.0109019997 0.0276100002
  vertex 0.0526390001 -0.00946899969 0.0268360004
  vertex 0.0525689982 -0.00758400001 0.0271840002
  endloop
 endfacet

 facet normal 0.891340375 -0.129136309 0.434552759
  outer loop
  vertex 0.0605020002 -0.00369899999 0.0133269997
  vertex 0.0536720008 -0.00681999978 0.0264090002
  vertex 0.0586679988 -0.00792500004 0.0158329997
  endloop
 endfacet

 facet normal 0.95531261 -0.0809902176 0.284285843
  outer loop
  vertex 0.0605020002 -0.00369899999 0.0133269997
  vertex 0.0614079982 -0.00743900007 0.00921699964
  vertex 0.0610099994 -0.00327400002 0.0117410002
  endloop
 endfacet

 facet normal 0.977205217 -0.0336466879 0.209613651
  outer loop
  vertex 0.0625070035 -0.000769999984 0.00516400021
  vertex 0.0610099994 -0.00327400002 0.0117410002
  vertex 0.0614079982 -0.00743900007 0.00921699964
  endloop
 endfacet

 facet normal 0.985920429 -0.070254609 0.151740417
  outer loop
  vertex 0.0625820011 -0.0067090001 0.001927
  vertex 0.0625070035 -0.000769999984 0.00516400021
  vertex 0.0614079982 -0.00743900007 0.00921699964
  endloop
 endfacet

 facet normal 0.996578872 0.0736997575 0.0374022946
  outer loop
  vertex 0.0625070035 -0.000769999984 0.00516400021
  vertex 0.0630579963 -0.000935000018 -0.00919200014
  vertex 0.0624619983 -0.000165999998 0.00517300004
  endloop
 endfacet

 facet normal 0.998922288 0.0266042277 0.0380335264
  outer loop
  vertex 0.0630579963 -0.000935000018 -0.00919200014
  vertex 0.0625070035 -0.000769999984 0.00516400021
  vertex 0.0630170032 -0.00637800014 -0.00430800021
  endloop
 endfacet

 facet normal 0.999889135 0.00504325563 0.0140128983
  outer loop
  vertex 0.0630170032 -0.00637800014 -0.00430800021
  vertex 0.0632760003 -0.00723299989 -0.0224810001
  vertex 0.0630579963 -0.000935000018 -0.00919200014
  endloop
 endfacet

 facet normal 0.783043861 0.619653821 -0.0535857938
  outer loop
  vertex 0.0602650009 0.00589899998 -0.00909900013
  vertex 0.0592730008 0.00776500022 -0.00201699999
  vertex 0.0602729991 0.00668499991 0.000107
  endloop
 endfacet

 facet normal 0.49145326 0.867909908 -0.0721537992
  outer loop
  vertex 0.0575970002 0.0086009996 -0.00633100001
  vertex 0.0549120009 0.0111189997 0.00566900009
  vertex 0.0582580008 0.00831400044 -0.00528099993
  endloop
 endfacet

 facet normal 0.801586747 0.571604192 -0.17529209
  outer loop
  vertex 0.0605630018 0.00168099999 -0.0254340004
  vertex 0.0614969991 0.00107899995 -0.0231260005
  vertex 0.0595569983 -0.00268399995 -0.0442680009
  endloop
 endfacet

 facet normal 0.675339103 0.712635577 -0.189914748
  outer loop
  vertex 0.0605630018 0.00168099999 -0.0254340004
  vertex 0.0581940003 -0.00136500003 -0.0452880003
  vertex 0.0588629991 0.00292399991 -0.0268150009
  endloop
 endfacet

 facet normal 0.865717113 0.473031044 -0.163631991
  outer loop
  vertex 0.0595569983 -0.00268399995 -0.0442680009
  vertex 0.0614969991 0.00107899995 -0.0231260005
  vertex 0.0623980016 -0.00184399995 -0.0268089995
  endloop
 endfacet

 facet normal 0.770922184 0.586320877 -0.248811051
  outer loop
  vertex 0.0579520017 -0.00339099998 -0.0509070009
  vertex 0.0595569983 -0.00268399995 -0.0442680009
  vertex 0.0602370016 -0.00639500003 -0.0509059988
  endloop
 endfacet

 facet normal 0.607998252 0.775343597 -0.170823082
  outer loop
  vertex 0.0602650009 0.00589899998 -0.00909900013
  vertex 0.0575970002 0.0086009996 -0.00633100001
  vertex 0.0582580008 0.00831400044 -0.00528099993
  endloop
 endfacet

 facet normal 0.52526015 0.804998279 -0.27582556
  outer loop
  vertex 0.0581940003 -0.00136500003 -0.0452880003
  vertex 0.0569990017 -0.00250199996 -0.0508820005
  vertex 0.0567139983 2.90000007e-05 -0.0440380014
  endloop
 endfacet

 facet normal 0.517955959 0.809095263 -0.277644783
  outer loop
  vertex 0.0567139983 2.90000007e-05 -0.0440380014
  vertex 0.0569990017 -0.00250199996 -0.0508820005
  vertex 0.0559239984 1.99999995e-05 -0.0455380008
  endloop
 endfacet

 facet normal 0.494034469 0.845238864 -0.203718692
  outer loop
  vertex 0.0588629991 0.00292399991 -0.0268150009
  vertex 0.0567139983 2.90000007e-05 -0.0440380014
  vertex 0.0575970002 0.0086009996 -0.00633100001
  endloop
 endfacet

 facet normal 0.179785699 0.957486868 -0.225601405
  outer loop
  vertex 0.0550540015 0.00982499961 -0.00557499984
  vertex 0.0539439991 0.000661000027 -0.0453529991
  vertex 0.0298389997 0.0196560007 0.0160549991
  endloop
 endfacet

 facet normal 0.351592958 0.935583234 0.0326581784
  outer loop
  vertex 0.0503900014 0.0134349996 0.0119620003
  vertex 0.0465329997 0.0149029996 0.0114310002
  vertex 0.0348320007 0.0187519994 0.0271370001
  endloop
 endfacet

 facet normal 0.404919207 0.908558547 0.102770954
  outer loop
  vertex 0.0421390012 0.0157949999 0.0244890004
  vertex 0.0348320007 0.0187519994 0.0271370001
  vertex 0.0389339998 0.0168379992 0.0278960001
  endloop
 endfacet

 facet normal 0.298065901 0.487921774 0.820420146
  outer loop
  vertex 0.0334549993 0.0181319993 0.0291169994
  vertex 0.0389339998 0.0168379992 0.0278960001
  vertex 0.0324090011 0.0189239997 0.0290259998
  endloop
 endfacet

 facet normal 0.0465556495 0.696179807 0.716356277
  outer loop
  vertex 0.0324090011 0.0189239997 0.0290259998
  vertex 0.0208650008 0.0190929994 0.0296119992
  vertex 0.0203000009 0.018677 0.0300530009
  endloop
 endfacet

 facet normal 0.0415025018 0.810886502 0.583729982
  outer loop
  vertex 0.0324090011 0.0189239997 0.0290259998
  vertex 0.0282600001 0.0199570004 0.0278859995
  vertex 0.0208650008 0.0190929994 0.0296119992
  endloop
 endfacet

 facet normal 0.0274234619 0.841901422 0.538934171
  outer loop
  vertex 0.0222110003 0.0198090002 0.0284250006
  vertex 0.0208650008 0.0190929994 0.0296119992
  vertex 0.0282600001 0.0199570004 0.0278859995
  endloop
 endfacet

 facet normal 0.0781745464 0.215094298 0.973459363
  outer loop
  vertex 0.0324090011 0.0189239997 0.0290259998
  vertex 0.0203000009 0.018677 0.0300530009
  vertex 0.0334549993 0.0181319993 0.0291169994
  endloop
 endfacet

 facet normal 0.077302821 0.182560489 0.980150998
  outer loop
  vertex 0.0334549993 0.0181319993 0.0291169994
  vertex 0.0203000009 0.018677 0.0300530009
  vertex 0.0187999997 0.0170249995 0.0304790009
  endloop
 endfacet

 facet normal 0.627684176 0.593567669 0.503676534
  outer loop
  vertex 0.0453919992 0.0117830001 0.0279450007
  vertex 0.0457109995 0.0125139998 0.0266859997
  vertex 0.0438009985 0.0135519998 0.0278430004
  endloop
 endfacet

 facet normal 0.660292387 0.564657331 0.495152622
  outer loop
  vertex 0.0513460003 0.00644899998 0.0260879993
  vertex 0.0457109995 0.0125139998 0.0266859997
  vertex 0.0453919992 0.0117830001 0.0279450007
  endloop
 endfacet

 facet normal 0.647182882 0.532480359 0.545544744
  outer loop
  vertex 0.0513460003 0.00644899998 0.0260879993
  vertex 0.0453919992 0.0117830001 0.0279450007
  vertex 0.0514039993 0.0057310001 0.0267200004
  endloop
 endfacet

 facet normal 0.483714581 0.218603939 0.847486019
  outer loop
  vertex 0.0514039993 0.0057310001 0.0267200004
  vertex 0.0519720018 0.00199300004 0.0273599997
  vertex 0.0530119985 0.00128900004 0.0269479994
  endloop
 endfacet

 facet normal 0.624778748 -0.119254798 0.771641016
  outer loop
  vertex 0.0525689982 -0.00758400001 0.0271840002
  vertex 0.0526390001 -0.00946899969 0.0268360004
  vertex 0.0536720008 -0.00681999978 0.0264090002
  endloop
 endfacet

 facet normal 0.578208983 -0.00716823339 0.815857232
  outer loop
  vertex 0.0536720008 -0.00681999978 0.0264090002
  vertex 0.0530119985 0.00128900004 0.0269479994
  vertex 0.0525689982 -0.00758400001 0.0271840002
  endloop
 endfacet

 facet normal 0.371880144 0.0061227656 0.928260565
  outer loop
  vertex 0.0530119985 0.00128900004 0.0269479994
  vertex 0.0519720018 0.00199300004 0.0273599997
  vertex 0.0525689982 -0.00758400001 0.0271840002
  endloop
 endfacet

 facet normal 0.228078648 -0.00367518654 0.973635793
  outer loop
  vertex 0.0506969988 -0.0109019997 0.0276100002
  vertex 0.0525689982 -0.00758400001 0.0271840002
  vertex 0.0519720018 0.00199300004 0.0273599997
  endloop
 endfacet

 facet normal 0.586757421 -0.346874833 0.731705904
  outer loop
  vertex 0.0506969988 -0.0109019997 0.0276100002
  vertex 0.046089001 -0.0178740006 0.0280000009
  vertex 0.0454519987 -0.0191920009 0.0278859995
  endloop
 endfacet

 facet normal 0.092086114 -0.0076421923 0.995721757
  outer loop
  vertex 0.0317570008 -0.0253129993 0.0292509999
  vertex 0.0506969988 -0.0109019997 0.0276100002
  vertex 0.0206940006 -0.0246779993 0.0302789994
  endloop
 endfacet

 facet normal 0.0923038498 0.00313234422 0.995726049
  outer loop
  vertex 0.0506969988 -0.0109019997 0.0276100002
  vertex 0.0334549993 0.0181319993 0.0291169994
  vertex 0.0187999997 0.0170249995 0.0304790009
  endloop
 endfacet

 facet normal 0.0150303561 0.236854136 0.97142899
  outer loop
  vertex 0.0187999997 0.0170249995 0.0304790009
  vertex 0.0203000009 0.018677 0.0300530009
  vertex 0.0170479994 0.0174930003 0.0303920005
  endloop
 endfacet

 facet normal -0.129961282 0.307446569 0.942648828
  outer loop
  vertex 0.0170479994 0.0174930003 0.0303920005
  vertex 0.0156399999 0.0176950004 0.0301319994
  vertex 0.0056739999 0.0100360001 0.0312560014
  endloop
 endfacet

 facet normal -0.105633929 0.271945059 0.956497431
  outer loop
  vertex 0.0170479994 0.0174930003 0.0303920005
  vertex 0.0056739999 0.0100360001 0.0312560014
  vertex 0.00668200012 0.00990699977 0.0314039998
  endloop
 endfacet

 facet normal -0.207471609 0.400916934 0.892312229
  outer loop
  vertex 0.0102279996 0.0149699999 0.0300980005
  vertex 0.0056739999 0.0100360001 0.0312560014
  vertex 0.0156399999 0.0176950004 0.0301319994
  endloop
 endfacet

 facet normal -0.0101624047 0.1458565 0.98925364
  outer loop
  vertex 0.0187999997 0.0170249995 0.0304790009
  vertex 0.0170479994 0.0174930003 0.0303920005
  vertex 0.00668200012 0.00990699977 0.0314039998
  endloop
 endfacet

 facet normal -0.128972173 0.121357366 0.984194398
  outer loop
  vertex 0.00362200011 0.0043680002 0.0316860005
  vertex 0.00668200012 0.00990699977 0.0314039998
  vertex 0.0056739999 0.0100360001 0.0312560014
  endloop
 endfacet

 facet normal -0.255706459 0.164842159 0.952597082
  outer loop
  vertex 0.00282400008 0.00540699996 0.0312919989
  vertex 0.00362200011 0.0043680002 0.0316860005
  vertex 0.0056739999 0.0100360001 0.0312560014
  endloop
 endfacet

 facet normal -0.626958132 0.391246796 0.673683584
  outer loop
  vertex 0.00282400008 0.00540699996 0.0312919989
  vertex 0.0056739999 0.0100360001 0.0312560014
  vertex -3.99999999e-06 0.00496299984 0.0289179999
  endloop
 endfacet

 facet normal -0.637707829 0.414559215 0.649206698
  outer loop
  vertex 0.00301999995 0.00975100044 0.0288309995
  vertex -3.99999999e-06 0.00496299984 0.0289179999
  vertex 0.0056739999 0.0100360001 0.0312560014
  endloop
 endfacet

 facet normal -0.702414215 0.158592612 0.693875074
  outer loop
  vertex 0.000995000009 -0.00112599996 0.0313210003
  vertex -3.99999999e-06 0.00496299984 0.0289179999
  vertex -0.001422 -0.000928000023 0.0288290009
  endloop
 endfacet

 facet normal -0.799804389 0.183885306 0.57140106
  outer loop
  vertex -0.001422 -0.000928000023 0.0288290009
  vertex -3.99999999e-06 0.00496299984 0.0289179999
  vertex -0.00218100008 -0.00138599996 0.0279140007
  endloop
 endfacet

 facet normal -0.867994487 0.227854431 0.441211909
  outer loop
  vertex -0.00218100008 -0.00138599996 0.0279140007
  vertex -3.99999999e-06 0.00496299984 0.0289179999
  vertex -0.00429099984 0.00110999995 0.0224740002
  endloop
 endfacet

 facet normal -0.152714685 0.00736668799 0.988242865
  outer loop
  vertex 0.000995000009 -0.00112599996 0.0313210003
  vertex 0.00309400004 -0.00791900046 0.0316959992
  vertex 0.00362200011 0.0043680002 0.0316860005
  endloop
 endfacet

 facet normal 0.0685632676 0.0129102729 0.997563303
  outer loop
  vertex 0.00668200012 0.00990699977 0.0314039998
  vertex 0.00362200011 0.0043680002 0.0316860005
  vertex 0.0187999997 0.0170249995 0.0304790009
  endloop
 endfacet

 facet normal -0.648731828 0.184898183 0.738213897
  outer loop
  vertex -3.99999999e-06 0.00496299984 0.0289179999
  vertex 0.000995000009 -0.00112599996 0.0313210003
  vertex 0.00282400008 0.00540699996 0.0312919989
  endloop
 endfacet

 facet normal 0.102109358 0.0091891028 0.994730711
  outer loop
  vertex 0.0519720018 0.00199300004 0.0273599997
  vertex 0.0453919992 0.0117830001 0.0279450007
  vertex 0.0506969988 -0.0109019997 0.0276100002
  endloop
 endfacet

 facet normal 0.831187308 0.404333681 0.381630719
  outer loop
  vertex 0.0577920005 0.00653799996 0.0119519997
  vertex 0.0514039993 0.0057310001 0.0267200004
  vertex 0.0591370016 0.00320299994 0.0125559997
  endloop
 endfacet

 facet normal 0.915166557 0.276637495 0.293158591
  outer loop
  vertex 0.0603739992 -0.000307000009 0.0125749996
  vertex 0.0614840016 0.00237499992 0.00657900004
  vertex 0.0608550012 0.00310999993 0.00784900039
  endloop
 endfacet

 facet normal 0.939355314 0.212683976 0.269030213
  outer loop
  vertex 0.0603739992 -0.000307000009 0.0125749996
  vertex 0.0624619983 -0.000165999998 0.00517300004
  vertex 0.0614840016 0.00237499992 0.00657900004
  endloop
 endfacet

 facet normal 0.966831505 0.068373628 0.24609372
  outer loop
  vertex 0.0625070035 -0.000769999984 0.00516400021
  vertex 0.0624619983 -0.000165999998 0.00517300004
  vertex 0.0610099994 -0.00327400002 0.0117410002
  endloop
 endfacet

 facet normal 0.95386517 0.128148556 0.271512926
  outer loop
  vertex 0.0610099994 -0.00327400002 0.0117410002
  vertex 0.0624619983 -0.000165999998 0.00517300004
  vertex 0.0603739992 -0.000307000009 0.0125749996
  endloop
 endfacet

 facet normal 0.937916696 0.1084373 0.329474777
  outer loop
  vertex 0.0603739992 -0.000307000009 0.0125749996
  vertex 0.0605020002 -0.00369899999 0.0133269997
  vertex 0.0610099994 -0.00327400002 0.0117410002
  endloop
 endfacet

 facet normal 0.946204603 0.306019455 0.105113491
  outer loop
  vertex 0.0614840016 0.00237499992 0.00657900004
  vertex 0.0624619983 -0.000165999998 0.00517300004
  vertex 0.0620880015 0.00296199997 -0.00056700001
  endloop
 endfacet

 facet normal 0.967234373 0.253816277 -0.0059025595
  outer loop
  vertex 0.0620880015 0.00296199997 -0.00056700001
  vertex 0.0630579963 -0.000935000018 -0.00919200014
  vertex 0.0621000007 0.00270300009 -0.00973800011
  endloop
 endfacet

 facet normal 0.937068999 0.349037766 -0.0086311968
  outer loop
  vertex 0.0620880015 0.00296199997 -0.00056700001
  vertex 0.0621000007 0.00270300009 -0.00973800011
  vertex 0.0616360009 0.00396100013 -0.00924099982
  endloop
 endfacet

 facet normal 0.89912045 0.437687099 0.00355619169
  outer loop
  vertex 0.0602729991 0.00668499991 0.000107
  vertex 0.0620880015 0.00296199997 -0.00056700001
  vertex 0.0616360009 0.00396100013 -0.00924099982
  endloop
 endfacet

 facet normal 0.761725366 0.639206171 0.105783254
  outer loop
  vertex 0.056814 0.00946899969 0.00819199998
  vertex 0.0594829991 0.00674699992 0.00542100007
  vertex 0.0602729991 0.00668499991 0.000107
  endloop
 endfacet

 facet normal 0.508216202 0.843072772 0.175911263
  outer loop
  vertex 0.0503900014 0.0134349996 0.0119620003
  vertex 0.0421390012 0.0157949999 0.0244890004
  vertex 0.0537489988 0.0113679999 0.0121640004
  endloop
 endfacet

 facet normal 0.495263547 0.843559384 0.207657367
  outer loop
  vertex 0.0389339998 0.0168379992 0.0278960001
  vertex 0.0411540009 0.0156220002 0.0275410004
  vertex 0.0421390012 0.0157949999 0.0244890004
  endloop
 endfacet

 facet normal 0.539864957 0.812416017 0.220286667
  outer loop
  vertex 0.0411540009 0.0156220002 0.0275410004
  vertex 0.0537130013 0.0111760003 0.0131590003
  vertex 0.0421390012 0.0157949999 0.0244890004
  endloop
 endfacet

 facet normal 0.664819241 0.72863239 0.164652243
  outer loop
  vertex 0.0537130013 0.0111760003 0.0131590003
  vertex 0.056814 0.00946899969 0.00819199998
  vertex 0.0537489988 0.0113679999 0.0121640004
  endloop
 endfacet

 facet normal 0.719366729 0.657850921 0.223032653
  outer loop
  vertex 0.0537130013 0.0111760003 0.0131590003
  vertex 0.0554100014 0.00914299954 0.0136820003
  vertex 0.056814 0.00946899969 0.00819199998
  endloop
 endfacet

 facet normal 0.579982996 0.769642293 0.266965657
  outer loop
  vertex 0.0457109995 0.0125139998 0.0266859997
  vertex 0.0537130013 0.0111760003 0.0131590003
  vertex 0.0438009985 0.0135519998 0.0278430004
  endloop
 endfacet

 facet normal 0.790059388 0.565927446 0.235652924
  outer loop
  vertex 0.056814 0.00946899969 0.00819199998
  vertex 0.0554100014 0.00914299954 0.0136820003
  vertex 0.0577920005 0.00653799996 0.0119519997
  endloop
 endfacet

 facet normal 0.794966936 0.484147877 0.365552247
  outer loop
  vertex 0.0554100014 0.00914299954 0.0136820003
  vertex 0.0513460003 0.00644899998 0.0260879993
  vertex 0.0577920005 0.00653799996 0.0119519997
  endloop
 endfacet

 facet normal 0.59422034 0.800731778 0.0757039413
  outer loop
  vertex 0.0549120009 0.0111189997 0.00566900009
  vertex 0.0537489988 0.0113679999 0.0121640004
  vertex 0.056814 0.00946899969 0.00819199998
  endloop
 endfacet

 facet normal 0.628727078 0.776878476 0.0340908393
  outer loop
  vertex 0.056814 0.00946899969 0.00819199998
  vertex 0.0581929982 0.00876200013 -0.00112899998
  vertex 0.0549120009 0.0111189997 0.00566900009
  endloop
 endfacet

 facet normal 0.694607913 0.718371153 0.0382459387
  outer loop
  vertex 0.0592730008 0.00776500022 -0.00201699999
  vertex 0.0581929982 0.00876200013 -0.00112899998
  vertex 0.0602729991 0.00668499991 0.000107
  endloop
 endfacet

 facet normal 0.364157856 0.927910268 -0.0798217431
  outer loop
  vertex 0.0549120009 0.0111189997 0.00566900009
  vertex 0.0465329997 0.0149029996 0.0114310002
  vertex 0.0503900014 0.0134349996 0.0119620003
  endloop
 endfacet

 facet normal 0.40742439 0.907821059 -0.0993299484
  outer loop
  vertex 0.0549120009 0.0111189997 0.00566900009
  vertex 0.0575970002 0.0086009996 -0.00633100001
  vertex 0.0550540015 0.00982499961 -0.00557499984
  endloop
 endfacet

 facet normal 0.349860013 0.931150913 -0.102741793
  outer loop
  vertex 0.0465329997 0.0149029996 0.0114310002
  vertex 0.0549120009 0.0111189997 0.00566900009
  vertex 0.0550540015 0.00982499961 -0.00557499984
  endloop
 endfacet

 facet normal 0.834231079 0.500231564 0.232006133
  outer loop
  vertex 0.060366001 0.0054080002 0.0051330002
  vertex 0.0594829991 0.00674699992 0.00542100007
  vertex 0.0577920005 0.00653799996 0.0119519997
  endloop
 endfacet

 facet normal 0.886146486 0.420000613 0.195815757
  outer loop
  vertex 0.0608550012 0.00310999993 0.00784900039
  vertex 0.0614840016 0.00237499992 0.00657900004
  vertex 0.060366001 0.0054080002 0.0051330002
  endloop
 endfacet

 facet normal 0.862157047 0.403254837 0.306709826
  outer loop
  vertex 0.0591370016 0.00320299994 0.0125559997
  vertex 0.0608550012 0.00310999993 0.00784900039
  vertex 0.0577920005 0.00653799996 0.0119519997
  endloop
 endfacet

 facet normal 0.89309752 0.316476911 0.319717228
  outer loop
  vertex 0.0603739992 -0.000307000009 0.0125749996
  vertex 0.0608550012 0.00310999993 0.00784900039
  vertex 0.0591370016 0.00320299994 0.0125559997
  endloop
 endfacet

 facet normal 0.90153569 0.423068345 0.0908104852
  outer loop
  vertex 0.0620880015 0.00296199997 -0.00056700001
  vertex 0.0602729991 0.00668499991 0.000107
  vertex 0.060366001 0.0054080002 0.0051330002
  endloop
 endfacet

 facet normal 0.821017206 0.32142505 0.471822888
  outer loop
  vertex 0.0535920002 0.000951000024 0.0261690002
  vertex 0.0514039993 0.0057310001 0.0267200004
  vertex 0.0530119985 0.00128900004 0.0269479994
  endloop
 endfacet

 facet normal 0.967670798 0.24763225 -0.0478718802
  outer loop
  vertex 0.0621000007 0.00270300009 -0.00973800011
  vertex 0.0630579963 -0.000935000018 -0.00919200014
  vertex 0.0625789985 -0.00239700009 -0.0264369994
  endloop
 endfacet

 facet normal 0.0747347325 -0.25756079 0.963367641
  outer loop
  vertex 0.0317570008 -0.0253129993 0.0292509999
  vertex 0.0206940006 -0.0246779993 0.0302789994
  vertex 0.0306480005 -0.0261359997 0.0291169994
  endloop
 endfacet

 facet normal 0.0073870956 -0.591910481 0.805969894
  outer loop
  vertex 0.0187940001 -0.0248760004 0.0301510002
  vertex 0.0306480005 -0.0261359997 0.0291169994
  vertex 0.0206940006 -0.0246779993 0.0302789994
  endloop
 endfacet

 facet normal -0.00648230407 -0.670097768 0.742244601
  outer loop
  vertex 0.0187940001 -0.0248760004 0.0301510002
  vertex 0.021373 -0.0260639992 0.0291009992
  vertex 0.0306480005 -0.0261359997 0.0291169994
  endloop
 endfacet

 facet normal -0.0214915127 -0.941842437 0.335366905
  outer loop
  vertex 0.021373 -0.0260639992 0.0291009992
  vertex 0.0218899995 -0.0264129993 0.0281540006
  vertex 0.0301290005 -0.0265539996 0.0282860007
  endloop
 endfacet

 facet normal -0.00770146726 -0.891383767 0.453184098
  outer loop
  vertex 0.0306480005 -0.0261359997 0.0291169994
  vertex 0.021373 -0.0260639992 0.0291009992
  vertex 0.0301290005 -0.0265539996 0.0282860007
  endloop
 endfacet

 facet normal -0.124483459 -0.31673947 0.940308511
  outer loop
  vertex 0.00806799997 -0.0172940008 0.0312849991
  vertex 0.0148409996 -0.0236460008 0.0300420001
  vertex 0.0187940001 -0.0248760004 0.0301510002
  endloop
 endfacet

 facet normal -0.91048646 0.15260081 0.384353399
  outer loop
  vertex -0.00743700005 -0.00532899983 0.0175780002
  vertex -0.00429099984 0.00110999995 0.0224740002
  vertex -0.00850300025 -0.00518599991 0.0149959996
  endloop
 endfacet

 facet normal 0.191277519 0.930704296 -0.311773032
  outer loop
  vertex 0.054699 -0.00135200005 -0.050898999
  vertex 0.0512409993 -0.000645000022 -0.0509099998
  vertex 0.0539439991 0.000661000027 -0.0453529991
  endloop
 endfacet

 facet normal 0.0758520886 0.356509984 -0.931207359
  outer loop
  vertex 0.054699 -0.00135200005 -0.050898999
  vertex 0.0198289994 -0.00259699998 -0.0542160012
  vertex 0.0512409993 -0.000645000022 -0.0509099998
  endloop
 endfacet

 facet normal 0.993311584 0.106316313 -0.0450440571
  outer loop
  vertex 0.0628790036 -0.00967399962 -0.0369970016
  vertex 0.0625789985 -0.00239700009 -0.0264369994
  vertex 0.0632760003 -0.00723299989 -0.0224810001
  endloop
 endfacet

 facet normal 0.349638462 -0.928928435 0.121840321
  outer loop
  vertex 0.038573999 -0.0240599997 0.0269549992
  vertex 0.0368999988 -0.0246140007 0.0275350008
  vertex 0.0549720004 -0.0281000007 -0.0509029999
  endloop
 endfacet

 facet normal 0.363987654 -0.923037708 0.124556802
  outer loop
  vertex 0.0568690002 -0.0273509994 -0.0508960001
  vertex 0.038573999 -0.0240599997 0.0269549992
  vertex 0.0549720004 -0.0281000007 -0.0509029999
  endloop
 endfacet

 facet normal -0.653849602 -0.475640804 0.588427305
  outer loop
  vertex -0.00315100001 -0.0124650002 0.0234040003
  vertex 0.00687000016 -0.0169510003 0.0309130009
  vertex 0.00613899995 -0.0155490004 0.0312339999
  endloop
 endfacet

 facet normal -0.902155817 0.410988271 0.131162539
  outer loop
  vertex -0.0179890003 -0.00367500004 -0.0361960009
  vertex -0.0140110003 -0.00129699998 -0.0162860006
  vertex -0.0119890003 0.00322699989 -0.0165539999
  endloop
 endfacet

 facet normal -0.924154639 0.354525924 0.142301545
  outer loop
  vertex -0.0140110003 -0.00129699998 -0.0162860006
  vertex -0.0179890003 -0.00367500004 -0.0361960009
  vertex -0.01908 -0.00665100012 -0.0358670019
  endloop
 endfacet

 facet normal -0.973855495 0.145833448 0.174178198
  outer loop
  vertex -0.0196470004 -0.0107260002 -0.0343029983
  vertex -0.0145119997 -0.00961699989 -0.00652100006
  vertex -0.0128819998 -0.00832999963 0.00151500001
  endloop
 endfacet

 facet normal -0.982800484 0.0412397832 0.180006713
  outer loop
  vertex -0.0196150001 -0.0118009998 -0.0338819996
  vertex -0.0145119997 -0.00961699989 -0.00652100006
  vertex -0.0196470004 -0.0107260002 -0.0343029983
  endloop
 endfacet

 facet normal -0.992975652 -0.0954372585 0.0699371174
  outer loop
  vertex -0.0196150001 -0.0118009998 -0.0338819996
  vertex -0.0200999994 -0.0188740008 -0.0504200011
  vertex -0.0196739994 -0.0212309994 -0.0475879982
  endloop
 endfacet

 facet normal -0.910564423 -0.370263785 0.183785662
  outer loop
  vertex -0.0189040005 -0.0248819999 -0.0489539988
  vertex -0.0170469992 -0.0199330002 -0.0297829993
  vertex -0.0188979991 -0.0159220006 -0.0308730006
  endloop
 endfacet

 facet normal -0.872256279 -0.400289237 0.280958384
  outer loop
  vertex -0.0124199996 -0.0140239997 -0.00124100002
  vertex -0.0109219998 -0.0119960001 0.00629899977
  vertex -0.0126679996 -0.0137839997 -0.00166900002
  endloop
 endfacet

 facet normal -0.933507562 -0.24694097 0.259969175
  outer loop
  vertex -0.0126679996 -0.0137839997 -0.00166900002
  vertex -0.0109219998 -0.0119960001 0.00629899977
  vertex -0.0126200002 -0.00934700016 0.00271799997
  endloop
 endfacet

 facet normal -0.945970595 0.276566625 0.169265449
  outer loop
  vertex -0.0140110003 -0.00129699998 -0.0162860006
  vertex -0.01908 -0.00665100012 -0.0358670019
  vertex -0.0128819998 -0.00832999963 0.00151500001
  endloop
 endfacet

 facet normal -0.225802928 0.965876281 -0.126870438
  outer loop
  vertex -0.00365799991 0.00929799955 -0.0167960003
  vertex 0.0197909996 0.0202610008 0.0249320008
  vertex 0.000797000015 0.0103190001 -0.0169520006
  endloop
 endfacet

 facet normal -0.811384082 0.477965653 -0.336459249
  outer loop
  vertex -0.0183329992 -0.0104259998 -0.0542160012
  vertex -0.0176880006 -0.00726500014 -0.0512810014
  vertex -0.0155640002 -0.00572399981 -0.0542140007
  endloop
 endfacet

 facet normal 0.118663922 -0.178116694 -0.976828218
  outer loop
  vertex 0.0568690002 -0.0273509994 -0.0508960001
  vertex 0.0198439993 -0.0338210016 -0.0542140007
  vertex 0.0596829988 -0.0253940001 -0.0509110019
  endloop
 endfacet

 facet normal 0.992931485 0.112729967 -0.0371367522
  outer loop
  vertex 0.0625789985 -0.00239700009 -0.0264369994
  vertex 0.0630579963 -0.000935000018 -0.00919200014
  vertex 0.0632760003 -0.00723299989 -0.0224810001
  endloop
 endfacet

 facet normal 0.984005153 0.175344095 0.0314392969
  outer loop
  vertex 0.0620880015 0.00296199997 -0.00056700001
  vertex 0.0624619983 -0.000165999998 0.00517300004
  vertex 0.0630579963 -0.000935000018 -0.00919200014
  endloop
 endfacet

 facet normal 0.998884737 -0.00327930879 -0.0471017323
  outer loop
  vertex 0.0630320013 -0.0130979996 -0.0335140005
  vertex 0.0622069985 -0.0145889996 -0.0509059988
  vertex 0.0628790036 -0.00967399962 -0.0369970016
  endloop
 endfacet

 facet normal 0.923798025 0.373685002 -0.0834077299
  outer loop
  vertex 0.0616360009 0.00396100013 -0.00924099982
  vertex 0.0621000007 0.00270300009 -0.00973800011
  vertex 0.0623980016 -0.00184399995 -0.0268089995
  endloop
 endfacet

 facet normal 0.977716148 -0.201904878 0.0574944839
  outer loop
  vertex 0.0625820011 -0.0067090001 0.001927
  vertex 0.0621390007 -0.0147160003 -0.0186579991
  vertex 0.0630170032 -0.00637800014 -0.00430800021
  endloop
 endfacet

 facet normal 0.972739339 -0.222433537 0.0655866712
  outer loop
  vertex 0.0617740005 -0.0117180003 -0.00307699991
  vertex 0.0621390007 -0.0147160003 -0.0186579991
  vertex 0.0625820011 -0.0067090001 0.001927
  endloop
 endfacet

 facet normal 0.996398568 -0.0742798746 -0.040896982
  outer loop
  vertex 0.0617239997 -0.0210679993 -0.0509059988
  vertex 0.0622069985 -0.0145889996 -0.0509059988
  vertex 0.0630320013 -0.0130979996 -0.0335140005
  endloop
 endfacet

 facet normal 0.937378645 0.317168057 -0.143964276
  outer loop
  vertex 0.0618660003 -0.0112039996 -0.0508939996
  vertex 0.0602370016 -0.00639500003 -0.0509059988
  vertex 0.0623980016 -0.00184399995 -0.0268089995
  endloop
 endfacet

 facet normal -0.297338665 -0.9308483 0.212394089
  outer loop
  vertex 0.0147169996 -0.0239889994 0.0288769994
  vertex 0.0198309999 -0.0265430007 0.0248429999
  vertex 0.021373 -0.0260639992 0.0291009992
  endloop
 endfacet

 facet normal 0.875522852 0.454373598 -0.164329976
  outer loop
  vertex 0.0602370016 -0.00639500003 -0.0509059988
  vertex 0.0595569983 -0.00268399995 -0.0442680009
  vertex 0.0623980016 -0.00184399995 -0.0268089995
  endloop
 endfacet

 facet normal -1.51355935e-05 -0.0023938166 -0.999997199
  outer loop
  vertex 0.0198439993 -0.0338210016 -0.0542140007
  vertex 0.0140519999 -0.0342030004 -0.0542129986
  vertex 0.00513500022 -0.0337279998 -0.0542140007
  endloop
 endfacet

 facet normal 1.78165465e-05 0.002817831 -0.999996066
  outer loop
  vertex 0.0198439993 -0.0338210016 -0.0542140007
  vertex 0.00513500022 -0.0337279998 -0.0542140007
  vertex -0.00765899988 -0.0311629996 -0.0542070009
  endloop
 endfacet

 facet normal -0.000818871427 -0.00583962072 -0.999982595
  outer loop
  vertex 0.0198439993 -0.0338210016 -0.0542140007
  vertex -0.00765899988 -0.0311629996 -0.0542070009
  vertex -0.0170850009 -0.0283000004 -0.0542160012
  endloop
 endfacet

 facet normal 0.000295622129 0.0016150244 -0.999998689
  outer loop
  vertex 0.0198439993 -0.0338210016 -0.0542140007
  vertex -0.0170850009 -0.0283000004 -0.0542160012
  vertex -0.0195780005 -0.0228889994 -0.0542079993
  endloop
 endfacet

 facet normal -0.00177064061 -0.0058361548 -0.999981463
  outer loop
  vertex 0.0198439993 -0.0338210016 -0.0542140007
  vertex -0.0195780005 -0.0228889994 -0.0542079993
  vertex -0.0196659993 -0.0218339991 -0.0542140007
  endloop
 endfacet

 facet normal -5.13806008e-05 -0.00016935404 -1
  outer loop
  vertex 0.0198439993 -0.0338210016 -0.0542140007
  vertex -0.0196659993 -0.0218339991 -0.0542140007
  vertex -0.0183329992 -0.0104259998 -0.0542160012
  endloop
 endfacet

 facet normal 0.000230086138 0.000289955817 -0.99999994
  outer loop
  vertex 0.0198439993 -0.0338210016 -0.0542140007
  vertex -0.0183329992 -0.0104259998 -0.0542160012
  vertex -0.0155640002 -0.00572399981 -0.0542140007
  endloop
 endfacet

 facet normal -0.000333012053 -0.000419663615 -0.999999881
  outer loop
  vertex 0.0198439993 -0.0338210016 -0.0542140007
  vertex -0.0155640002 -0.00572399981 -0.0542140007
  vertex -0.0102019999 -0.00283299992 -0.0542169996
  endloop
 endfacet

 facet normal 3.3748267e-05 -6.4052474e-05 -1
  outer loop
  vertex 0.0198439993 -0.0338210016 -0.0542140007
  vertex -0.0102019999 -0.00283299992 -0.0542169996
  vertex 0.0198289994 -0.00259699998 -0.0542160012
  endloop
 endfacet

 facet normal 0.813607812 0.579246283 -0.0501623899
  outer loop
  vertex 0.0602650009 0.00589899998 -0.00909900013
  vertex 0.0602729991 0.00668499991 0.000107
  vertex 0.0616360009 0.00396100013 -0.00924099982
  endloop
 endfacet

 facet normal 0.9146294 0.389243811 0.109281026
  outer loop
  vertex 0.060366001 0.0054080002 0.0051330002
  vertex 0.0614840016 0.00237499992 0.00657900004
  vertex 0.0620880015 0.00296199997 -0.00056700001
  endloop
 endfacet

 facet normal 0.669509947 0.722078145 -0.174240023
  outer loop
  vertex 0.0588629991 0.00292399991 -0.0268150009
  vertex 0.0602650009 0.00589899998 -0.00909900013
  vertex 0.0605630018 0.00168099999 -0.0254340004
  endloop
 endfacet

 facet normal 0.751764953 0.632440686 -0.186730444
  outer loop
  vertex 0.0581940003 -0.00136500003 -0.0452880003
  vertex 0.0605630018 0.00168099999 -0.0254340004
  vertex 0.0595569983 -0.00268399995 -0.0442680009
  endloop
 endfacet

 facet normal 0.650417566 0.70517987 -0.282273471
  outer loop
  vertex 0.0569990017 -0.00250199996 -0.0508820005
  vertex 0.0581940003 -0.00136500003 -0.0452880003
  vertex 0.0579520017 -0.00339099998 -0.0509070009
  endloop
 endfacet

 facet normal 0.840461135 0.528693736 0.118777804
  outer loop
  vertex 0.060366001 0.0054080002 0.0051330002
  vertex 0.0602729991 0.00668499991 0.000107
  vertex 0.0594829991 0.00674699992 0.00542100007
  endloop
 endfacet

 facet normal 0.976228356 -0.164864212 0.14070563
  outer loop
  vertex 0.0614079982 -0.00743900007 0.00921699964
  vertex 0.0613990016 -0.00815199967 0.00844400004
  vertex 0.0625820011 -0.0067090001 0.001927
  endloop
 endfacet

 facet normal 0.179944456 -0.980454862 0.0795513764
  outer loop
  vertex 0.0296349991 -0.0268280003 0.0270520002
  vertex 0.0352820009 -0.0321159996 -0.0508950017
  vertex 0.0514190011 -0.0291549992 -0.0509029999
  endloop
 endfacet

 facet normal 0.763118863 0.596764326 -0.248036698
  outer loop
  vertex 0.0579520017 -0.00339099998 -0.0509070009
  vertex 0.0581940003 -0.00136500003 -0.0452880003
  vertex 0.0595569983 -0.00268399995 -0.0442680009
  endloop
 endfacet

 facet normal 0.0816900432 0.960642517 -0.265504599
  outer loop
  vertex 0.0292460006 0.0195780005 0.0154929999
  vertex 0.0539439991 0.000661000027 -0.0453529991
  vertex 0.0512409993 -0.000645000022 -0.0509099998
  endloop
 endfacet

 facet normal 0.691481292 0.720822632 0.0476268865
  outer loop
  vertex 0.056814 0.00946899969 0.00819199998
  vertex 0.0602729991 0.00668499991 0.000107
  vertex 0.0581929982 0.00876200013 -0.00112899998
  endloop
 endfacet

 facet normal 0.915273368 -0.389784485 0.101698898
  outer loop
  vertex 0.0618240014 -0.0155859999 -0.018352
  vertex 0.0617740005 -0.0117180003 -0.00307699991
  vertex 0.0604569986 -0.0159220006 -0.00733700022
  endloop
 endfacet

 facet normal 0.573819816 0.792939961 -0.204883009
  outer loop
  vertex 0.0588629991 0.00292399991 -0.0268150009
  vertex 0.0581940003 -0.00136500003 -0.0452880003
  vertex 0.0567139983 2.90000007e-05 -0.0440380014
  endloop
 endfacet

 facet normal 0.602706254 0.777786195 -0.178308263
  outer loop
  vertex 0.0575970002 0.0086009996 -0.00633100001
  vertex 0.0602650009 0.00589899998 -0.00909900013
  vertex 0.0588629991 0.00292399991 -0.0268150009
  endloop
 endfacet

 facet normal 0.688431144 0.719302535 -0.0930944607
  outer loop
  vertex 0.0582580008 0.00831400044 -0.00528099993
  vertex 0.0592730008 0.00776500022 -0.00201699999
  vertex 0.0602650009 0.00589899998 -0.00909900013
  endloop
 endfacet

 facet normal 0.643885911 0.761716008 -0.072108455
  outer loop
  vertex 0.0582580008 0.00831400044 -0.00528099993
  vertex 0.0581929982 0.00876200013 -0.00112899998
  vertex 0.0592730008 0.00776500022 -0.00201699999
  endloop
 endfacet

 facet normal 0.453529805 0.886827409 -0.0885881037
  outer loop
  vertex 0.0582580008 0.00831400044 -0.00528099993
  vertex 0.0549120009 0.0111189997 0.00566900009
  vertex 0.0581929982 0.00876200013 -0.00112899998
  endloop
 endfacet

 facet normal 0.800350428 0.555706978 0.225009069
  outer loop
  vertex 0.056814 0.00946899969 0.00819199998
  vertex 0.0577920005 0.00653799996 0.0119519997
  vertex 0.0594829991 0.00674699992 0.00542100007
  endloop
 endfacet

 facet normal 0.849564075 0.468119383 0.243115395
  outer loop
  vertex 0.0577920005 0.00653799996 0.0119519997
  vertex 0.0608550012 0.00310999993 0.00784900039
  vertex 0.060366001 0.0054080002 0.0051330002
  endloop
 endfacet

 facet normal 0.479562372 -0.864721954 0.149251699
  outer loop
  vertex 0.038573999 -0.0240599997 0.0269549992
  vertex 0.0568690002 -0.0273509994 -0.0508960001
  vertex 0.0469690003 -0.0201580003 0.0225879997
  endloop
 endfacet

 facet normal 0.913426399 -0.179920346 0.365076572
  outer loop
  vertex 0.0586679988 -0.00792500004 0.0158329997
  vertex 0.0614079982 -0.00743900007 0.00921699964
  vertex 0.0605020002 -0.00369899999 0.0133269997
  endloop
 endfacet

 facet normal 0.858063638 -0.441398114 0.262477815
  outer loop
  vertex 0.0581550002 -0.0114010004 0.0136879999
  vertex 0.0587279983 -0.0136789996 0.00798400026
  vertex 0.0611770004 -0.010032 0.0061110002
  endloop
 endfacet

 facet normal -0.0529433042 -0.993676364 0.0990167111
  outer loop
  vertex 0.0218899995 -0.0264129993 0.0281540006
  vertex 0.00513500022 -0.0337279998 -0.0542140007
  vertex 0.0140519999 -0.0342030004 -0.0542129986
  endloop
 endfacet

 facet normal 0.371403456 0.903566241 -0.213606238
  outer loop
  vertex 0.0559239984 1.99999995e-05 -0.0455380008
  vertex 0.0550540015 0.00982499961 -0.00557499984
  vertex 0.0575970002 0.0086009996 -0.00633100001
  endloop
 endfacet

 facet normal 0.224892855 0.95879215 -0.173611298
  outer loop
  vertex 0.0298389997 0.0196560007 0.0160549991
  vertex 0.0465329997 0.0149029996 0.0114310002
  vertex 0.0550540015 0.00982499961 -0.00557499984
  endloop
 endfacet

 facet normal 0.520478547 0.851725519 0.0605447069
  outer loop
  vertex 0.0537489988 0.0113679999 0.0121640004
  vertex 0.0549120009 0.0111189997 0.00566900009
  vertex 0.0503900014 0.0134349996 0.0119620003
  endloop
 endfacet

 facet normal 0.849050403 0.342252195 0.402463615
  outer loop
  vertex 0.0514039993 0.0057310001 0.0267200004
  vertex 0.0535920002 0.000951000024 0.0261690002
  vertex 0.0591370016 0.00320299994 0.0125559997
  endloop
 endfacet

 facet normal 0.862842917 0.306260675 0.402127683
  outer loop
  vertex 0.0591370016 0.00320299994 0.0125559997
  vertex 0.0535920002 0.000951000024 0.0261690002
  vertex 0.0603739992 -0.000307000009 0.0125749996
  endloop
 endfacet

 facet normal 0.892009258 0.129660949 0.433021396
  outer loop
  vertex 0.0535920002 0.000951000024 0.0261690002
  vertex 0.0605020002 -0.00369899999 0.0133269997
  vertex 0.0603739992 -0.000307000009 0.0125749996
  endloop
 endfacet

 facet normal 0.883897901 0.0235250853 0.467087865
  outer loop
  vertex 0.0535920002 0.000951000024 0.0261690002
  vertex 0.0536720008 -0.00681999978 0.0264090002
  vertex 0.0605020002 -0.00369899999 0.0133269997
  endloop
 endfacet

 facet normal 0.631329477 -0.753317535 0.184216648
  outer loop
  vertex 0.0500460006 -0.0181959998 0.0209459998
  vertex 0.0578759983 -0.0190110002 -0.00922099967
  vertex 0.0591319986 -0.0184349995 -0.0111699998
  endloop
 endfacet

 facet normal -0.443216205 0.821671009 -0.358352035
  outer loop
  vertex -0.0155640002 -0.00572399981 -0.0542140007
  vertex -0.0153679997 -0.00455499999 -0.0517759994
  vertex -0.0102019999 -0.00283299992 -0.0542169996
  endloop
 endfacet

 facet normal -0.225234389 0.94921577 -0.219679222
  outer loop
  vertex -0.00631899992 0.00352300005 -0.0390210003
  vertex -0.00365799991 0.00929799955 -0.0167960003
  vertex 0.000797000015 0.0103190001 -0.0169520006
  endloop
 endfacet

 facet normal 0.242103383 0.969787478 -0.0299705043
  outer loop
  vertex 0.0270370003 0.0205349997 0.0218630005
  vertex 0.0348320007 0.0187519994 0.0271370001
  vertex 0.0298389997 0.0196560007 0.0160549991
  endloop
 endfacet

 facet normal 0.831658781 0.40322727 0.381774187
  outer loop
  vertex 0.0513460003 0.00644899998 0.0260879993
  vertex 0.0514039993 0.0057310001 0.0267200004
  vertex 0.0577920005 0.00653799996 0.0119519997
  endloop
 endfacet

 facet normal 0.861359358 -0.263337553 0.434411615
  outer loop
  vertex 0.0536720008 -0.00681999978 0.0264090002
  vertex 0.0514600016 -0.0136000002 0.0266849995
  vertex 0.0586679988 -0.00792500004 0.0158329997
  endloop
 endfacet

 facet normal 0.171327829 -0.166791126 0.970993102
  outer loop
  vertex 0.0454519987 -0.0191920009 0.0278859995
  vertex 0.046089001 -0.0178740006 0.0280000009
  vertex 0.0317570008 -0.0253129993 0.0292509999
  endloop
 endfacet

 facet normal 0.0883248672 -0.00265716342 0.996088207
  outer loop
  vertex 0.046089001 -0.0178740006 0.0280000009
  vertex 0.0506969988 -0.0109019997 0.0276100002
  vertex 0.0317570008 -0.0253129993 0.0292509999
  endloop
 endfacet

 facet normal -0.237335652 0.946745515 -0.217588514
  outer loop
  vertex -0.0109160002 0.00246000011 -0.0386320017
  vertex -0.00365799991 0.00929799955 -0.0167960003
  vertex -0.00631899992 0.00352300005 -0.0390210003
  endloop
 endfacet

 facet normal 0.263341546 0.963872135 -0.0400219224
  outer loop
  vertex 0.0348320007 0.0187519994 0.0271370001
  vertex 0.0465329997 0.0149029996 0.0114310002
  vertex 0.0298389997 0.0196560007 0.0160549991
  endloop
 endfacet

 facet normal 0.511934221 0.83983016 0.180578306
  outer loop
  vertex 0.0537489988 0.0113679999 0.0121640004
  vertex 0.0421390012 0.0157949999 0.0244890004
  vertex 0.0537130013 0.0111760003 0.0131590003
  endloop
 endfacet

 facet normal 0.575492263 0.77430284 0.263180226
  outer loop
  vertex 0.0411540009 0.0156220002 0.0275410004
  vertex 0.0438009985 0.0135519998 0.0278430004
  vertex 0.0537130013 0.0111760003 0.0131590003
  endloop
 endfacet

 facet normal 0.678434193 0.652937472 0.336748809
  outer loop
  vertex 0.0554100014 0.00914299954 0.0136820003
  vertex 0.0537130013 0.0111760003 0.0131590003
  vertex 0.0457109995 0.0125139998 0.0266859997
  endloop
 endfacet

 facet normal 0.700231493 0.614805579 0.362891167
  outer loop
  vertex 0.0457109995 0.0125139998 0.0266859997
  vertex 0.0513460003 0.00644899998 0.0260879993
  vertex 0.0554100014 0.00914299954 0.0136820003
  endloop
 endfacet

 facet normal 0.807289839 0.0265188366 0.589559138
  outer loop
  vertex 0.0530119985 0.00128900004 0.0269479994
  vertex 0.0536720008 -0.00681999978 0.0264090002
  vertex 0.0535920002 0.000951000024 0.0261690002
  endloop
 endfacet

 facet normal 0.853602529 -0.260118037 0.451333046
  outer loop
  vertex 0.0526390001 -0.00946899969 0.0268360004
  vertex 0.0514600016 -0.0136000002 0.0266849995
  vertex 0.0536720008 -0.00681999978 0.0264090002
  endloop
 endfacet

 facet normal 0.617873847 -0.734778345 0.279879749
  outer loop
  vertex 0.0500460006 -0.0181959998 0.0209459998
  vertex 0.046064999 -0.0193019994 0.0268309992
  vertex 0.0469690003 -0.0201580003 0.0225879997
  endloop
 endfacet

 facet normal 0.088943705 -0.000737341295 0.99603641
  outer loop
  vertex 0.0187999997 0.0170249995 0.0304790009
  vertex 0.0206940006 -0.0246779993 0.0302789994
  vertex 0.0506969988 -0.0109019997 0.0276100002
  endloop
 endfacet

 facet normal 0.402410239 0.910673618 0.0934858546
  outer loop
  vertex 0.0348320007 0.0187519994 0.0271370001
  vertex 0.0421390012 0.0157949999 0.0244890004
  vertex 0.0503900014 0.0134349996 0.0119620003
  endloop
 endfacet

 facet normal 0.396500528 0.213135645 0.892950475
  outer loop
  vertex 0.0453919992 0.0117830001 0.0279450007
  vertex 0.0519720018 0.00199300004 0.0273599997
  vertex 0.0514039993 0.0057310001 0.0267200004
  endloop
 endfacet

 facet normal 0.467976987 -0.165295273 0.868144631
  outer loop
  vertex 0.0526390001 -0.00946899969 0.0268360004
  vertex 0.0506969988 -0.0109019997 0.0276100002
  vertex 0.0514600016 -0.0136000002 0.0266849995
  endloop
 endfacet

 facet normal -0.324975222 -0.92914784 0.176281944
  outer loop
  vertex 0.0147169996 -0.0239889994 0.0288769994
  vertex -0.0104649998 -0.0288820006 -0.0433360003
  vertex 0.0198309999 -0.0265430007 0.0248429999
  endloop
 endfacet

 facet normal -0.240028903 -0.960673392 0.139616773
  outer loop
  vertex -0.0104649998 -0.0288820006 -0.0433360003
  vertex -0.00765899988 -0.0311629996 -0.0542070009
  vertex 0.0198309999 -0.0265430007 0.0248429999
  endloop
 endfacet

 facet normal 0.102609605 0.00930686668 0.994678199
  outer loop
  vertex 0.0453919992 0.0117830001 0.0279450007
  vertex 0.0334549993 0.0181319993 0.0291169994
  vertex 0.0506969988 -0.0109019997 0.0276100002
  endloop
 endfacet

 facet normal -0.383032262 0.91017282 -0.157708019
  outer loop
  vertex -0.0067929998 0.00798700005 -0.0167479999
  vertex -0.00365799991 0.00929799955 -0.0167960003
  vertex -0.0109160002 0.00246000011 -0.0386320017
  endloop
 endfacet

 facet normal 0.461519331 0.674272656 0.576503515
  outer loop
  vertex 0.0389339998 0.0168379992 0.0278960001
  vertex 0.0438009985 0.0135519998 0.0278430004
  vertex 0.0411540009 0.0156220002 0.0275410004
  endloop
 endfacet

 facet normal 0.231414467 0.262149036 0.936869979
  outer loop
  vertex 0.0453919992 0.0117830001 0.0279450007
  vertex 0.0438009985 0.0135519998 0.0278430004
  vertex 0.0334549993 0.0181319993 0.0291169994
  endloop
 endfacet

 facet normal 0.290307939 0.416085422 0.861739099
  outer loop
  vertex 0.0438009985 0.0135519998 0.0278430004
  vertex 0.0389339998 0.0168379992 0.0278960001
  vertex 0.0334549993 0.0181319993 0.0291169994
  endloop
 endfacet

 facet normal -0.953882992 -0.205771431 0.218553275
  outer loop
  vertex -0.0188979991 -0.0159220006 -0.0308730006
  vertex -0.0126679996 -0.0137839997 -0.00166900002
  vertex -0.0126200002 -0.00934700016 0.00271799997
  endloop
 endfacet

 facet normal -0.283035755 0.954708457 -0.0917744637
  outer loop
  vertex 0.0171239991 0.019568 0.0259479992
  vertex 0.0197909996 0.0202610008 0.0249320008
  vertex -0.00365799991 0.00929799955 -0.0167960003
  endloop
 endfacet

 facet normal 0.162205607 0.949172854 0.269741029
  outer loop
  vertex 0.0324090011 0.0189239997 0.0290259998
  vertex 0.0333580002 0.0190210007 0.0281140003
  vertex 0.0282600001 0.0199570004 0.0278859995
  endloop
 endfacet

 facet normal -0.550225198 0.830920577 -0.0826034397
  outer loop
  vertex -0.00926200021 0.00636200001 -0.0166480001
  vertex -0.0067929998 0.00798700005 -0.0167479999
  vertex -0.0143489996 0.000922999985 -0.0374750011
  endloop
 endfacet

 facet normal -0.371837795 0.927345991 -0.0420248583
  outer loop
  vertex 0.0171239991 0.019568 0.0259479992
  vertex -0.00365799991 0.00929799955 -0.0167960003
  vertex 0.0123389997 0.0176929999 0.0269109998
  endloop
 endfacet

 facet normal -0.276576281 -0.952369928 0.128440976
  outer loop
  vertex -0.0104649998 -0.0288820006 -0.0433360003
  vertex -0.0167319998 -0.0283470005 -0.0528640002
  vertex -0.00765899988 -0.0311629996 -0.0542070009
  endloop
 endfacet

 facet normal -0.214099973 -0.143944174 0.966147721
  outer loop
  vertex 0.00309400004 -0.00791900046 0.0316959992
  vertex 0.00350399991 -0.011717 0.0312210005
  vertex 0.00613899995 -0.0155490004 0.0312339999
  endloop
 endfacet

 facet normal -0.335102022 0.0979761332 0.937073827
  outer loop
  vertex 0.00282400008 0.00540699996 0.0312919989
  vertex 0.000995000009 -0.00112599996 0.0313210003
  vertex 0.00362200011 0.0043680002 0.0316860005
  endloop
 endfacet

 facet normal -0.816671133 0.551490307 -0.17001985
  outer loop
  vertex -0.0176880006 -0.00726500014 -0.0512810014
  vertex -0.0167960003 -0.00158699998 -0.0371479988
  vertex -0.0168580003 -0.00608799979 -0.0514499992
  endloop
 endfacet

 facet normal -0.854776263 0.498001039 -0.146125302
  outer loop
  vertex -0.0176880006 -0.00726500014 -0.0512810014
  vertex -0.0180190001 -0.00380999991 -0.0375699997
  vertex -0.0167960003 -0.00158699998 -0.0371479988
  endloop
 endfacet

 facet normal -0.918584049 0.352815628 -0.178114012
  outer loop
  vertex -0.0183329992 -0.0104259998 -0.0542160012
  vertex -0.0188180003 -0.0098369997 -0.0505479984
  vertex -0.0176880006 -0.00726500014 -0.0512810014
  endloop
 endfacet

 facet normal -0.473101586 0.880933166 0.0114762885
  outer loop
  vertex -0.0067929998 0.00798700005 -0.0167479999
  vertex 0.00963400025 0.0162390005 0.0270099994
  vertex 0.0123389997 0.0176929999 0.0269109998
  endloop
 endfacet

 facet normal -0.622967362 -0.640926361 0.448469758
  outer loop
  vertex -0.00315100001 -0.0124650002 0.0234040003
  vertex -0.00340500008 -0.0147700002 0.0197570007
  vertex 0.00687000016 -0.0169510003 0.0309130009
  endloop
 endfacet

 facet normal -0.271059602 0.893148601 0.358904362
  outer loop
  vertex 0.0184719991 0.0191050004 0.0287619997
  vertex 0.0134669999 0.0178379994 0.0281349998
  vertex 0.0156399999 0.0176950004 0.0301319994
  endloop
 endfacet

 facet normal -0.38607657 0.789774776 0.476655781
  outer loop
  vertex 0.0134669999 0.0178379994 0.0281349998
  vertex 0.00993900001 0.0160179995 0.0282930005
  vertex 0.0156399999 0.0176950004 0.0301319994
  endloop
 endfacet

 facet normal -0.850239217 0.52077502 0.0767257437
  outer loop
  vertex -0.0119890003 0.00322699989 -0.0165539999
  vertex -0.0167960003 -0.00158699998 -0.0371479988
  vertex -0.0179890003 -0.00367500004 -0.0361960009
  endloop
 endfacet

 facet normal -0.708865583 0.693537652 0.128512084
  outer loop
  vertex 0.00130400003 0.010369 0.0200089999
  vertex 0.0031359999 0.0125299999 0.0184519999
  vertex -0.00926200021 0.00636200001 -0.0166480001
  endloop
 endfacet

 facet normal -0.765609741 -0.593963265 0.247081697
  outer loop
  vertex -0.0124199996 -0.0140239997 -0.00124100002
  vertex -0.0170469992 -0.0199330002 -0.0297829993
  vertex -0.0100579998 -0.0203370005 -0.00909799989
  endloop
 endfacet

 facet normal -0.752097845 -0.61295557 0.242145404
  outer loop
  vertex -0.0170469992 -0.0199330002 -0.0297829993
  vertex -0.0180760007 -0.0257520005 -0.0477089994
  vertex -0.0100579998 -0.0203370005 -0.00909799989
  endloop
 endfacet

 facet normal -0.0804903433 0.974889874 -0.207632259
  outer loop
  vertex 0.0292460006 0.0195780005 0.0154929999
  vertex 0.0057359999 0.0107960002 -0.0166270006
  vertex 0.000797000015 0.0103190001 -0.0169520006
  endloop
 endfacet

 facet normal -0.948858261 0.304587305 -0.0830335766
  outer loop
  vertex -0.0188180003 -0.0098369997 -0.0505479984
  vertex -0.01908 -0.00665100012 -0.0358670019
  vertex -0.0180190001 -0.00380999991 -0.0375699997
  endloop
 endfacet

 facet normal -0.765265167 0.624465525 0.156243637
  outer loop
  vertex -0.0119890003 0.00322699989 -0.0165539999
  vertex 0.00130400003 0.010369 0.0200089999
  vertex -0.0110419998 0.00436000014 -0.0164439995
  endloop
 endfacet

 facet normal -0.593513191 0.797970414 0.104811482
  outer loop
  vertex 0.00884300005 0.0155539997 0.0277459994
  vertex 0.00963400025 0.0162390005 0.0270099994
  vertex 0.0031359999 0.0125299999 0.0184519999
  endloop
 endfacet

 facet normal -0.907130957 -0.358895123 0.219789892
  outer loop
  vertex -0.0188979991 -0.0159220006 -0.0308730006
  vertex -0.0170469992 -0.0199330002 -0.0297829993
  vertex -0.0126679996 -0.0137839997 -0.00166900002
  endloop
 endfacet

 facet normal -0.960617483 -0.248853281 0.12363755
  outer loop
  vertex -0.0188979991 -0.0159220006 -0.0308730006
  vertex -0.0196739994 -0.0212309994 -0.0475879982
  vertex -0.0189040005 -0.0248819999 -0.0489539988
  endloop
 endfacet

 facet normal -0.902956665 0.129641399 0.409710139
  outer loop
  vertex -0.00429099984 0.00110999995 0.0224740002
  vertex -0.00743700005 -0.00532899983 0.0175780002
  vertex -0.00218100008 -0.00138599996 0.0279140007
  endloop
 endfacet

 facet normal -0.891595602 0.00146394665 0.452830255
  outer loop
  vertex -0.00218100008 -0.00138599996 0.0279140007
  vertex -0.00743700005 -0.00532899983 0.0175780002
  vertex -0.0022799999 -0.00569299981 0.027733
  endloop
 endfacet

 facet normal -0.810170829 0.55235523 0.196282968
  outer loop
  vertex 0.00130400003 0.010369 0.0200089999
  vertex -0.0039710002 0.00162300002 0.0228480007
  vertex 0.00301999995 0.00975100044 0.0288309995
  endloop
 endfacet

 facet normal -0.812902689 0.551269054 0.187860772
  outer loop
  vertex -0.0039710002 0.00162300002 0.0228480007
  vertex 0.00130400003 0.010369 0.0200089999
  vertex -0.0119890003 0.00322699989 -0.0165539999
  endloop
 endfacet

 facet normal -0.922650933 -0.19120346 0.334897727
  outer loop
  vertex -0.00881899986 -0.0100760004 0.0131890001
  vertex -0.00988399982 -0.00740299979 0.0117809996
  vertex -0.0109219998 -0.0119960001 0.00629899977
  endloop
 endfacet

 facet normal -0.96528399 0.199170426 0.168991402
  outer loop
  vertex -0.0196470004 -0.0107260002 -0.0343029983
  vertex -0.0128819998 -0.00832999963 0.00151500001
  vertex -0.01908 -0.00665100012 -0.0358670019
  endloop
 endfacet

 facet normal -0.956909478 -0.00667465851 0.290310055
  outer loop
  vertex -0.00988399982 -0.00740299979 0.0117809996
  vertex -0.010063 -0.00640199985 0.0112140002
  vertex -0.0126200002 -0.00934700016 0.00271799997
  endloop
 endfacet

 facet normal -0.961594105 0.0670979246 0.266147912
  outer loop
  vertex -0.0128819998 -0.00832999963 0.00151500001
  vertex -0.0126200002 -0.00934700016 0.00271799997
  vertex -0.010063 -0.00640199985 0.0112140002
  endloop
 endfacet

 facet normal -0.988326848 -0.150545701 0.0233725831
  outer loop
  vertex -0.0200999994 -0.0188740008 -0.0504200011
  vertex -0.0195780005 -0.0228889994 -0.0542079993
  vertex -0.0196739994 -0.0212309994 -0.0475879982
  endloop
 endfacet

 facet normal -0.99027133 -0.11261034 0.0817409009
  outer loop
  vertex -0.0188979991 -0.0159220006 -0.0308730006
  vertex -0.0196150001 -0.0118009998 -0.0338819996
  vertex -0.0196739994 -0.0212309994 -0.0475879982
  endloop
 endfacet

 facet normal -0.89896512 0.389035821 0.201277912
  outer loop
  vertex -0.0140110003 -0.00129699998 -0.0162860006
  vertex -0.010063 -0.00640199985 0.0112140002
  vertex -0.00429099984 0.00110999995 0.0224740002
  endloop
 endfacet

 facet normal -0.999229491 -0.0156477373 0.0359960087
  outer loop
  vertex -0.0196150001 -0.0118009998 -0.0338819996
  vertex -0.0196470004 -0.0107260002 -0.0343029983
  vertex -0.0200999994 -0.0188740008 -0.0504200011
  endloop
 endfacet

 facet normal -0.981935203 -0.0350797437 0.185937285
  outer loop
  vertex -0.0145119997 -0.00961699989 -0.00652100006
  vertex -0.0196150001 -0.0118009998 -0.0338819996
  vertex -0.0188979991 -0.0159220006 -0.0308730006
  endloop
 endfacet

 facet normal 0.223763078 0.944261789 -0.241453558
  outer loop
  vertex 0.0405509993 -0.000597000006 -0.0509079993
  vertex 0.0405509993 -0.00131399999 -0.0537119992
  vertex 0.0295449998 -0.0026430001 -0.0691090003
  endloop
 endfacet

 facet normal -0.0194945261 0.994792759 -0.100037865
  outer loop
  vertex 0.0405509993 -0.000597000006 -0.0509079993
  vertex 0.0295449998 -0.0026430001 -0.0691090003
  vertex 0.0198790003 -0.00100199995 -0.0509070009
  endloop
 endfacet

 facet normal 5.13015366e-05 -0.000153401052 1
  outer loop
  vertex 0.0405509993 -0.000597000006 -0.0509079993
  vertex 0.0198790003 -0.00100199995 -0.0509070009
  vertex 0.0198790003 -0.0335920006 -0.0509120002
  endloop
 endfacet

 facet normal -0.000201077724 4.71939711e-06 1
  outer loop
  vertex 0.0405509993 -0.000597000006 -0.0509079993
  vertex 0.0198790003 -0.0335920006 -0.0509120002
  vertex 0.0348259993 -0.032182999 -0.0509090014
  endloop
 endfacet

 facet normal 0.00180860283 -0.000359537575 0.999998271
  outer loop
  vertex 0.0405509993 -0.000597000006 -0.0509079993
  vertex 0.0348259993 -0.032182999 -0.0509090014
  vertex 0.040550001 -0.0311990008 -0.0509190001
  endloop
 endfacet

 facet normal 0.999999523 -3.29607537e-05 0.000935180113
  outer loop
  vertex 0.0405509993 -0.000597000006 -0.0509079993
  vertex 0.040550001 -0.0311990008 -0.0509190001
  vertex 0.0405579992 -0.0315800011 -0.0594849996
  endloop
 endfacet

 facet normal 0.999998927 0.000604705245 -0.00136828411
  outer loop
  vertex 0.0405509993 -0.000597000006 -0.0509079993
  vertex 0.0405579992 -0.0315800011 -0.0594849996
  vertex 0.0405529998 -0.0301370006 -0.0625009984
  endloop
 endfacet

 facet normal 1 0.000146848455 -0.000201623625
  outer loop
  vertex 0.0405509993 -0.000597000006 -0.0509079993
  vertex 0.0405529998 -0.0301370006 -0.0625009984
  vertex 0.0405509993 -0.024247 -0.0681329966
  endloop
 endfacet

 facet normal 0.99999994 -0.000200946393 0.000275900296
  outer loop
  vertex 0.0405509993 -0.000597000006 -0.0509079993
  vertex 0.0405509993 -0.024247 -0.0681329966
  vertex 0.0405520014 -0.0203530006 -0.0689290017
  endloop
 endfacet

 facet normal 1 0.000164491226 -0.000124720333
  outer loop
  vertex 0.0405509993 -0.000597000006 -0.0509079993
  vertex 0.0405520014 -0.0203530006 -0.0689290017
  vertex 0.0405509993 -0.0107450001 -0.0642919987
  endloop
 endfacet

 facet normal 1 0 0
  outer loop
  vertex 0.0405509993 -0.000597000006 -0.0509079993
  vertex 0.0405509993 -0.0107450001 -0.0642919987
  vertex 0.0405509993 -0.00340900011 -0.0569700003
  endloop
 endfacet

 facet normal 1 0 0
  outer loop
  vertex 0.0405509993 -0.000597000006 -0.0509079993
  vertex 0.0405509993 -0.00340900011 -0.0569700003
  vertex 0.0405509993 -0.00131399999 -0.0537119992
  endloop
 endfacet

 facet normal 0.241837293 0.936561108 -0.253708541
  outer loop
  vertex 0.0405509993 -0.00131399999 -0.0537119992
  vertex 0.0314869992 -0.00416600006 -0.0728799999
  vertex 0.0295449998 -0.0026430001 -0.0691090003
  endloop
 endfacet

 facet normal 0.374508858 0.874833703 -0.307260811
  outer loop
  vertex 0.0405509993 -0.00131399999 -0.0537119992
  vertex 0.0324460007 -0.00457900017 -0.0728870034
  vertex 0.0314869992 -0.00416600006 -0.0728799999
  endloop
 endfacet

 facet normal -0.275443882 0.933295488 -0.230413064
  outer loop
  vertex 0.0295449998 -0.0026430001 -0.0691090003
  vertex 0.0274659991 -0.00379700004 -0.0712980032
  vertex 0.0198790003 -0.00100199995 -0.0509070009
  endloop
 endfacet

 facet normal -0.486797243 0.822595775 -0.293878913
  outer loop
  vertex 0.0198790003 -0.00100199995 -0.0509070009
  vertex 0.0274659991 -0.00379700004 -0.0712980032
  vertex 0.0266059991 -0.00495899981 -0.0731260031
  endloop
 endfacet

 facet normal -0.644500673 0.694930792 -0.318889022
  outer loop
  vertex 0.0198790003 -0.00100199995 -0.0509070009
  vertex 0.0266059991 -0.00495899981 -0.0731260031
  vertex 0.019878 -0.00229099998 -0.0537139997
  endloop
 endfacet

 facet normal -0.999994278 -0.0029062836 0.00169092836
  outer loop
  vertex 0.0198790003 -0.00100199995 -0.0509070009
  vertex 0.019878 -0.00229099998 -0.0537139997
  vertex 0.0198790003 -0.00548199983 -0.0586070009
  endloop
 endfacet

 facet normal -1 0.000143406593 -8.34365637e-05
  outer loop
  vertex 0.0198790003 -0.00100199995 -0.0509070009
  vertex 0.0198790003 -0.00548199983 -0.0586070009
  vertex 0.019878 -0.0191210005 -0.0700609982
  endloop
 endfacet

 facet normal -0.999995887 0.00212115189 -0.00195431337
  outer loop
  vertex 0.0198790003 -0.00100199995 -0.0509070009
  vertex 0.019878 -0.0191210005 -0.0700609982
  vertex 0.0198710002 -0.0225029998 -0.0701500028
  endloop
 endfacet

 facet normal -0.999999702 -0.000307308714 0.000759107235
  outer loop
  vertex 0.0198790003 -0.00100199995 -0.0509070009
  vertex 0.0198710002 -0.0225029998 -0.0701500028
  vertex 0.0198790003 -0.0325190015 -0.063666001
  endloop
 endfacet

 facet normal -0.999985456 0.00202460703 -0.00500113936
  outer loop
  vertex 0.0198790003 -0.00100199995 -0.0509070009
  vertex 0.0198790003 -0.0325190015 -0.063666001
  vertex 0.0198619999 -0.0340609998 -0.0608909987
  endloop
 endfacet

 facet normal -0.999998569 -2.61337675e-07 0.00170362403
  outer loop
  vertex 0.0198790003 -0.00100199995 -0.0509070009
  vertex 0.0198619999 -0.0340609998 -0.0608909987
  vertex 0.0198790003 -0.0335920006 -0.0509120002
  endloop
 endfacet

 facet normal 0.683017075 0.615354359 -0.393480152
  outer loop
  vertex 0.0324460007 -0.00457900017 -0.0728870034
  vertex 0.0405509993 -0.00131399999 -0.0537119992
  vertex 0.0353850015 -0.00820500031 -0.0734559968
  endloop
 endfacet

 facet normal -0.18474856 0.93084836 -0.315260679
  outer loop
  vertex 0.0295449998 -0.0026430001 -0.0691090003
  vertex 0.0280930009 -0.00452399999 -0.0738120005
  vertex 0.0274659991 -0.00379700004 -0.0712980032
  endloop
 endfacet

 facet normal 0.00440983614 0.928011119 -0.372526407
  outer loop
  vertex 0.0295449998 -0.0026430001 -0.0691090003
  vertex 0.0314869992 -0.00416600006 -0.0728799999
  vertex 0.0280930009 -0.00452399999 -0.0738120005
  endloop
 endfacet

 facet normal 0.169306919 -0.984382808 0.0482255779
  outer loop
  vertex 0.0348259993 -0.032182999 -0.0509090014
  vertex 0.0326649994 -0.0329709984 -0.0594069995
  vertex 0.040550001 -0.0311990008 -0.0509190001
  endloop
 endfacet

 facet normal 0.479318082 0.69059819 -0.541597962
  outer loop
  vertex 0.0324460007 -0.00457900017 -0.0728870034
  vertex 0.0326320007 -0.00731100002 -0.0762059987
  vertex 0.0311629996 -0.00598399993 -0.0758140013
  endloop
 endfacet

 facet normal 0.333941638 0.784291148 -0.522848487
  outer loop
  vertex 0.0311629996 -0.00598399993 -0.0758140013
  vertex 0.0314869992 -0.00416600006 -0.0728799999
  vertex 0.0324460007 -0.00457900017 -0.0728870034
  endloop
 endfacet

 facet normal 0.68689698 0.611281753 -0.393073976
  outer loop
  vertex 0.0405509993 -0.00131399999 -0.0537119992
  vertex 0.0405509993 -0.00340900011 -0.0569700003
  vertex 0.0353850015 -0.00820500031 -0.0734559968
  endloop
 endfacet

 facet normal -0.17090027 0.730430484 -0.66125977
  outer loop
  vertex 0.0280930009 -0.00452399999 -0.0738120005
  vertex 0.0291760005 -0.00747899991 -0.0773560032
  vertex 0.0272199996 -0.00733100018 -0.0766870007
  endloop
 endfacet

 facet normal -0.45730257 0.701744974 -0.546286106
  outer loop
  vertex 0.0280930009 -0.00452399999 -0.0738120005
  vertex 0.0272199996 -0.00733100018 -0.0766870007
  vertex 0.0266059991 -0.00495899981 -0.0731260031
  endloop
 endfacet

 facet normal -0.406917036 0.845415235 -0.34596473
  outer loop
  vertex 0.0274659991 -0.00379700004 -0.0712980032
  vertex 0.0280930009 -0.00452399999 -0.0738120005
  vertex 0.0266059991 -0.00495899981 -0.0731260031
  endloop
 endfacet

 facet normal 0.653702497 0.601838291 -0.458763301
  outer loop
  vertex 0.0324460007 -0.00457900017 -0.0728870034
  vertex 0.0353850015 -0.00820500031 -0.0734559968
  vertex 0.0326320007 -0.00731100002 -0.0762059987
  endloop
 endfacet

 facet normal 0.0564161167 0.84588784 -0.530368745
  outer loop
  vertex 0.0311629996 -0.00598399993 -0.0758140013
  vertex 0.0280930009 -0.00452399999 -0.0738120005
  vertex 0.0314869992 -0.00416600006 -0.0728799999
  endloop
 endfacet

 facet normal -0.0644180104 0.756678402 -0.650605977
  outer loop
  vertex 0.0280930009 -0.00452399999 -0.0738120005
  vertex 0.0311629996 -0.00598399993 -0.0758140013
  vertex 0.0291760005 -0.00747899991 -0.0773560032
  endloop
 endfacet

 facet normal -0.716158509 0.613618731 -0.332549274
  outer loop
  vertex 0.0266059991 -0.00495899981 -0.0731260031
  vertex 0.0251400005 -0.00728400005 -0.074258998
  vertex 0.019878 -0.00229099998 -0.0537139997
  endloop
 endfacet

 facet normal 0.697773397 0.460212171 -0.548923612
  outer loop
  vertex 0.0326320007 -0.00731100002 -0.0762059987
  vertex 0.0353850015 -0.00820500031 -0.0734559968
  vertex 0.0353900008 -0.0111109996 -0.0758860037
  endloop
 endfacet

 facet normal 0.386118233 0.538345277 -0.749064147
  outer loop
  vertex 0.0326320007 -0.00731100002 -0.0762059987
  vertex 0.0323579982 -0.0103049995 -0.0784989968
  vertex 0.0308510009 -0.00908499956 -0.0783990026
  endloop
 endfacet

 facet normal 0.330283314 0.584546268 -0.741092801
  outer loop
  vertex 0.0326320007 -0.00731100002 -0.0762059987
  vertex 0.0308510009 -0.00908499956 -0.0783990026
  vertex 0.0311629996 -0.00598399993 -0.0758140013
  endloop
 endfacet

 facet normal 0.123728923 0.628012061 -0.768304706
  outer loop
  vertex 0.0311629996 -0.00598399993 -0.0758140013
  vertex 0.0308510009 -0.00908499956 -0.0783990026
  vertex 0.0291760005 -0.00747899991 -0.0773560032
  endloop
 endfacet

 facet normal -0.588365853 0.622479856 -0.516085565
  outer loop
  vertex 0.0272199996 -0.00733100018 -0.0766870007
  vertex 0.0251400005 -0.00728400005 -0.074258998
  vertex 0.0266059991 -0.00495899981 -0.0731260031
  endloop
 endfacet

 facet normal 0.173810706 -0.983799279 0.0439199209
  outer loop
  vertex 0.040550001 -0.0311990008 -0.0509190001
  vertex 0.0326649994 -0.0329709984 -0.0594069995
  vertex 0.0405579992 -0.0315800011 -0.0594849996
  endloop
 endfacet

 facet normal 0.173415095 -0.984759808 -0.0132438159
  outer loop
  vertex 0.0405579992 -0.0315800011 -0.0594849996
  vertex 0.0326649994 -0.0329709984 -0.0594069995
  vertex 0.0374759994 -0.0321049988 -0.0608039983
  endloop
 endfacet

 facet normal 0.0936177522 -0.993262947 0.0682964101
  outer loop
  vertex 0.0326649994 -0.0329709984 -0.0594069995
  vertex 0.0348259993 -0.032182999 -0.0509090014
  vertex 0.0198790003 -0.0335920006 -0.0509120002
  endloop
 endfacet

 facet normal 0.653693199 0.421518564 -0.628496051
  outer loop
  vertex 0.0353900008 -0.0111109996 -0.0758860037
  vertex 0.0323579982 -0.0103049995 -0.0784989968
  vertex 0.0326320007 -0.00731100002 -0.0762059987
  endloop
 endfacet

 facet normal 0.665173471 0.328701615 -0.67044729
  outer loop
  vertex 0.0323579982 -0.0103049995 -0.0784989968
  vertex 0.0353900008 -0.0111109996 -0.0758860037
  vertex 0.0356299989 -0.0122309998 -0.0761969984
  endloop
 endfacet

 facet normal 0.263214529 0.39719373 -0.879178703
  outer loop
  vertex 0.0308510009 -0.00908499956 -0.0783990026
  vertex 0.0323579982 -0.0103049995 -0.0784989968
  vertex 0.030816 -0.0110649997 -0.0793040022
  endloop
 endfacet

 facet normal -0.058322899 0.500236511 -0.863922358
  outer loop
  vertex 0.0291760005 -0.00747899991 -0.0773560032
  vertex 0.0308510009 -0.00908499956 -0.0783990026
  vertex 0.0280310009 -0.0110889999 -0.0793690011
  endloop
 endfacet

 facet normal -0.238372013 0.529557765 -0.814093053
  outer loop
  vertex 0.0291760005 -0.00747899991 -0.0773560032
  vertex 0.0280310009 -0.0110889999 -0.0793690011
  vertex 0.0272199996 -0.00733100018 -0.0766870007
  endloop
 endfacet

 facet normal -0.661570966 0.480103463 -0.576042175
  outer loop
  vertex 0.0272199996 -0.00733100018 -0.0766870007
  vertex 0.0261659995 -0.01009 -0.0777759999
  vertex 0.0251400005 -0.00728400005 -0.074258998
  endloop
 endfacet

 facet normal -0.780757785 0.531167686 -0.329056591
  outer loop
  vertex 0.0251400005 -0.00728400005 -0.074258998
  vertex 0.0235820003 -0.00911999959 -0.0735260025
  vertex 0.019878 -0.00229099998 -0.0537139997
  endloop
 endfacet

 facet normal 0.0793659911 -0.995752752 0.0466637984
  outer loop
  vertex 0.0198790003 -0.0335920006 -0.0509120002
  vertex 0.0198619999 -0.0340609998 -0.0608909987
  vertex 0.0326649994 -0.0329709984 -0.0594069995
  endloop
 endfacet

 facet normal 0.27228272 -0.924014688 -0.26843822
  outer loop
  vertex 0.0374759994 -0.0321049988 -0.0608039983
  vertex 0.0339640006 -0.0295139998 -0.0732849985
  vertex 0.0405579992 -0.0315800011 -0.0594849996
  endloop
 endfacet

 facet normal 0.848425388 0.373924464 -0.374639541
  outer loop
  vertex 0.0353850015 -0.00820500031 -0.0734559968
  vertex 0.0405509993 -0.00340900011 -0.0569700003
  vertex 0.0405509993 -0.0107450001 -0.0642919987
  endloop
 endfacet

 facet normal 0.869057417 0.296241343 -0.396207243
  outer loop
  vertex 0.0405509993 -0.0107450001 -0.0642919987
  vertex 0.0356299989 -0.0122309998 -0.0761969984
  vertex 0.0353900008 -0.0111109996 -0.0758860037
  endloop
 endfacet

 facet normal 0.858560503 0.329764605 -0.392592877
  outer loop
  vertex 0.0405509993 -0.0107450001 -0.0642919987
  vertex 0.0353900008 -0.0111109996 -0.0758860037
  vertex 0.0353850015 -0.00820500031 -0.0734559968
  endloop
 endfacet

 facet normal 0.262194633 0.213366687 -0.941131651
  outer loop
  vertex 0.0327039994 -0.0153919999 -0.0797590017
  vertex 0.0310399998 -0.0159540009 -0.0803499967
  vertex 0.030816 -0.0110649997 -0.0793040022
  endloop
 endfacet

 facet normal 0.34967944 0.247588366 -0.903562009
  outer loop
  vertex 0.0327039994 -0.0153919999 -0.0797590017
  vertex 0.030816 -0.0110649997 -0.0793040022
  vertex 0.0323579982 -0.0103049995 -0.0784989968
  endloop
 endfacet

 facet normal 0.64569521 0.224681064 -0.72979182
  outer loop
  vertex 0.0327039994 -0.0153919999 -0.0797590017
  vertex 0.0323579982 -0.0103049995 -0.0784989968
  vertex 0.0356299989 -0.0122309998 -0.0761969984
  endloop
 endfacet

 facet normal -0.416259944 0.466962218 -0.780175626
  outer loop
  vertex 0.0280310009 -0.0110889999 -0.0793690011
  vertex 0.0261659995 -0.01009 -0.0777759999
  vertex 0.0272199996 -0.00733100018 -0.0766870007
  endloop
 endfacet

 facet normal -0.737202227 0.411678433 -0.535773933
  outer loop
  vertex 0.0251400005 -0.00728400005 -0.074258998
  vertex 0.023449 -0.0110240001 -0.0748059973
  vertex 0.0235820003 -0.00911999959 -0.0735260025
  endloop
 endfacet

 facet normal -0.809511781 0.491692483 -0.320825666
  outer loop
  vertex 0.0235820003 -0.00911999959 -0.0735260025
  vertex 0.0198790003 -0.00548199983 -0.0586070009
  vertex 0.019878 -0.00229099998 -0.0537139997
  endloop
 endfacet

 facet normal 0.107035965 -0.967077017 -0.230879396
  outer loop
  vertex 0.0326649994 -0.0329709984 -0.0594069995
  vertex 0.0339640006 -0.0295139998 -0.0732849985
  vertex 0.0374759994 -0.0321049988 -0.0608039983
  endloop
 endfacet

 facet normal 0.913853884 0.176562801 -0.365645617
  outer loop
  vertex 0.0405509993 -0.0107450001 -0.0642919987
  vertex 0.0405520014 -0.0203530006 -0.0689290017
  vertex 0.0394590013 -0.0197529998 -0.0713709965
  endloop
 endfacet

 facet normal 0.895890415 0.202254519 -0.395567238
  outer loop
  vertex 0.0405509993 -0.0107450001 -0.0642919987
  vertex 0.0394590013 -0.0197529998 -0.0713709965
  vertex 0.0356299989 -0.0122309998 -0.0761969984
  endloop
 endfacet

 facet normal 0.681892633 0.170374483 -0.711333215
  outer loop
  vertex 0.0356299989 -0.0122309998 -0.0761969984
  vertex 0.0352169983 -0.0161559992 -0.0775329992
  vertex 0.0327039994 -0.0153919999 -0.0797590017
  endloop
 endfacet

 facet normal 0.0176465493 0.415382504 -0.909475684
  outer loop
  vertex 0.030816 -0.0110649997 -0.0793040022
  vertex 0.0280310009 -0.0110889999 -0.0793690011
  vertex 0.0308510009 -0.00908499956 -0.0783990026
  endloop
 endfacet

 facet normal 0.0206991229 0.231899291 -0.972519517
  outer loop
  vertex 0.030816 -0.0110649997 -0.0793040022
  vertex 0.0292179994 -0.0159590002 -0.0805049986
  vertex 0.0280310009 -0.0110889999 -0.0793690011
  endloop
 endfacet

 facet normal -0.520312309 0.302248448 -0.798699558
  outer loop
  vertex 0.0280310009 -0.0110889999 -0.0793690011
  vertex 0.0268210005 -0.0136080002 -0.0795340016
  vertex 0.0261659995 -0.01009 -0.0777759999
  endloop
 endfacet

 facet normal -0.733354032 0.410804272 -0.541693509
  outer loop
  vertex 0.0261659995 -0.01009 -0.0777759999
  vertex 0.023449 -0.0110240001 -0.0748059973
  vertex 0.0251400005 -0.00728400005 -0.074258998
  endloop
 endfacet

 facet normal -0.752622545 0.241535217 -0.612552047
  outer loop
  vertex 0.023449 -0.0110240001 -0.0748059973
  vertex 0.0261659995 -0.01009 -0.0777759999
  vertex 0.0239620004 -0.0143809998 -0.0767600015
  endloop
 endfacet

 facet normal -0.920259833 0.260551274 -0.291950315
  outer loop
  vertex 0.0235820003 -0.00911999959 -0.0735260025
  vertex 0.023449 -0.0110240001 -0.0748059973
  vertex 0.0198790003 -0.00548199983 -0.0586070009
  endloop
 endfacet

 facet normal 0.432154059 -0.838454366 -0.332019657
  outer loop
  vertex 0.0405579992 -0.0315800011 -0.0594849996
  vertex 0.0339640006 -0.0295139998 -0.0732849985
  vertex 0.0368500017 -0.0284909997 -0.0721120015
  endloop
 endfacet

 facet normal 0.109053455 -0.966906786 -0.23064819
  outer loop
  vertex 0.0198619999 -0.0340609998 -0.0608909987
  vertex 0.0339640006 -0.0295139998 -0.0732849985
  vertex 0.0326649994 -0.0329709984 -0.0594069995
  endloop
 endfacet

 facet normal 0.0822596177 0.212107286 -0.973778188
  outer loop
  vertex 0.0310399998 -0.0159540009 -0.0803499967
  vertex 0.0292179994 -0.0159590002 -0.0805049986
  vertex 0.030816 -0.0110649997 -0.0793040022
  endloop
 endfacet

 facet normal 0.363876045 -0.104005739 -0.925622582
  outer loop
  vertex 0.0327039994 -0.0153919999 -0.0797590017
  vertex 0.0312270001 -0.0229979996 -0.0794849992
  vertex 0.0310399998 -0.0159540009 -0.0803499967
  endloop
 endfacet

 facet normal -0.222434074 0.169732258 -0.960059404
  outer loop
  vertex 0.0292179994 -0.0159590002 -0.0805049986
  vertex 0.0268210005 -0.0136080002 -0.0795340016
  vertex 0.0280310009 -0.0110889999 -0.0793690011
  endloop
 endfacet

 facet normal -0.884250641 0.126537994 -0.449542999
  outer loop
  vertex 0.0239620004 -0.0143809998 -0.0767600015
  vertex 0.019878 -0.0191210005 -0.0700609982
  vertex 0.023449 -0.0110240001 -0.0748059973
  endloop
 endfacet

 facet normal -0.858504295 0.0152664986 -0.512579083
  outer loop
  vertex 0.019878 -0.0191210005 -0.0700609982
  vertex 0.0239620004 -0.0143809998 -0.0767600015
  vertex 0.0198710002 -0.0225029998 -0.0701500028
  endloop
 endfacet

 facet normal -0.92722404 0.240886003 -0.28675729
  outer loop
  vertex 0.023449 -0.0110240001 -0.0748059973
  vertex 0.019878 -0.0191210005 -0.0700609982
  vertex 0.0198790003 -0.00548199983 -0.0586070009
  endloop
 endfacet

 facet normal 0.442415088 -0.812279582 -0.380093217
  outer loop
  vertex 0.0368500017 -0.0284909997 -0.0721120015
  vertex 0.0339640006 -0.0295139998 -0.0732849985
  vertex 0.0357480012 -0.0281750001 -0.0740699992
  endloop
 endfacet

 facet normal 0.0190881323 -0.94547075 -0.325147182
  outer loop
  vertex 0.0198619999 -0.0340609998 -0.0608909987
  vertex 0.0278709996 -0.0291809998 -0.0746110007
  vertex 0.0339640006 -0.0295139998 -0.0732849985
  endloop
 endfacet

 facet normal -0.121290639 -0.910750508 -0.394743055
  outer loop
  vertex 0.0198619999 -0.0340609998 -0.0608909987
  vertex 0.0269249994 -0.029143 -0.0744080022
  vertex 0.0278709996 -0.0291809998 -0.0746110007
  endloop
 endfacet

 facet normal 0.304029703 -0.749686837 -0.587822795
  outer loop
  vertex 0.0339640006 -0.0295139998 -0.0732849985
  vertex 0.0317110009 -0.0277900007 -0.0766490027
  vertex 0.0357480012 -0.0281750001 -0.0740699992
  endloop
 endfacet

 facet normal 0.649551928 -0.603146195 -0.462922156
  outer loop
  vertex 0.0357480012 -0.0281750001 -0.0740699992
  vertex 0.0377099998 -0.0268380009 -0.0730590001
  vertex 0.0368500017 -0.0284909997 -0.0721120015
  endloop
 endfacet

 facet normal 0.868840873 0.137043476 -0.475746393
  outer loop
  vertex 0.0356299989 -0.0122309998 -0.0761969984
  vertex 0.0394590013 -0.0197529998 -0.0713709965
  vertex 0.038079001 -0.0201340001 -0.0740009993
  endloop
 endfacet

 facet normal 0.825907767 0.101847701 -0.554529965
  outer loop
  vertex 0.0356299989 -0.0122309998 -0.0761969984
  vertex 0.038079001 -0.0201340001 -0.0740009993
  vertex 0.0352169983 -0.0161559992 -0.0775329992
  endloop
 endfacet

 facet normal 0.0844862685 -0.119238019 -0.989264607
  outer loop
  vertex 0.0312270001 -0.0229979996 -0.0794849992
  vertex 0.0292179994 -0.0159590002 -0.0805049986
  vertex 0.0310399998 -0.0159540009 -0.0803499967
  endloop
 endfacet

 facet normal -0.35838303 0.0200954638 -0.933358371
  outer loop
  vertex 0.0268210005 -0.0136080002 -0.0795340016
  vertex 0.0292179994 -0.0159590002 -0.0805049986
  vertex 0.0267249998 -0.0167599991 -0.0795650035
  endloop
 endfacet

 facet normal -0.629910588 0.250151217 -0.735280275
  outer loop
  vertex 0.0268210005 -0.0136080002 -0.0795340016
  vertex 0.0257120002 -0.0135700004 -0.0785709992
  vertex 0.0261659995 -0.01009 -0.0777759999
  endloop
 endfacet

 facet normal -0.749554515 0.238821074 -0.6173594
  outer loop
  vertex 0.0261659995 -0.01009 -0.0777759999
  vertex 0.0257120002 -0.0135700004 -0.0785709992
  vertex 0.0239620004 -0.0143809998 -0.0767600015
  endloop
 endfacet

 facet normal -0.852381825 0.00377797754 -0.522906303
  outer loop
  vertex 0.0198710002 -0.0225029998 -0.0701500028
  vertex 0.0239620004 -0.0143809998 -0.0767600015
  vertex 0.0222479999 -0.0210200008 -0.0740140006
  endloop
 endfacet

 facet normal 0.585343182 -0.731005788 -0.350719005
  outer loop
  vertex 0.0405579992 -0.0315800011 -0.0594849996
  vertex 0.0368500017 -0.0284909997 -0.0721120015
  vertex 0.0405529998 -0.0301370006 -0.0625009984
  endloop
 endfacet

 facet normal -0.308577061 -0.830651939 -0.463462591
  outer loop
  vertex 0.0198619999 -0.0340609998 -0.0608909987
  vertex 0.0198790003 -0.0325190015 -0.063666001
  vertex 0.0269249994 -0.029143 -0.0744080022
  endloop
 endfacet

 facet normal 0.0580675229 -0.872118473 -0.485836953
  outer loop
  vertex 0.0278709996 -0.0291809998 -0.0746110007
  vertex 0.0317110009 -0.0277900007 -0.0766490027
  vertex 0.0339640006 -0.0295139998 -0.0732849985
  endloop
 endfacet

 facet normal 0.614695907 -0.378946781 -0.691771865
  outer loop
  vertex 0.0357480012 -0.0281750001 -0.0740699992
  vertex 0.0338919982 -0.0252289996 -0.0773330033
  vertex 0.0377099998 -0.0268380009 -0.0730590001
  endloop
 endfacet

 facet normal 0.907735288 -0.044370614 -0.417190611
  outer loop
  vertex 0.0405520014 -0.0203530006 -0.0689290017
  vertex 0.0394629985 -0.0252279993 -0.0707800016
  vertex 0.0394590013 -0.0197529998 -0.0713709965
  endloop
 endfacet

 facet normal 0.645053446 -0.0893713161 -0.758893192
  outer loop
  vertex 0.0352169983 -0.0161559992 -0.0775329992
  vertex 0.0340749994 -0.0239739995 -0.0775830001
  vertex 0.0327039994 -0.0153919999 -0.0797590017
  endloop
 endfacet

 facet normal 0.519079566 -0.131225437 -0.844592452
  outer loop
  vertex 0.0327039994 -0.0153919999 -0.0797590017
  vertex 0.0340749994 -0.0239739995 -0.0775830001
  vertex 0.0312270001 -0.0229979996 -0.0794849992
  endloop
 endfacet

 facet normal 0.481604993 -0.23822993 -0.843387961
  outer loop
  vertex 0.0312270001 -0.0229979996 -0.0794849992
  vertex 0.0340749994 -0.0239739995 -0.0775830001
  vertex 0.0338919982 -0.0252289996 -0.0773330033
  endloop
 endfacet

 facet normal 0.418673635 -0.319761455 -0.849979401
  outer loop
  vertex 0.0312270001 -0.0229979996 -0.0794849992
  vertex 0.0338919982 -0.0252289996 -0.0773330033
  vertex 0.0314840004 -0.0253170002 -0.078486003
  endloop
 endfacet

 facet normal -0.0597092472 -0.400506139 -0.914346576
  outer loop
  vertex 0.0312270001 -0.0229979996 -0.0794849992
  vertex 0.0314840004 -0.0253170002 -0.078486003
  vertex 0.0281070005 -0.0249140002 -0.0784419999
  endloop
 endfacet

 facet normal -0.0866505951 -0.363768339 -0.927450418
  outer loop
  vertex 0.0312270001 -0.0229979996 -0.0794849992
  vertex 0.0281070005 -0.0249140002 -0.0784419999
  vertex 0.0283519998 -0.0235140007 -0.0790140033
  endloop
 endfacet

 facet normal -0.654876292 0.0273738876 -0.755240202
  outer loop
  vertex 0.0268210005 -0.0136080002 -0.0795340016
  vertex 0.0267249998 -0.0167599991 -0.0795650035
  vertex 0.0257120002 -0.0135700004 -0.0785709992
  endloop
 endfacet

 facet normal -0.639323533 0.036313612 -0.768079996
  outer loop
  vertex 0.0257120002 -0.0135700004 -0.0785709992
  vertex 0.0267249998 -0.0167599991 -0.0795650035
  vertex 0.0256740004 -0.0171789993 -0.0787099972
  endloop
 endfacet

 facet normal -0.726280808 0.0340892226 -0.686552405
  outer loop
  vertex 0.0257120002 -0.0135700004 -0.0785709992
  vertex 0.0256740004 -0.0171789993 -0.0787099972
  vertex 0.0239620004 -0.0143809998 -0.0767600015
  endloop
 endfacet

 facet normal 0.715800405 -0.588107467 -0.376509488
  outer loop
  vertex 0.0405529998 -0.0301370006 -0.0625009984
  vertex 0.0368500017 -0.0284909997 -0.0721120015
  vertex 0.0377099998 -0.0268380009 -0.0730590001
  endloop
 endfacet

 facet normal 0.839386702 -0.411838114 -0.354710162
  outer loop
  vertex 0.0405529998 -0.0301370006 -0.0625009984
  vertex 0.0377099998 -0.0268380009 -0.0730590001
  vertex 0.0394629985 -0.0252279993 -0.0707800016
  endloop
 endfacet

 facet normal -0.477417201 -0.698745847 -0.532754362
  outer loop
  vertex 0.0269249994 -0.029143 -0.0744080022
  vertex 0.0198790003 -0.0325190015 -0.063666001
  vertex 0.0235050004 -0.0280750003 -0.072743997
  endloop
 endfacet

 facet normal -0.17070657 -0.733169973 -0.658271313
  outer loop
  vertex 0.0269249994 -0.029143 -0.0744080022
  vertex 0.0285730008 -0.0269930009 -0.077229999
  vertex 0.0278709996 -0.0291809998 -0.0746110007
  endloop
 endfacet

 facet normal -0.843720138 -0.292180032 -0.450296849
  outer loop
  vertex 0.0198790003 -0.0325190015 -0.063666001
  vertex 0.0198710002 -0.0225029998 -0.0701500028
  vertex 0.0229899995 -0.0261310004 -0.0736399963
  endloop
 endfacet

 facet normal -0.744715512 -0.43182075 -0.508851349
  outer loop
  vertex 0.0198790003 -0.0325190015 -0.063666001
  vertex 0.0229899995 -0.0261310004 -0.0736399963
  vertex 0.0235050004 -0.0280750003 -0.072743997
  endloop
 endfacet

 facet normal -0.00288935564 -0.596474588 -0.802626848
  outer loop
  vertex 0.0317110009 -0.0277900007 -0.0766490027
  vertex 0.0285730008 -0.0269930009 -0.077229999
  vertex 0.0314840004 -0.0253170002 -0.078486003
  endloop
 endfacet

 facet normal 0.41323483 -0.546469688 -0.728428423
  outer loop
  vertex 0.0317110009 -0.0277900007 -0.0766490027
  vertex 0.0338919982 -0.0252289996 -0.0773330033
  vertex 0.0357480012 -0.0281750001 -0.0740699992
  endloop
 endfacet

 facet normal 0.659180284 -0.23820214 -0.713260889
  outer loop
  vertex 0.0338919982 -0.0252289996 -0.0773330033
  vertex 0.0340749994 -0.0239739995 -0.0775830001
  vertex 0.0377900004 -0.025045 -0.0737920031
  endloop
 endfacet

 facet normal 0.646625996 -0.313199192 -0.695543826
  outer loop
  vertex 0.0338919982 -0.0252289996 -0.0773330033
  vertex 0.0377900004 -0.025045 -0.0737920031
  vertex 0.0377099998 -0.0268380009 -0.0730590001
  endloop
 endfacet

 facet normal 0.843578994 -0.235030815 -0.482840598
  outer loop
  vertex 0.0377099998 -0.0268380009 -0.0730590001
  vertex 0.0377900004 -0.025045 -0.0737920031
  vertex 0.0394629985 -0.0252279993 -0.0707800016
  endloop
 endfacet

 facet normal 0.931671262 -0.07299117 -0.355894625
  outer loop
  vertex 0.0405520014 -0.0203530006 -0.0689290017
  vertex 0.0405509993 -0.024247 -0.0681329966
  vertex 0.0394629985 -0.0252279993 -0.0707800016
  endloop
 endfacet

 facet normal -0.306111068 -0.150429726 -0.940035641
  outer loop
  vertex 0.0292179994 -0.0159590002 -0.0805049986
  vertex 0.0283519998 -0.0235140007 -0.0790140033
  vertex 0.0267249998 -0.0167599991 -0.0795650035
  endloop
 endfacet

 facet normal 0.382350534 -0.528124034 -0.758217037
  outer loop
  vertex 0.0314840004 -0.0253170002 -0.078486003
  vertex 0.0338919982 -0.0252289996 -0.0773330033
  vertex 0.0317110009 -0.0277900007 -0.0766490027
  endloop
 endfacet

 facet normal -0.0725202784 -0.51439476 -0.854481697
  outer loop
  vertex 0.0314840004 -0.0253170002 -0.078486003
  vertex 0.0285730008 -0.0269930009 -0.077229999
  vertex 0.0281070005 -0.0249140002 -0.0784419999
  endloop
 endfacet

 facet normal -0.786133051 -0.0517828017 -0.615884185
  outer loop
  vertex 0.0239620004 -0.0143809998 -0.0767600015
  vertex 0.0256740004 -0.0171789993 -0.0787099972
  vertex 0.0222479999 -0.0210200008 -0.0740140006
  endloop
 endfacet

 facet normal -0.733478487 -0.154914066 -0.661823928
  outer loop
  vertex 0.0222479999 -0.0210200008 -0.0740140006
  vertex 0.0256740004 -0.0171789993 -0.0787099972
  vertex 0.0229899995 -0.0261310004 -0.0736399963
  endloop
 endfacet

 facet normal -0.812506676 -0.158998176 -0.560849786
  outer loop
  vertex 0.0198710002 -0.0225029998 -0.0701500028
  vertex 0.0222479999 -0.0210200008 -0.0740140006
  vertex 0.0229899995 -0.0261310004 -0.0736399963
  endloop
 endfacet

 facet normal 0.922051072 -0.267339289 -0.279913604
  outer loop
  vertex 0.0405529998 -0.0301370006 -0.0625009984
  vertex 0.0394629985 -0.0252279993 -0.0707800016
  vertex 0.0405509993 -0.024247 -0.0681329966
  endloop
 endfacet

 facet normal -0.627800107 -0.456796944 -0.630240917
  outer loop
  vertex 0.0235050004 -0.0280750003 -0.072743997
  vertex 0.0229899995 -0.0261310004 -0.0736399963
  vertex 0.0263369996 -0.0259709992 -0.0770900026
  endloop
 endfacet

 facet normal -0.492095947 -0.61346525 -0.617658436
  outer loop
  vertex 0.0235050004 -0.0280750003 -0.072743997
  vertex 0.0263369996 -0.0259709992 -0.0770900026
  vertex 0.0269249994 -0.029143 -0.0744080022
  endloop
 endfacet

 facet normal -0.337155819 -0.643520474 -0.687173545
  outer loop
  vertex 0.0263369996 -0.0259709992 -0.0770900026
  vertex 0.0285730008 -0.0269930009 -0.077229999
  vertex 0.0269249994 -0.029143 -0.0744080022
  endloop
 endfacet

 facet normal -0.291966021 -0.529695451 -0.79635334
  outer loop
  vertex 0.0285730008 -0.0269930009 -0.077229999
  vertex 0.0263369996 -0.0259709992 -0.0770900026
  vertex 0.0281070005 -0.0249140002 -0.0784419999
  endloop
 endfacet

 facet normal -0.071519278 -0.755947351 -0.650713921
  outer loop
  vertex 0.0317110009 -0.0277900007 -0.0766490027
  vertex 0.0278709996 -0.0291809998 -0.0746110007
  vertex 0.0285730008 -0.0269930009 -0.077229999
  endloop
 endfacet

 facet normal 0.887338996 -0.048847124 -0.458523214
  outer loop
  vertex 0.0394629985 -0.0252279993 -0.0707800016
  vertex 0.038079001 -0.0201340001 -0.0740009993
  vertex 0.0394590013 -0.0197529998 -0.0713709965
  endloop
 endfacet

 facet normal 0.733763039 -0.0719309896 -0.675586998
  outer loop
  vertex 0.0352169983 -0.0161559992 -0.0775329992
  vertex 0.038079001 -0.0201340001 -0.0740009993
  vertex 0.0377900004 -0.025045 -0.0737920031
  endloop
 endfacet

 facet normal 0.696968436 -0.0972643718 -0.710475087
  outer loop
  vertex 0.0352169983 -0.0161559992 -0.0775329992
  vertex 0.0377900004 -0.025045 -0.0737920031
  vertex 0.0340749994 -0.0239739995 -0.0775830001
  endloop
 endfacet

 facet normal -0.127915606 -0.177894101 -0.975700498
  outer loop
  vertex 0.0312270001 -0.0229979996 -0.0794849992
  vertex 0.0283519998 -0.0235140007 -0.0790140033
  vertex 0.0292179994 -0.0159590002 -0.0805049986
  endloop
 endfacet

 facet normal -0.419219553 -0.279552311 -0.863773942
  outer loop
  vertex 0.0283519998 -0.0235140007 -0.0790140033
  vertex 0.0281070005 -0.0249140002 -0.0784419999
  vertex 0.0270290002 -0.0234549996 -0.0783910006
  endloop
 endfacet

 facet normal -0.425831884 -0.175001562 -0.887717187
  outer loop
  vertex 0.0283519998 -0.0235140007 -0.0790140033
  vertex 0.0270290002 -0.0234549996 -0.0783910006
  vertex 0.0267249998 -0.0167599991 -0.0795650035
  endloop
 endfacet

 facet normal -0.58162725 -0.166050106 -0.796327293
  outer loop
  vertex 0.0267249998 -0.0167599991 -0.0795650035
  vertex 0.0270290002 -0.0234549996 -0.0783910006
  vertex 0.0256740004 -0.0171789993 -0.0787099972
  endloop
 endfacet

 facet normal -0.741443336 -0.14833039 -0.654415727
  outer loop
  vertex 0.0229899995 -0.0261310004 -0.0736399963
  vertex 0.0256740004 -0.0171789993 -0.0787099972
  vertex 0.0258450005 -0.0251059998 -0.0771069974
  endloop
 endfacet

 facet normal -0.653572261 -0.384550303 -0.65189296
  outer loop
  vertex 0.0263369996 -0.0259709992 -0.0770900026
  vertex 0.0229899995 -0.0261310004 -0.0736399963
  vertex 0.0258450005 -0.0251059998 -0.0771069974
  endloop
 endfacet

 facet normal -0.469464064 -0.283453614 -0.836216211
  outer loop
  vertex 0.0263369996 -0.0259709992 -0.0770900026
  vertex 0.0258450005 -0.0251059998 -0.0771069974
  vertex 0.0281070005 -0.0249140002 -0.0784419999
  endloop
 endfacet

 facet normal 0.870070636 -0.0719542429 -0.487647146
  outer loop
  vertex 0.0394629985 -0.0252279993 -0.0707800016
  vertex 0.0377900004 -0.025045 -0.0737920031
  vertex 0.038079001 -0.0201340001 -0.0740009993
  endloop
 endfacet

 facet normal -0.462881178 -0.313016742 -0.829313934
  outer loop
  vertex 0.0281070005 -0.0249140002 -0.0784419999
  vertex 0.0258450005 -0.0251059998 -0.0771069974
  vertex 0.0270290002 -0.0234549996 -0.0783910006
  endloop
 endfacet

 facet normal -0.605591416 -0.170259342 -0.777348638
  outer loop
  vertex 0.0270290002 -0.0234549996 -0.0783910006
  vertex 0.0258450005 -0.0251059998 -0.0771069974
  vertex 0.0256740004 -0.0171789993 -0.0787099972
  endloop
 endfacet

 facet normal -0.00011935192 0.000568113639 0.999999881
  outer loop
  vertex -0.00130500004 -0.00273000007 -0.0542129986
  vertex -0.0105579998 -0.00291000004 -0.0542140007
  vertex -0.0154849999 -0.00570899993 -0.0542129986
  endloop
 endfacet

 facet normal 7.50519903e-05 -0.000357246492 0.99999994
  outer loop
  vertex -0.00130500004 -0.00273000007 -0.0542129986
  vertex -0.0154849999 -0.00570899993 -0.0542129986
  vertex -0.0176790003 -0.00897500012 -0.0542140007
  endloop
 endfacet

 facet normal 0.000189073791 -0.000656204473 0.999999762
  outer loop
  vertex -0.00130500004 -0.00273000007 -0.0542129986
  vertex -0.0176790003 -0.00897500012 -0.0542140007
  vertex -0.0183819998 -0.0106990002 -0.0542149991
  endloop
 endfacet

 facet normal -8.14281811e-05 -7.65380901e-05 1
  outer loop
  vertex -0.00130500004 -0.00273000007 -0.0542129986
  vertex -0.0183819998 -0.0106990002 -0.0542149991
  vertex -0.0197260007 -0.0223619994 -0.0542160012
  endloop
 endfacet

 facet normal -0.000413645059 0.000235186031 0.99999994
  outer loop
  vertex -0.00130500004 -0.00273000007 -0.0542129986
  vertex -0.0197260007 -0.0223619994 -0.0542160012
  vertex -0.0176860001 -0.0272799991 -0.0542140007
  endloop
 endfacet

 facet normal 0.00110738154 -0.000779719849 0.999999166
  outer loop
  vertex -0.00130500004 -0.00273000007 -0.0542129986
  vertex -0.0176860001 -0.0272799991 -0.0542140007
  vertex -0.0167350005 -0.0284950007 -0.0542160012
  endloop
 endfacet

 facet normal -0.000552223646 0.000214175321 0.999999881
  outer loop
  vertex -0.00130500004 -0.00273000007 -0.0542129986
  vertex -0.0167350005 -0.0284950007 -0.0542160012
  vertex -0.0086099999 -0.0308880005 -0.0542110018
  endloop
 endfacet

 facet normal 0.000403193699 -3.3687571e-05 0.999999881
  outer loop
  vertex -0.00130500004 -0.00273000007 -0.0542129986
  vertex -0.0086099999 -0.0308880005 -0.0542110018
  vertex -0.00130400003 -0.0324649997 -0.0542140007
  endloop
 endfacet

 facet normal -0.019219283 0.987093091 0.1589901
  outer loop
  vertex -0.00130500004 -0.00273000007 -0.0542129986
  vertex -0.00943899993 -0.00147000002 -0.063019
  vertex -0.0105579998 -0.00291000004 -0.0542140007
  endloop
 endfacet

 facet normal -0.191009894 0.972296655 0.134737894
  outer loop
  vertex -0.00943899993 -0.00147000002 -0.063019
  vertex -0.0107110003 -0.00170699996 -0.0631119981
  vertex -0.0105579998 -0.00291000004 -0.0542140007
  endloop
 endfacet

 facet normal 0.155639365 0.987811029 -0.00242204894
  outer loop
  vertex -0.00943899993 -0.00147000002 -0.063019
  vertex -0.00130500004 -0.00273000007 -0.0542129986
  vertex -0.00868999958 -0.00159400003 -0.0654610023
  endloop
 endfacet

 facet normal 0.554259419 0.806397617 -0.206202596
  outer loop
  vertex -0.00130500004 -0.00273000007 -0.0542129986
  vertex -0.0013 -0.00334100006 -0.0565889999
  vertex -0.00572900008 -0.002354 -0.0646340027
  endloop
 endfacet

 facet normal 0.268569231 0.959984243 -0.0793777853
  outer loop
  vertex -0.00130500004 -0.00273000007 -0.0542129986
  vertex -0.00572900008 -0.002354 -0.0646340027
  vertex -0.00868999958 -0.00159400003 -0.0654610023
  endloop
 endfacet

 facet normal 0.99999994 3.36215053e-05 0.000271539524
  outer loop
  vertex -0.00130500004 -0.00273000007 -0.0542129986
  vertex -0.00130400003 -0.0324649997 -0.0542140007
  vertex -0.00130300003 -0.0326890014 -0.0578689985
  endloop
 endfacet

 facet normal 0.999999881 -8.57977e-07 0.000554080762
  outer loop
  vertex -0.00130500004 -0.00273000007 -0.0542129986
  vertex -0.00130300003 -0.0326890014 -0.0578689985
  vertex -0.00130100001 -0.0316519998 -0.0614770018
  endloop
 endfacet

 facet normal 0.999999404 -0.000148749619 0.00114291883
  outer loop
  vertex -0.00130500004 -0.00273000007 -0.0542129986
  vertex -0.00130100001 -0.0316519998 -0.0614770018
  vertex -0.00129199994 -0.0223040003 -0.0681350008
  endloop
 endfacet

 facet normal 0.999996245 0.00201888313 -0.00190472335
  outer loop
  vertex -0.00130500004 -0.00273000007 -0.0542129986
  vertex -0.00129199994 -0.0223040003 -0.0681350008
  vertex -0.00130500004 -0.0156440008 -0.0679010004
  endloop
 endfacet

 facet normal 0.99996227 0.00632407796 -0.0059664771
  outer loop
  vertex -0.00130500004 -0.00273000007 -0.0542129986
  vertex -0.00130500004 -0.0156440008 -0.0679010004
  vertex -0.00132499996 -0.0104729999 -0.065771997
  endloop
 endfacet

 facet normal 0.999946713 -0.00929080043 0.00449345307
  outer loop
  vertex -0.00130500004 -0.00273000007 -0.0542129986
  vertex -0.00132499996 -0.0104729999 -0.065771997
  vertex -0.0013 -0.00334100006 -0.0565889999
  endloop
 endfacet

 facet normal -0.174879223 0.979149938 -0.103357479
  outer loop
  vertex -0.00943899993 -0.00147000002 -0.063019
  vertex -0.00868999958 -0.00159400003 -0.0654610023
  vertex -0.0107110003 -0.00170699996 -0.0631119981
  endloop
 endfacet

 facet normal -0.210531771 0.968282819 -0.134554446
  outer loop
  vertex -0.0107110003 -0.00170699996 -0.0631119981
  vertex -0.00868999958 -0.00159400003 -0.0654610023
  vertex -0.0110339997 -0.00223900005 -0.0664350018
  endloop
 endfacet

 facet normal -0.271888256 0.954004228 -0.126304567
  outer loop
  vertex -0.0107110003 -0.00170699996 -0.0631119981
  vertex -0.0110339997 -0.00223900005 -0.0664350018
  vertex -0.0117070004 -0.00230899989 -0.0655149966
  endloop
 endfacet

 facet normal 0.659721375 0.698394179 -0.277512729
  outer loop
  vertex -0.00572900008 -0.002354 -0.0646340027
  vertex -0.0013 -0.00334100006 -0.0565889999
  vertex -0.00560199982 -0.003883 -0.0681800023
  endloop
 endfacet

 facet normal -0.490054756 0.862674177 0.125059128
  outer loop
  vertex -0.0107110003 -0.00170699996 -0.0631119981
  vertex -0.0154849999 -0.00570899993 -0.0542129986
  vertex -0.0105579998 -0.00291000004 -0.0542140007
  endloop
 endfacet

 facet normal 0.30332759 0.922650278 -0.238136381
  outer loop
  vertex -0.00868999958 -0.00159400003 -0.0654610023
  vertex -0.00572900008 -0.002354 -0.0646340027
  vertex -0.00796199962 -0.00221300009 -0.0669320002
  endloop
 endfacet

 facet normal 0.765123248 0.56415081 -0.310355306
  outer loop
  vertex -0.0013 -0.00334100006 -0.0565889999
  vertex -0.00341699994 -0.00693000015 -0.0683320016
  vertex -0.00560199982 -0.003883 -0.0681800023
  endloop
 endfacet

 facet normal 0.547088742 0.775608897 -0.314840883
  outer loop
  vertex -0.00572900008 -0.002354 -0.0646340027
  vertex -0.00560199982 -0.003883 -0.0681800023
  vertex -0.00655600009 -0.00346500007 -0.0688079968
  endloop
 endfacet

 facet normal -0.210590407 -0.975747228 0.0597424023
  outer loop
  vertex -0.0086099999 -0.0308880005 -0.0542110018
  vertex -0.00130300003 -0.0326890014 -0.0578689985
  vertex -0.00130400003 -0.0324649997 -0.0542140007
  endloop
 endfacet

 facet normal -0.584258139 0.810626149 0.0390863232
  outer loop
  vertex -0.0117070004 -0.00230899989 -0.0655149966
  vertex -0.0142740002 -0.00426500011 -0.0633200034
  vertex -0.0107110003 -0.00170699996 -0.0631119981
  endloop
 endfacet

 facet normal -0.584400535 0.80987972 0.0507035404
  outer loop
  vertex -0.0107110003 -0.00170699996 -0.0631119981
  vertex -0.0142740002 -0.00426500011 -0.0633200034
  vertex -0.0154849999 -0.00570899993 -0.0542129986
  endloop
 endfacet

 facet normal 0.00423411559 0.922456861 -0.386076987
  outer loop
  vertex -0.00868999958 -0.00159400003 -0.0654610023
  vertex -0.00796199962 -0.00221300009 -0.0669320002
  vertex -0.00909699965 -0.00339600001 -0.0697709993
  endloop
 endfacet

 facet normal -0.0972902775 0.921467125 -0.376075983
  outer loop
  vertex -0.00868999958 -0.00159400003 -0.0654610023
  vertex -0.00909699965 -0.00339600001 -0.0697709993
  vertex -0.0110339997 -0.00223900005 -0.0664350018
  endloop
 endfacet

 facet normal -0.524523437 0.787424743 -0.323786288
  outer loop
  vertex -0.0110339997 -0.00223900005 -0.0664350018
  vertex -0.0111079998 -0.00377600011 -0.0700529963
  vertex -0.0117070004 -0.00230899989 -0.0655149966
  endloop
 endfacet

 facet normal 0.278285712 0.882081985 -0.380116433
  outer loop
  vertex -0.00655600009 -0.00346500007 -0.0688079968
  vertex -0.00757500017 -0.00351800001 -0.0696770027
  vertex -0.00796199962 -0.00221300009 -0.0669320002
  endloop
 endfacet

 facet normal 0.371082634 0.876450479 -0.306809694
  outer loop
  vertex -0.00655600009 -0.00346500007 -0.0688079968
  vertex -0.00796199962 -0.00221300009 -0.0669320002
  vertex -0.00572900008 -0.002354 -0.0646340027
  endloop
 endfacet

 facet normal -0.648993194 0.755997181 -0.0853007957
  outer loop
  vertex -0.0142740002 -0.00426500011 -0.0633200034
  vertex -0.0117070004 -0.00230899989 -0.0655149966
  vertex -0.0145150004 -0.00480700005 -0.0662899986
  endloop
 endfacet

 facet normal -0.118699893 0.914754629 -0.386179179
  outer loop
  vertex -0.0110339997 -0.00223900005 -0.0664350018
  vertex -0.00909699965 -0.00339600001 -0.0697709993
  vertex -0.0111079998 -0.00377600011 -0.0700529963
  endloop
 endfacet

 facet normal -0.47230643 0.818551421 -0.326956153
  outer loop
  vertex -0.0111079998 -0.00377600011 -0.0700529963
  vertex -0.0122689996 -0.00465800008 -0.0705839992
  vertex -0.0117070004 -0.00230899989 -0.0655149966
  endloop
 endfacet

 facet normal -0.592448354 0.753994644 -0.283720136
  outer loop
  vertex -0.0117070004 -0.00230899989 -0.0655149966
  vertex -0.0122689996 -0.00465800008 -0.0705839992
  vertex -0.0145150004 -0.00480700005 -0.0662899986
  endloop
 endfacet

 facet normal 0.901886821 0.339971483 -0.266495049
  outer loop
  vertex -0.00341699994 -0.00693000015 -0.0683320016
  vertex -0.0013 -0.00334100006 -0.0565889999
  vertex -0.00132499996 -0.0104729999 -0.065771997
  endloop
 endfacet

 facet normal -0.782371223 0.620817542 -0.0498086438
  outer loop
  vertex -0.0142740002 -0.00426500011 -0.0633200034
  vertex -0.0145150004 -0.00480700005 -0.0662899986
  vertex -0.0154600004 -0.00594400009 -0.0656180009
  endloop
 endfacet

 facet normal -0.807624578 0.589532793 -0.0139176194
  outer loop
  vertex -0.0142740002 -0.00426500011 -0.0633200034
  vertex -0.0154600004 -0.00594400009 -0.0656180009
  vertex -0.0154849999 -0.00570899993 -0.0542129986
  endloop
 endfacet

 facet normal -0.830014646 0.557582915 -0.0133083723
  outer loop
  vertex -0.0154849999 -0.00570899993 -0.0542129986
  vertex -0.0154600004 -0.00594400009 -0.0656180009
  vertex -0.0176790003 -0.00897500012 -0.0542140007
  endloop
 endfacet

 facet normal 0.0981573686 0.904068172 -0.415963888
  outer loop
  vertex -0.00757500017 -0.00351800001 -0.0696770027
  vertex -0.00909699965 -0.00339600001 -0.0697709993
  vertex -0.00796199962 -0.00221300009 -0.0669320002
  endloop
 endfacet

 facet normal -0.812025726 0.528235734 -0.248155937
  outer loop
  vertex -0.0145150004 -0.00480700005 -0.0662899986
  vertex -0.0156849995 -0.00837900024 -0.0700649992
  vertex -0.0154600004 -0.00594400009 -0.0656180009
  endloop
 endfacet

 facet normal 0.683487177 0.515890002 -0.516432881
  outer loop
  vertex -0.00341699994 -0.00693000015 -0.0683320016
  vertex -0.00671500014 -0.00676900009 -0.0725359991
  vertex -0.00560199982 -0.003883 -0.0681800023
  endloop
 endfacet

 facet normal 0.886702895 0.236521214 -0.397260278
  outer loop
  vertex -0.00341699994 -0.00693000015 -0.0683320016
  vertex -0.00132499996 -0.0104729999 -0.065771997
  vertex -0.00361300004 -0.0101960003 -0.0707139969
  endloop
 endfacet

 facet normal 0.825876534 0.299062043 -0.478006214
  outer loop
  vertex -0.00341699994 -0.00693000015 -0.0683320016
  vertex -0.00361300004 -0.0101960003 -0.0707139969
  vertex -0.0040839999 -0.010361 -0.0716309994
  endloop
 endfacet

 facet normal 0.609720111 0.580094278 -0.540122211
  outer loop
  vertex -0.00560199982 -0.003883 -0.0681800023
  vertex -0.00671500014 -0.00676900009 -0.0725359991
  vertex -0.00655600009 -0.00346500007 -0.0688079968
  endloop
 endfacet

 facet normal 0.473913848 0.64887464 -0.595287681
  outer loop
  vertex -0.00671500014 -0.00676900009 -0.0725359991
  vertex -0.00757500017 -0.00351800001 -0.0696770027
  vertex -0.00655600009 -0.00346500007 -0.0688079968
  endloop
 endfacet

 facet normal 0.100214481 0.726162612 -0.680180073
  outer loop
  vertex -0.00757500017 -0.00351800001 -0.0696770027
  vertex -0.00845799968 -0.00668200012 -0.0731849968
  vertex -0.00909699965 -0.00339600001 -0.0697709993
  endloop
 endfacet

 facet normal -0.841244936 0.540280759 -0.0200921986
  outer loop
  vertex -0.0154600004 -0.00594400009 -0.0656180009
  vertex -0.0175780002 -0.00915499963 -0.0632829964
  vertex -0.0176790003 -0.00897500012 -0.0542140007
  endloop
 endfacet

 facet normal -0.0420506708 0.729308486 -0.682891548
  outer loop
  vertex -0.0111079998 -0.00377600011 -0.0700529963
  vertex -0.00909699965 -0.00339600001 -0.0697709993
  vertex -0.00956800021 -0.00682399981 -0.0734030008
  endloop
 endfacet

 facet normal -0.204672486 0.688369513 -0.695885539
  outer loop
  vertex -0.0122689996 -0.00465800008 -0.0705839992
  vertex -0.0111079998 -0.00377600011 -0.0700529963
  vertex -0.012255 -0.00726100011 -0.0731630027
  endloop
 endfacet

 facet normal -0.539252341 0.591256678 -0.599685311
  outer loop
  vertex -0.0122689996 -0.00465800008 -0.0705839992
  vertex -0.012255 -0.00726100011 -0.0731630027
  vertex -0.0135369999 -0.00784400012 -0.0725850016
  endloop
 endfacet

 facet normal -0.523820043 0.413534731 -0.74471581
  outer loop
  vertex -0.0135369999 -0.00784400012 -0.0725850016
  vertex -0.012255 -0.00726100011 -0.0731630027
  vertex -0.0130939996 -0.0113869999 -0.0748640001
  endloop
 endfacet

 facet normal -0.742150307 0.380376071 -0.551839709
  outer loop
  vertex -0.0135369999 -0.00784400012 -0.0725850016
  vertex -0.0154649997 -0.0117739998 -0.0727009997
  vertex -0.0156849995 -0.00837900024 -0.0700649992
  endloop
 endfacet

 facet normal 0.730291307 0.394371957 -0.557804108
  outer loop
  vertex -0.00341699994 -0.00693000015 -0.0683320016
  vertex -0.0040839999 -0.010361 -0.0716309994
  vertex -0.00671500014 -0.00676900009 -0.0725359991
  endloop
 endfacet

 facet normal 0.28700462 0.674290717 -0.680411935
  outer loop
  vertex -0.00757500017 -0.00351800001 -0.0696770027
  vertex -0.00671500014 -0.00676900009 -0.0725359991
  vertex -0.00845799968 -0.00668200012 -0.0731849968
  endloop
 endfacet

 facet normal 0.0426626727 0.723805785 -0.688683689
  outer loop
  vertex -0.00845799968 -0.00668200012 -0.0731849968
  vertex -0.00956800021 -0.00682399981 -0.0734030008
  vertex -0.00909699965 -0.00339600001 -0.0697709993
  endloop
 endfacet

 facet normal -0.256266952 -0.965922832 -0.0363354087
  outer loop
  vertex -0.0086099999 -0.0308880005 -0.0542110018
  vertex -0.0168360006 -0.0283080004 -0.0647799969
  vertex -0.00130300003 -0.0326890014 -0.0578689985
  endloop
 endfacet

 facet normal -0.211122781 -0.96754998 -0.138831958
  outer loop
  vertex -0.0168360006 -0.0283080004 -0.0647799969
  vertex -0.015141 -0.0283209998 -0.0672670007
  vertex -0.00130300003 -0.0326890014 -0.0578689985
  endloop
 endfacet

 facet normal -0.174727753 0.686972737 -0.705364168
  outer loop
  vertex -0.0111079998 -0.00377600011 -0.0700529963
  vertex -0.00956800021 -0.00682399981 -0.0734030008
  vertex -0.012255 -0.00726100011 -0.0731630027
  endloop
 endfacet

 facet normal -0.713421822 0.605828941 -0.352137208
  outer loop
  vertex -0.0122689996 -0.00465800008 -0.0705839992
  vertex -0.0156849995 -0.00837900024 -0.0700649992
  vertex -0.0145150004 -0.00480700005 -0.0662899986
  endloop
 endfacet

 facet normal -0.824063778 0.313141316 -0.472082078
  outer loop
  vertex -0.0156849995 -0.00837900024 -0.0700649992
  vertex -0.0154649997 -0.0117739998 -0.0727009997
  vertex -0.0161940008 -0.00912300032 -0.0696699992
  endloop
 endfacet

 facet normal -0.595253587 0.406736791 -0.692992389
  outer loop
  vertex -0.0130939996 -0.0113869999 -0.0748640001
  vertex -0.012255 -0.00726100011 -0.0731630027
  vertex -0.0121849999 -0.0103310002 -0.0750249997
  endloop
 endfacet

 facet normal -0.66273272 0.344748586 -0.664781034
  outer loop
  vertex -0.0130939996 -0.0113869999 -0.0748640001
  vertex -0.0154649997 -0.0117739998 -0.0727009997
  vertex -0.0135369999 -0.00784400012 -0.0725850016
  endloop
 endfacet

 facet normal -0.684022903 0.563313365 -0.46345526
  outer loop
  vertex -0.0135369999 -0.00784400012 -0.0725850016
  vertex -0.0156849995 -0.00837900024 -0.0700649992
  vertex -0.0122689996 -0.00465800008 -0.0705839992
  endloop
 endfacet

 facet normal -0.855460823 0.471241951 -0.214750797
  outer loop
  vertex -0.0154600004 -0.00594400009 -0.0656180009
  vertex -0.0156849995 -0.00837900024 -0.0700649992
  vertex -0.0161940008 -0.00912300032 -0.0696699992
  endloop
 endfacet

 facet normal -0.877142131 0.441964507 -0.187853605
  outer loop
  vertex -0.0154600004 -0.00594400009 -0.0656180009
  vertex -0.0161940008 -0.00912300032 -0.0696699992
  vertex -0.0175780002 -0.00915499963 -0.0632829964
  endloop
 endfacet

 facet normal -0.863556862 0.469178379 -0.18477349
  outer loop
  vertex -0.0175780002 -0.00915499963 -0.0632829964
  vertex -0.0161940008 -0.00912300032 -0.0696699992
  vertex -0.0177769996 -0.0101380004 -0.0648489967
  endloop
 endfacet

 facet normal 0.50207597 0.323611766 -0.801994443
  outer loop
  vertex -0.00671500014 -0.00676900009 -0.0725359991
  vertex -0.00672700023 -0.0112979999 -0.0743710026
  vertex -0.00853800029 -0.0100570004 -0.0750039965
  endloop
 endfacet

 facet normal -0.158393592 0.509395599 -0.845829606
  outer loop
  vertex -0.012255 -0.00726100011 -0.0731630027
  vertex -0.00956800021 -0.00682399981 -0.0734030008
  vertex -0.0121849999 -0.0103310002 -0.0750249997
  endloop
 endfacet

 facet normal -0.080819115 0.467456907 -0.880313754
  outer loop
  vertex -0.0121849999 -0.0103310002 -0.0750249997
  vertex -0.00956800021 -0.00682399981 -0.0734030008
  vertex -0.00941099972 -0.0102770003 -0.0752509981
  endloop
 endfacet

 facet normal -0.925823987 0.377535701 -0.0178040136
  outer loop
  vertex -0.0175780002 -0.00915499963 -0.0632829964
  vertex -0.0183819998 -0.0106990002 -0.0542149991
  vertex -0.0176790003 -0.00897500012 -0.0542140007
  endloop
 endfacet

 facet normal 0.638288081 0.287617773 -0.714047968
  outer loop
  vertex -0.00671500014 -0.00676900009 -0.0725359991
  vertex -0.0040839999 -0.010361 -0.0716309994
  vertex -0.00672700023 -0.0112979999 -0.0743710026
  endloop
 endfacet

 facet normal 0.332381666 0.441350102 -0.833506227
  outer loop
  vertex -0.00671500014 -0.00676900009 -0.0725359991
  vertex -0.00853800029 -0.0100570004 -0.0750039965
  vertex -0.00845799968 -0.00668200012 -0.0731849968
  endloop
 endfacet

 facet normal 0.897763908 0.170660466 -0.406072676
  outer loop
  vertex -0.00132499996 -0.0104729999 -0.065771997
  vertex -0.00130500004 -0.0156440008 -0.0679010004
  vertex -0.00361300004 -0.0101960003 -0.0707139969
  endloop
 endfacet

 facet normal 0.111180604 0.472858846 -0.874095798
  outer loop
  vertex -0.00845799968 -0.00668200012 -0.0731849968
  vertex -0.00941099972 -0.0102770003 -0.0752509981
  vertex -0.00956800021 -0.00682399981 -0.0734030008
  endloop
 endfacet

 facet normal 0.129374281 0.468076438 -0.874166369
  outer loop
  vertex -0.00845799968 -0.00668200012 -0.0731849968
  vertex -0.00853800029 -0.0100570004 -0.0750039965
  vertex -0.00941099972 -0.0102770003 -0.0752509981
  endloop
 endfacet

 facet normal -0.282487303 -0.959164739 -0.0142780207
  outer loop
  vertex -0.0086099999 -0.0308880005 -0.0542110018
  vertex -0.0167350005 -0.0284950007 -0.0542160012
  vertex -0.0168360006 -0.0283080004 -0.0647799969
  endloop
 endfacet

 facet normal -0.302488506 -0.953050554 -0.0139785521
  outer loop
  vertex -0.0168360006 -0.0283080004 -0.0647799969
  vertex -0.0167350005 -0.0284950007 -0.0542160012
  vertex -0.0175969992 -0.0281099994 -0.0618119985
  endloop
 endfacet

 facet normal -0.556697547 -0.826080561 -0.0876284987
  outer loop
  vertex -0.0175969992 -0.0281099994 -0.0618119985
  vertex -0.0189239997 -0.0270039998 -0.0638080016
  vertex -0.0168360006 -0.0283080004 -0.0647799969
  endloop
 endfacet

 facet normal -0.597201645 -0.755542099 -0.269269973
  outer loop
  vertex -0.0168360006 -0.0283080004 -0.0647799969
  vertex -0.0189239997 -0.0270039998 -0.0638080016
  vertex -0.0168609992 -0.0269760005 -0.0684619993
  endloop
 endfacet

 facet normal -0.384850204 -0.837263525 -0.38843298
  outer loop
  vertex -0.015141 -0.0283209998 -0.0672670007
  vertex -0.0168609992 -0.0269760005 -0.0684619993
  vertex -0.0146350004 -0.0270240009 -0.0705640018
  endloop
 endfacet

 facet normal -0.915498018 0.244131297 -0.31978637
  outer loop
  vertex -0.0161940008 -0.00912300032 -0.0696699992
  vertex -0.0189549997 -0.0177149996 -0.068324998
  vertex -0.0200890005 -0.0175819993 -0.0649769977
  endloop
 endfacet

 facet normal -0.0833222196 0.173068449 -0.981379032
  outer loop
  vertex -0.0121849999 -0.0103310002 -0.0750249997
  vertex -0.00941099972 -0.0102770003 -0.0752509981
  vertex -0.0103150001 -0.0153449997 -0.076067999
  endloop
 endfacet

 facet normal -0.0750606805 0.176173389 -0.981493175
  outer loop
  vertex -0.0121849999 -0.0103310002 -0.0750249997
  vertex -0.0103150001 -0.0153449997 -0.076067999
  vertex -0.0115860002 -0.0153350001 -0.0759690031
  endloop
 endfacet

 facet normal -0.187177539 0.160421848 -0.969138563
  outer loop
  vertex -0.0121849999 -0.0103310002 -0.0750249997
  vertex -0.0115860002 -0.0153350001 -0.0759690031
  vertex -0.0127569996 -0.0147559997 -0.0756469965
  endloop
 endfacet

 facet normal -0.366054356 0.175771832 -0.913842678
  outer loop
  vertex -0.0121849999 -0.0103310002 -0.0750249997
  vertex -0.0127569996 -0.0147559997 -0.0756469965
  vertex -0.0130939996 -0.0113869999 -0.0748640001
  endloop
 endfacet

 facet normal -0.950346351 0.303305805 -0.0696241707
  outer loop
  vertex -0.0177769996 -0.0101380004 -0.0648489967
  vertex -0.0200740006 -0.0168040004 -0.0625350028
  vertex -0.0175780002 -0.00915499963 -0.0632829964
  endloop
 endfacet

 facet normal -0.925317347 0.291559398 -0.242448196
  outer loop
  vertex -0.0161940008 -0.00912300032 -0.0696699992
  vertex -0.0200890005 -0.0175819993 -0.0649769977
  vertex -0.0177769996 -0.0101380004 -0.0648489967
  endloop
 endfacet

 facet normal -0.951097131 0.307228476 -0.0320159681
  outer loop
  vertex -0.0183819998 -0.0106990002 -0.0542149991
  vertex -0.0175780002 -0.00915499963 -0.0632829964
  vertex -0.0200740006 -0.0168040004 -0.0625350028
  endloop
 endfacet

 facet normal 0.503817201 0.327521622 -0.799310863
  outer loop
  vertex -0.00672700023 -0.0112979999 -0.0743710026
  vertex -0.00776699977 -0.0113869999 -0.0750629976
  vertex -0.00853800029 -0.0100570004 -0.0750039965
  endloop
 endfacet

 facet normal 0.227190465 0.174207196 -0.958142161
  outer loop
  vertex -0.00853800029 -0.0100570004 -0.0750039965
  vertex -0.00776699977 -0.0113869999 -0.0750629976
  vertex -0.00941099972 -0.0102770003 -0.0752509981
  endloop
 endfacet

 facet normal 0.872935653 0.12654762 -0.471135944
  outer loop
  vertex -0.00361300004 -0.0101960003 -0.0707139969
  vertex -0.00130500004 -0.0156440008 -0.0679010004
  vertex -0.0040839999 -0.010361 -0.0716309994
  endloop
 endfacet

 facet normal 0.692624509 0.124100126 -0.71054244
  outer loop
  vertex -0.0040839999 -0.010361 -0.0716309994
  vertex -0.00481399987 -0.0142510002 -0.0730220005
  vertex -0.00672700023 -0.0112979999 -0.0743710026
  endloop
 endfacet

 facet normal -0.673767567 -0.73791045 0.0390587747
  outer loop
  vertex -0.0167350005 -0.0284950007 -0.0542160012
  vertex -0.0189239997 -0.0270039998 -0.0638080016
  vertex -0.0175969992 -0.0281099994 -0.0618119985
  endloop
 endfacet

 facet normal -0.138435498 -0.960233986 -0.242459342
  outer loop
  vertex -0.00130300003 -0.0326890014 -0.0578689985
  vertex -0.015141 -0.0283209998 -0.0672670007
  vertex -0.00970800035 -0.0285470001 -0.0694739968
  endloop
 endfacet

 facet normal -0.0917636827 -0.957021952 -0.275115281
  outer loop
  vertex -0.00130300003 -0.0326890014 -0.0578689985
  vertex -0.00970800035 -0.0285470001 -0.0694739968
  vertex -0.00130100001 -0.0316519998 -0.0614770018
  endloop
 endfacet

 facet normal -0.878340721 -0.470976412 -0.0818457678
  outer loop
  vertex -0.0189239997 -0.0270039998 -0.0638080016
  vertex -0.0201549996 -0.0248240009 -0.0631420016
  vertex -0.0201520007 -0.0245299991 -0.0648659989
  endloop
 endfacet

 facet normal -0.831166863 -0.508625329 -0.2246373
  outer loop
  vertex -0.0189239997 -0.0270039998 -0.0638080016
  vertex -0.0201520007 -0.0245299991 -0.0648659989
  vertex -0.0189839993 -0.0255960003 -0.0667740032
  endloop
 endfacet

 facet normal -0.677321672 -0.669817507 -0.304269522
  outer loop
  vertex -0.0189239997 -0.0270039998 -0.0638080016
  vertex -0.0189839993 -0.0255960003 -0.0667740032
  vertex -0.0168609992 -0.0269760005 -0.0684619993
  endloop
 endfacet

 facet normal -0.448595703 -0.841401517 -0.301339447
  outer loop
  vertex -0.0168360006 -0.0283080004 -0.0647799969
  vertex -0.0168609992 -0.0269760005 -0.0684619993
  vertex -0.015141 -0.0283209998 -0.0672670007
  endloop
 endfacet

 facet normal -0.879562974 0.232643872 -0.415025055
  outer loop
  vertex -0.016973 -0.0153559996 -0.0715129972
  vertex -0.0161940008 -0.00912300032 -0.0696699992
  vertex -0.0154649997 -0.0117739998 -0.0727009997
  endloop
 endfacet

 facet normal -0.893446684 0.226374328 -0.387953103
  outer loop
  vertex -0.0161940008 -0.00912300032 -0.0696699992
  vertex -0.016973 -0.0153559996 -0.0715129972
  vertex -0.0189549997 -0.0177149996 -0.068324998
  endloop
 endfacet

 facet normal 0.143035814 0.132597834 -0.980794847
  outer loop
  vertex -0.0103150001 -0.0153449997 -0.076067999
  vertex -0.00941099972 -0.0102770003 -0.0752509981
  vertex -0.00917300023 -0.0154229999 -0.0759119987
  endloop
 endfacet

 facet normal -0.489961356 0.150549024 -0.858645916
  outer loop
  vertex -0.0130939996 -0.0113869999 -0.0748640001
  vertex -0.0127569996 -0.0147559997 -0.0756469965
  vertex -0.0142599996 -0.0147540001 -0.0747890025
  endloop
 endfacet

 facet normal -0.676882982 0.218750998 -0.702835321
  outer loop
  vertex -0.0142599996 -0.0147540001 -0.0747890025
  vertex -0.0154649997 -0.0117739998 -0.0727009997
  vertex -0.0130939996 -0.0113869999 -0.0748640001
  endloop
 endfacet

 facet normal -0.950799167 0.296830446 -0.0887274221
  outer loop
  vertex -0.0200740006 -0.0168040004 -0.0625350028
  vertex -0.0177769996 -0.0101380004 -0.0648489967
  vertex -0.0200890005 -0.0175819993 -0.0649769977
  endloop
 endfacet

 facet normal 0.82960546 0.043369405 -0.556663096
  outer loop
  vertex -0.0040839999 -0.010361 -0.0716309994
  vertex -0.00130500004 -0.0156440008 -0.0679010004
  vertex -0.00481399987 -0.0142510002 -0.0730220005
  endloop
 endfacet

 facet normal 0.550423622 0.0485330075 -0.833473802
  outer loop
  vertex -0.00776699977 -0.0113869999 -0.0750629976
  vertex -0.00672700023 -0.0112979999 -0.0743710026
  vertex -0.00682399981 -0.0157619994 -0.0746949986
  endloop
 endfacet

 facet normal -0.784642577 -0.614288926 0.0835776329
  outer loop
  vertex -0.0167350005 -0.0284950007 -0.0542160012
  vertex -0.0176860001 -0.0272799991 -0.0542140007
  vertex -0.0189239997 -0.0270039998 -0.0638080016
  endloop
 endfacet

 facet normal -0.854012132 -0.511414886 0.0954884663
  outer loop
  vertex -0.0201549996 -0.0248240009 -0.0631420016
  vertex -0.0189239997 -0.0270039998 -0.0638080016
  vertex -0.0176860001 -0.0272799991 -0.0542140007
  endloop
 endfacet

 facet normal -0.714446068 -0.498316854 -0.491169274
  outer loop
  vertex -0.0168609992 -0.0269760005 -0.0684619993
  vertex -0.0189839993 -0.0255960003 -0.0667740032
  vertex -0.017182 -0.0248509999 -0.0701510012
  endloop
 endfacet

 facet normal -0.574906349 -0.560575008 -0.596018732
  outer loop
  vertex -0.0168609992 -0.0269760005 -0.0684619993
  vertex -0.017182 -0.0248509999 -0.0701510012
  vertex -0.0146350004 -0.0270240009 -0.0705640018
  endloop
 endfacet

 facet normal -0.248152986 -0.688658535 -0.681299925
  outer loop
  vertex -0.0146350004 -0.0270240009 -0.0705640018
  vertex -0.0112159997 -0.0260349996 -0.0728090033
  vertex -0.0114909997 -0.0269460008 -0.0717879981
  endloop
 endfacet

 facet normal -0.193834871 -0.902436376 -0.384755492
  outer loop
  vertex -0.0146350004 -0.0270240009 -0.0705640018
  vertex -0.00970800035 -0.0285470001 -0.0694739968
  vertex -0.015141 -0.0283209998 -0.0672670007
  endloop
 endfacet

 facet normal -0.775334775 0.1208205 -0.619885921
  outer loop
  vertex -0.0154649997 -0.0117739998 -0.0727009997
  vertex -0.0142599996 -0.0147540001 -0.0747890025
  vertex -0.016973 -0.0153559996 -0.0715129972
  endloop
 endfacet

 facet normal 0.201400608 0.133949995 -0.970306754
  outer loop
  vertex -0.00941099972 -0.0102770003 -0.0752509981
  vertex -0.00776699977 -0.0113869999 -0.0750629976
  vertex -0.00917300023 -0.0154229999 -0.0759119987
  endloop
 endfacet

 facet normal 0.462738276 0.025203364 -0.886136651
  outer loop
  vertex -0.00776699977 -0.0113869999 -0.0750629976
  vertex -0.00682399981 -0.0157619994 -0.0746949986
  vertex -0.00917300023 -0.0154229999 -0.0759119987
  endloop
 endfacet

 facet normal 0.827428401 0.021331789 -0.561165869
  outer loop
  vertex -0.00130500004 -0.0156440008 -0.0679010004
  vertex -0.00129199994 -0.0223040003 -0.0681350008
  vertex -0.00481399987 -0.0142510002 -0.0730220005
  endloop
 endfacet

 facet normal 0.619648099 0.0434146449 -0.783678174
  outer loop
  vertex -0.00672700023 -0.0112979999 -0.0743710026
  vertex -0.00481399987 -0.0142510002 -0.0730220005
  vertex -0.00682399981 -0.0157619994 -0.0746949986
  endloop
 endfacet

 facet normal -0.913480699 -0.378854096 0.148400337
  outer loop
  vertex -0.0201549996 -0.0248240009 -0.0631420016
  vertex -0.0176860001 -0.0272799991 -0.0542140007
  vertex -0.0197260007 -0.0223619994 -0.0542160012
  endloop
 endfacet

 facet normal -0.978013396 -0.205285713 -0.0367096215
  outer loop
  vertex -0.0201520007 -0.0245299991 -0.0648659989
  vertex -0.0201549996 -0.0248240009 -0.0631420016
  vertex -0.0206530001 -0.0225649998 -0.0625070035
  endloop
 endfacet

 facet normal -0.985079169 -0.150118381 -0.0841635689
  outer loop
  vertex -0.0201520007 -0.0245299991 -0.0648659989
  vertex -0.0206530001 -0.0225649998 -0.0625070035
  vertex -0.0203670003 -0.0231129993 -0.0648770034
  endloop
 endfacet

 facet normal -0.917402506 -0.142083183 -0.371732414
  outer loop
  vertex -0.0201520007 -0.0245299991 -0.0648659989
  vertex -0.0203670003 -0.0231129993 -0.0648770034
  vertex -0.0188570004 -0.0233970005 -0.0684949979
  endloop
 endfacet

 facet normal -0.881483912 -0.258411735 -0.395233572
  outer loop
  vertex -0.0201520007 -0.0245299991 -0.0648659989
  vertex -0.0188570004 -0.0233970005 -0.0684949979
  vertex -0.0189839993 -0.0255960003 -0.0667740032
  endloop
 endfacet

 facet normal -0.794164419 -0.345431894 -0.499979764
  outer loop
  vertex -0.017182 -0.0248509999 -0.0701510012
  vertex -0.0189839993 -0.0255960003 -0.0667740032
  vertex -0.0188570004 -0.0233970005 -0.0684949979
  endloop
 endfacet

 facet normal -0.617848754 -0.357944429 -0.70009917
  outer loop
  vertex -0.017182 -0.0248509999 -0.0701510012
  vertex -0.0155400001 -0.0225980002 -0.0727519989
  vertex -0.0145110004 -0.0243369993 -0.0727709979
  endloop
 endfacet

 facet normal -0.162840828 -0.865641534 -0.473442465
  outer loop
  vertex -0.0114909997 -0.0269460008 -0.0717879981
  vertex -0.00970800035 -0.0285470001 -0.0694739968
  vertex -0.0146350004 -0.0270240009 -0.0705640018
  endloop
 endfacet

 facet normal -0.547140837 -0.516054273 -0.659033418
  outer loop
  vertex -0.0146350004 -0.0270240009 -0.0705640018
  vertex -0.017182 -0.0248509999 -0.0701510012
  vertex -0.0145110004 -0.0243369993 -0.0727709979
  endloop
 endfacet

 facet normal -0.390990466 -0.573340178 -0.720005274
  outer loop
  vertex -0.0146350004 -0.0270240009 -0.0705640018
  vertex -0.0145110004 -0.0243369993 -0.0727709979
  vertex -0.0132419998 -0.0241449997 -0.0736130029
  endloop
 endfacet

 facet normal -0.29478392 -0.623890936 -0.723783553
  outer loop
  vertex -0.0146350004 -0.0270240009 -0.0705640018
  vertex -0.0132419998 -0.0241449997 -0.0736130029
  vertex -0.0112159997 -0.0260349996 -0.0728090033
  endloop
 endfacet

 facet normal -0.945815265 0.041717045 -0.322014183
  outer loop
  vertex -0.0189549997 -0.0177149996 -0.068324998
  vertex -0.0203670003 -0.0231129993 -0.0648770034
  vertex -0.0200890005 -0.0175819993 -0.0649769977
  endloop
 endfacet

 facet normal -0.994671285 0.0998428613 -0.0256993528
  outer loop
  vertex -0.0200890005 -0.0175819993 -0.0649769977
  vertex -0.0206530001 -0.0225649998 -0.0625070035
  vertex -0.0200740006 -0.0168040004 -0.0625350028
  endloop
 endfacet

 facet normal -0.0779229179 -0.155826345 -0.984706104
  outer loop
  vertex -0.0103150001 -0.0153449997 -0.076067999
  vertex -0.0110179996 -0.0216349997 -0.0750169978
  vertex -0.0115860002 -0.0153350001 -0.0759690031
  endloop
 endfacet

 facet normal -0.318824708 -0.122078255 -0.939918995
  outer loop
  vertex -0.0115860002 -0.0153350001 -0.0759690031
  vertex -0.0131120002 -0.0207889993 -0.0747430027
  vertex -0.0127569996 -0.0147559997 -0.0756469965
  endloop
 endfacet

 facet normal -0.678149343 -0.0790820271 -0.730656981
  outer loop
  vertex -0.0145239998 -0.0220619999 -0.0737529993
  vertex -0.0155400001 -0.0225980002 -0.0727519989
  vertex -0.0142599996 -0.0147540001 -0.0747890025
  endloop
 endfacet

 facet normal 0.690238118 -0.130078226 -0.711794257
  outer loop
  vertex -0.00481399987 -0.0142510002 -0.0730220005
  vertex -0.00129199994 -0.0223040003 -0.0681350008
  vertex -0.00682399981 -0.0157619994 -0.0746949986
  endloop
 endfacet

 facet normal 0.652949154 -0.184472099 -0.734593451
  outer loop
  vertex -0.00470399996 -0.0247840006 -0.0705450028
  vertex -0.00682399981 -0.0157619994 -0.0746949986
  vertex -0.00129199994 -0.0223040003 -0.0681350008
  endloop
 endfacet

 facet normal -0.963029087 -0.244249284 0.113654539
  outer loop
  vertex -0.0201549996 -0.0248240009 -0.0631420016
  vertex -0.0197260007 -0.0223619994 -0.0542160012
  vertex -0.0206530001 -0.0225649998 -0.0625070035
  endloop
 endfacet

 facet normal -0.762478113 -0.166191727 -0.625305891
  outer loop
  vertex -0.017182 -0.0248509999 -0.0701510012
  vertex -0.0188570004 -0.0233970005 -0.0684949979
  vertex -0.0155400001 -0.0225980002 -0.0727519989
  endloop
 endfacet

 facet normal -0.569209993 -0.328578502 -0.753681779
  outer loop
  vertex -0.0145110004 -0.0243369993 -0.0727709979
  vertex -0.0155400001 -0.0225980002 -0.0727519989
  vertex -0.0145239998 -0.0220619999 -0.0737529993
  endloop
 endfacet

 facet normal -0.480618775 -0.34984526 -0.804123044
  outer loop
  vertex -0.0145110004 -0.0243369993 -0.0727709979
  vertex -0.0145239998 -0.0220619999 -0.0737529993
  vertex -0.0132419998 -0.0241449997 -0.0736130029
  endloop
 endfacet

 facet normal -0.193730265 -0.552526295 -0.810668468
  outer loop
  vertex -0.0132419998 -0.0241449997 -0.0736130029
  vertex -0.0117290001 -0.0242059994 -0.0739329979
  vertex -0.0112159997 -0.0260349996 -0.0728090033
  endloop
 endfacet

 facet normal 0.0697582364 -0.753601909 -0.65361923
  outer loop
  vertex -0.0112159997 -0.0260349996 -0.0728090033
  vertex -0.00825900026 -0.0271359999 -0.0712239966
  vertex -0.0114909997 -0.0269460008 -0.0717879981
  endloop
 endfacet

 facet normal 0.0572460517 -0.799829364 -0.597491443
  outer loop
  vertex -0.0114909997 -0.0269460008 -0.0717879981
  vertex -0.00825900026 -0.0271359999 -0.0712239966
  vertex -0.00970800035 -0.0285470001 -0.0694739968
  endloop
 endfacet

 facet normal 0.185588211 -0.834348559 -0.519056439
  outer loop
  vertex -0.00970800035 -0.0285470001 -0.0694739968
  vertex -0.00825900026 -0.0271359999 -0.0712239966
  vertex -0.00130100001 -0.0316519998 -0.0614770018
  endloop
 endfacet

 facet normal 0.296299309 -0.768242061 -0.56746006
  outer loop
  vertex -0.00130100001 -0.0316519998 -0.0614770018
  vertex -0.00825900026 -0.0271359999 -0.0712239966
  vertex -0.00626200018 -0.0271000005 -0.0702299997
  endloop
 endfacet

 facet normal 0.544022262 -0.577531457 -0.608684897
  outer loop
  vertex -0.00130100001 -0.0316519998 -0.0614770018
  vertex -0.00626200018 -0.0271000005 -0.0702299997
  vertex -0.00478499988 -0.0256559998 -0.0702800006
  endloop
 endfacet

 facet normal 0.726504266 -0.399109423 -0.55937767
  outer loop
  vertex -0.00130100001 -0.0316519998 -0.0614770018
  vertex -0.00478499988 -0.0256559998 -0.0702800006
  vertex -0.00129199994 -0.0223040003 -0.0681350008
  endloop
 endfacet

 facet normal -0.765734196 -0.0417152867 -0.641802907
  outer loop
  vertex -0.0142599996 -0.0147540001 -0.0747890025
  vertex -0.0155400001 -0.0225980002 -0.0727519989
  vertex -0.016973 -0.0153559996 -0.0715129972
  endloop
 endfacet

 facet normal -0.990317702 0.0474167094 -0.130470484
  outer loop
  vertex -0.0203670003 -0.0231129993 -0.0648770034
  vertex -0.0206530001 -0.0225649998 -0.0625070035
  vertex -0.0200890005 -0.0175819993 -0.0649769977
  endloop
 endfacet

 facet normal 0.121352248 -0.176767692 -0.976743042
  outer loop
  vertex -0.00917300023 -0.0154229999 -0.0759119987
  vertex -0.0110179996 -0.0216349997 -0.0750169978
  vertex -0.0103150001 -0.0153449997 -0.076067999
  endloop
 endfacet

 facet normal -0.0168118365 -0.384499639 -0.922972143
  outer loop
  vertex -0.0110179996 -0.0216349997 -0.0750169978
  vertex -0.0102690002 -0.0241209995 -0.0739950016
  vertex -0.0117290001 -0.0242059994 -0.0739329979
  endloop
 endfacet

 facet normal -0.493357033 -0.100433797 -0.864009261
  outer loop
  vertex -0.0127569996 -0.0147559997 -0.0756469965
  vertex -0.0131120002 -0.0207889993 -0.0747430027
  vertex -0.0142599996 -0.0147540001 -0.0747890025
  endloop
 endfacet

 facet normal -0.507114768 -0.10298755 -0.855703294
  outer loop
  vertex -0.0142599996 -0.0147540001 -0.0747890025
  vertex -0.0131120002 -0.0207889993 -0.0747430027
  vertex -0.0145239998 -0.0220619999 -0.0737529993
  endloop
 endfacet

 facet normal -0.192686319 -0.163577735 -0.967530072
  outer loop
  vertex -0.0131120002 -0.0207889993 -0.0747430027
  vertex -0.0115860002 -0.0153350001 -0.0759690031
  vertex -0.0110179996 -0.0216349997 -0.0750169978
  endloop
 endfacet

 facet normal -0.986578107 0.113679543 0.117220774
  outer loop
  vertex -0.0183819998 -0.0106990002 -0.0542149991
  vertex -0.0200740006 -0.0168040004 -0.0625350028
  vertex -0.0197260007 -0.0223619994 -0.0542160012
  endloop
 endfacet

 facet normal 0.678813457 -0.270518243 -0.682665527
  outer loop
  vertex -0.00129199994 -0.0223040003 -0.0681350008
  vertex -0.00478499988 -0.0256559998 -0.0702800006
  vertex -0.00470399996 -0.0247840006 -0.0705450028
  endloop
 endfacet

 facet normal -0.922964156 -0.00440401956 -0.384860992
  outer loop
  vertex -0.0203670003 -0.0231129993 -0.0648770034
  vertex -0.0189549997 -0.0177149996 -0.068324998
  vertex -0.0188570004 -0.0233970005 -0.0684949979
  endloop
 endfacet

 facet normal -0.365181684 -0.284331769 -0.886452436
  outer loop
  vertex -0.0132419998 -0.0241449997 -0.0736130029
  vertex -0.0145239998 -0.0220619999 -0.0737529993
  vertex -0.0131120002 -0.0207889993 -0.0747430027
  endloop
 endfacet

 facet normal -0.00560369855 -0.524707913 -0.85126394
  outer loop
  vertex -0.0117290001 -0.0242059994 -0.0739329979
  vertex -0.0102690002 -0.0241209995 -0.0739950016
  vertex -0.0112159997 -0.0260349996 -0.0728090033
  endloop
 endfacet

 facet normal 0.16290766 -0.576670766 -0.800569773
  outer loop
  vertex -0.0112159997 -0.0260349996 -0.0728090033
  vertex -0.0102690002 -0.0241209995 -0.0739950016
  vertex -0.00827500038 -0.0259830002 -0.0722479969
  endloop
 endfacet

 facet normal 0.152734876 -0.655065179 -0.739974141
  outer loop
  vertex -0.0112159997 -0.0260349996 -0.0728090033
  vertex -0.00827500038 -0.0259830002 -0.0722479969
  vertex -0.00825900026 -0.0271359999 -0.0712239966
  endloop
 endfacet

 facet normal -0.849625587 0.0011250868 -0.527385175
  outer loop
  vertex -0.016973 -0.0153559996 -0.0715129972
  vertex -0.0188570004 -0.0233970005 -0.0684949979
  vertex -0.0189549997 -0.0177149996 -0.068324998
  endloop
 endfacet

 facet normal -0.98909992 0.0999334082 0.108142361
  outer loop
  vertex -0.0206530001 -0.0225649998 -0.0625070035
  vertex -0.0197260007 -0.0223619994 -0.0542160012
  vertex -0.0200740006 -0.0168040004 -0.0625350028
  endloop
 endfacet

 facet normal 0.431839466 -0.180310354 -0.883743703
  outer loop
  vertex -0.00917300023 -0.0154229999 -0.0759119987
  vertex -0.00682399981 -0.0157619994 -0.0746949986
  vertex -0.00895600021 -0.0209710002 -0.0746740028
  endloop
 endfacet

 facet normal 0.250418246 -0.302612126 -0.919628561
  outer loop
  vertex -0.0102690002 -0.0241209995 -0.0739950016
  vertex -0.0110179996 -0.0216349997 -0.0750169978
  vertex -0.00895600021 -0.0209710002 -0.0746740028
  endloop
 endfacet

 facet normal -0.208024353 -0.330602854 -0.920558393
  outer loop
  vertex -0.0117290001 -0.0242059994 -0.0739329979
  vertex -0.0132419998 -0.0241449997 -0.0736130029
  vertex -0.0110179996 -0.0216349997 -0.0750169978
  endloop
 endfacet

 facet normal -0.242344484 -0.301149517 -0.922267914
  outer loop
  vertex -0.0110179996 -0.0216349997 -0.0750169978
  vertex -0.0132419998 -0.0241449997 -0.0736130029
  vertex -0.0131120002 -0.0207889993 -0.0747430027
  endloop
 endfacet

 facet normal -0.783385158 -0.0490062498 -0.619601607
  outer loop
  vertex -0.0188570004 -0.0233970005 -0.0684949979
  vertex -0.016973 -0.0153559996 -0.0715129972
  vertex -0.0155400001 -0.0225980002 -0.0727519989
  endloop
 endfacet

 facet normal 0.461077601 -0.4970676 -0.735072374
  outer loop
  vertex -0.00478499988 -0.0256559998 -0.0702800006
  vertex -0.00626200018 -0.0271000005 -0.0702299997
  vertex -0.00827500038 -0.0259830002 -0.0722479969
  endloop
 endfacet

 facet normal 0.556667626 -0.288462073 -0.779044867
  outer loop
  vertex -0.00478499988 -0.0256559998 -0.0702800006
  vertex -0.0081550004 -0.0224990007 -0.073857002
  vertex -0.00470399996 -0.0247840006 -0.0705450028
  endloop
 endfacet

 facet normal 0.598760188 -0.214287817 -0.771729946
  outer loop
  vertex -0.00470399996 -0.0247840006 -0.0705450028
  vertex -0.0081550004 -0.0224990007 -0.073857002
  vertex -0.00682399981 -0.0157619994 -0.0746949986
  endloop
 endfacet

 facet normal 0.359614193 -0.616823554 -0.70014739
  outer loop
  vertex -0.00825900026 -0.0271359999 -0.0712239966
  vertex -0.00827500038 -0.0259830002 -0.0722479969
  vertex -0.00626200018 -0.0271000005 -0.0702299997
  endloop
 endfacet

 facet normal 0.224174082 -0.203883171 -0.952983558
  outer loop
  vertex -0.0110179996 -0.0216349997 -0.0750169978
  vertex -0.00917300023 -0.0154229999 -0.0759119987
  vertex -0.00895600021 -0.0209710002 -0.0746740028
  endloop
 endfacet

 facet normal 0.484047085 -0.201548576 -0.851514339
  outer loop
  vertex -0.00682399981 -0.0157619994 -0.0746949986
  vertex -0.0081550004 -0.0224990007 -0.073857002
  vertex -0.00895600021 -0.0209710002 -0.0746740028
  endloop
 endfacet

 facet normal 0.304250091 -0.320207745 -0.897161663
  outer loop
  vertex -0.00895600021 -0.0209710002 -0.0746740028
  vertex -0.0081550004 -0.0224990007 -0.073857002
  vertex -0.0102690002 -0.0241209995 -0.0739950016
  endloop
 endfacet

 facet normal 0.480939209 -0.381199211 -0.789547086
  outer loop
  vertex -0.00827500038 -0.0259830002 -0.0722479969
  vertex -0.0081550004 -0.0224990007 -0.073857002
  vertex -0.00478499988 -0.0256559998 -0.0702800006
  endloop
 endfacet

 facet normal 0.362594455 -0.401005805 -0.841260672
  outer loop
  vertex -0.0102690002 -0.0241209995 -0.0739950016
  vertex -0.0081550004 -0.0224990007 -0.073857002
  vertex -0.00827500038 -0.0259830002 -0.0722479969
  endloop
 endfacet

 facet normal -0.000166360056 -9.79708857e-05 1
  outer loop
  vertex 0.0405539982 -0.000572999998 -0.0509070009
  vertex 0.0405529998 -0.0311810002 -0.0509099998
  vertex 0.0513890013 -0.0291620009 -0.0509079993
  endloop
 endfacet

 facet normal -0.000160105439 -9.56004296e-05 1
  outer loop
  vertex 0.0405539982 -0.000572999998 -0.0509070009
  vertex 0.0513890013 -0.0291620009 -0.0509079993
  vertex 0.056623999 -0.0274860002 -0.0509070009
  endloop
 endfacet

 facet normal 0.00116566848 0.000696031435 0.999999166
  outer loop
  vertex 0.0405539982 -0.000572999998 -0.0509070009
  vertex 0.056623999 -0.0274860002 -0.0509070009
  vertex 0.0602609999 -0.0249600001 -0.0509129986
  endloop
 endfacet

 facet normal 0.00130307779 0.000807071221 0.999998808
  outer loop
  vertex 0.0405539982 -0.000572999998 -0.0509070009
  vertex 0.0602609999 -0.0249600001 -0.0509129986
  vertex 0.0617449991 -0.0211570002 -0.0509180017
  endloop
 endfacet

 facet normal -0.00089210947 -0.00145284983 0.999998629
  outer loop
  vertex 0.0405539982 -0.000572999998 -0.0509070009
  vertex 0.0617449991 -0.0211570002 -0.0509180017
  vertex 0.0622199997 -0.0145640001 -0.0509079993
  endloop
 endfacet

 facet normal -0.000159296862 -0.000318040431 0.99999994
  outer loop
  vertex 0.0405539982 -0.000572999998 -0.0509070009
  vertex 0.0622199997 -0.0145640001 -0.0509079993
  vertex 0.0618229993 -0.0112260003 -0.0509070009
  endloop
 endfacet

 facet normal 0.000399659766 0.000797931396 0.999999642
  outer loop
  vertex 0.0405539982 -0.000572999998 -0.0509070009
  vertex 0.0618229993 -0.0112260003 -0.0509070009
  vertex 0.0604300015 -0.00676999986 -0.0509099998
  endloop
 endfacet

 facet normal -0.000170641666 -0.00103122997 0.999999464
  outer loop
  vertex 0.0405539982 -0.000572999998 -0.0509070009
  vertex 0.0604300015 -0.00676999986 -0.0509099998
  vertex 0.0589790009 -0.00459000003 -0.0509079993
  endloop
 endfacet

 facet normal -5.79240077e-05 -0.000514221494 0.999999881
  outer loop
  vertex 0.0405539982 -0.000572999998 -0.0509070009
  vertex 0.0589790009 -0.00459000003 -0.0509079993
  vertex 0.0568620004 -0.00240999996 -0.0509070009
  endloop
 endfacet

 facet normal 0.000188078964 0.00166967453 0.999998569
  outer loop
  vertex 0.0405539982 -0.000572999998 -0.0509070009
  vertex 0.0568620004 -0.00240999996 -0.0509070009
  vertex 0.0525219999 -0.000722999976 -0.0509090014
  endloop
 endfacet

 facet normal 0.0124820098 0.994513094 0.103865735
  outer loop
  vertex 0.0405539982 -0.000572999998 -0.0509070009
  vertex 0.0525219999 -0.000722999976 -0.0509090014
  vertex 0.0498190001 0.000635000004 -0.0635870025
  endloop
 endfacet

 facet normal 0.358661324 0.933172286 0.0234884527
  outer loop
  vertex 0.0498190001 0.000635000004 -0.0635870025
  vertex 0.0525219999 -0.000722999976 -0.0509090014
  vertex 0.0512900017 9.89999971e-05 -0.0647540018
  endloop
 endfacet

 facet normal -0.193592235 0.979902267 -0.0481001958
  outer loop
  vertex 0.0405539982 -0.000572999998 -0.0509070009
  vertex 0.0498190001 0.000635000004 -0.0635870025
  vertex 0.0469390005 -7.00000019e-05 -0.066358
  endloop
 endfacet

 facet normal -0.595069826 0.772762001 -0.220750928
  outer loop
  vertex 0.0405539982 -0.000572999998 -0.0509070009
  vertex 0.0469390005 -7.00000019e-05 -0.066358
  vertex 0.0405430011 -0.00163700001 -0.0546020009
  endloop
 endfacet

 facet normal -0.999926388 -0.0105496598 0.00601382554
  outer loop
  vertex 0.0405539982 -0.000572999998 -0.0509070009
  vertex 0.0405430011 -0.00163700001 -0.0546020009
  vertex 0.0405699983 -0.00910000037 -0.0632049963
  endloop
 endfacet

 facet normal -0.999982536 0.00417083176 -0.00419292087
  outer loop
  vertex 0.0405539982 -0.000572999998 -0.0509070009
  vertex 0.0405699983 -0.00910000037 -0.0632049963
  vertex 0.040546 -0.0205959994 -0.0689169988
  endloop
 endfacet

 facet normal -0.999996781 -0.0014745415 0.00208344916
  outer loop
  vertex 0.0405539982 -0.000572999998 -0.0509070009
  vertex 0.040546 -0.0205959994 -0.0689169988
  vertex 0.0405529998 -0.0242410004 -0.0681369975
  endloop
 endfacet

 facet normal -1 2.38509492e-05 2.51812853e-05
  outer loop
  vertex 0.0405539982 -0.000572999998 -0.0509070009
  vertex 0.0405529998 -0.0242410004 -0.0681369975
  vertex 0.0405529998 -0.0300709996 -0.0626149997
  endloop
 endfacet

 facet normal -0.999999642 0.000357124547 -0.000814492931
  outer loop
  vertex 0.0405539982 -0.000572999998 -0.0509070009
  vertex 0.0405529998 -0.0300709996 -0.0626149997
  vertex 0.040550001 -0.03156 -0.0595859997
  endloop
 endfacet

 facet normal -0.99999994 3.2584474e-05 0.000344226573
  outer loop
  vertex 0.0405539982 -0.000572999998 -0.0509070009
  vertex 0.040550001 -0.03156 -0.0595859997
  vertex 0.0405529998 -0.0311810002 -0.0509099998
  endloop
 endfacet

 facet normal 0.362195283 0.931816101 0.0230934527
  outer loop
  vertex 0.0512900017 9.89999971e-05 -0.0647540018
  vertex 0.0525219999 -0.000722999976 -0.0509090014
  vertex 0.0568620004 -0.00240999996 -0.0509070009
  endloop
 endfacet

 facet normal 0.213690728 0.961587131 -0.172297686
  outer loop
  vertex 0.0512900017 9.89999971e-05 -0.0647540018
  vertex 0.0502550006 3.30000003e-05 -0.0664059967
  vertex 0.0498190001 0.000635000004 -0.0635870025
  endloop
 endfacet

 facet normal -0.549413741 0.813550353 -0.190474376
  outer loop
  vertex 0.0469390005 -7.00000019e-05 -0.066358
  vertex 0.0451389998 -0.00135699997 -0.066662997
  vertex 0.0405430011 -0.00163700001 -0.0546020009
  endloop
 endfacet

 facet normal -0.0334191211 0.976334929 -0.213666424
  outer loop
  vertex 0.0498190001 0.000635000004 -0.0635870025
  vertex 0.0502550006 3.30000003e-05 -0.0664059967
  vertex 0.0469390005 -7.00000019e-05 -0.066358
  endloop
 endfacet

 facet normal -0.496927559 0.783445299 -0.373197764
  outer loop
  vertex 0.0469390005 -7.00000019e-05 -0.066358
  vertex 0.0468400009 -0.00197200011 -0.0702190027
  vertex 0.0451389998 -0.00135699997 -0.066662997
  endloop
 endfacet

 facet normal 0.635142922 0.763443768 -0.11724814
  outer loop
  vertex 0.0512900017 9.89999971e-05 -0.0647540018
  vertex 0.0568620004 -0.00240999996 -0.0509070009
  vertex 0.0547540002 -0.00274399994 -0.0645010024
  endloop
 endfacet

 facet normal 0.420853943 0.856817245 -0.297903031
  outer loop
  vertex 0.0512900017 9.89999971e-05 -0.0647540018
  vertex 0.0515500009 -0.00134399999 -0.0685369968
  vertex 0.0502550006 3.30000003e-05 -0.0664059967
  endloop
 endfacet

 facet normal 0.626299739 0.741754651 -0.239893124
  outer loop
  vertex 0.0547540002 -0.00274399994 -0.0645010024
  vertex 0.0515500009 -0.00134399999 -0.0685369968
  vertex 0.0512900017 9.89999971e-05 -0.0647540018
  endloop
 endfacet

 facet normal 0.303173184 0.873738527 -0.380351275
  outer loop
  vertex 0.0515500009 -0.00134399999 -0.0685369968
  vertex 0.0500230007 -0.00125600002 -0.0695519969
  vertex 0.0502550006 3.30000003e-05 -0.0664059967
  endloop
 endfacet

 facet normal -0.00134905393 0.925374806 -0.379051179
  outer loop
  vertex 0.0500230007 -0.00125600002 -0.0695519969
  vertex 0.0486570001 -0.00133500004 -0.0697399974
  vertex 0.0502550006 3.30000003e-05 -0.0664059967
  endloop
 endfacet

 facet normal -0.0341828391 0.930255592 -0.36531651
  outer loop
  vertex 0.0469390005 -7.00000019e-05 -0.066358
  vertex 0.0502550006 3.30000003e-05 -0.0664059967
  vertex 0.0486570001 -0.00133500004 -0.0697399974
  endloop
 endfacet

 facet normal -0.195916742 0.881657839 -0.429297209
  outer loop
  vertex 0.0469390005 -7.00000019e-05 -0.066358
  vertex 0.0486570001 -0.00133500004 -0.0697399974
  vertex 0.0468400009 -0.00197200011 -0.0702190027
  endloop
 endfacet

 facet normal -0.516109824 0.767779768 -0.379664153
  outer loop
  vertex 0.0451389998 -0.00135699997 -0.066662997
  vertex 0.0468400009 -0.00197200011 -0.0702190027
  vertex 0.045922 -0.00264200009 -0.0703260005
  endloop
 endfacet

 facet normal -0.617030084 0.69202745 -0.374662459
  outer loop
  vertex 0.0451389998 -0.00135699997 -0.066662997
  vertex 0.045922 -0.00264200009 -0.0703260005
  vertex 0.0448370017 -0.00334899989 -0.0698449984
  endloop
 endfacet

 facet normal -0.773923337 0.567151964 -0.281746894
  outer loop
  vertex 0.0405430011 -0.00163700001 -0.0546020009
  vertex 0.0451389998 -0.00135699997 -0.066662997
  vertex 0.0427610017 -0.00475100009 -0.0669630021
  endloop
 endfacet

 facet normal 0.711529851 0.691025674 -0.127314061
  outer loop
  vertex 0.0568620004 -0.00240999996 -0.0509070009
  vertex 0.0589790009 -0.00459000003 -0.0509079993
  vertex 0.0547540002 -0.00274399994 -0.0645010024
  endloop
 endfacet

 facet normal 0.653436363 0.705670536 -0.273952544
  outer loop
  vertex 0.0547540002 -0.00274399994 -0.0645010024
  vertex 0.0545689985 -0.00418999977 -0.068667002
  vertex 0.0515500009 -0.00134399999 -0.0685369968
  endloop
 endfacet

 facet normal 0.398815006 0.744476497 -0.535445035
  outer loop
  vertex 0.0515500009 -0.00134399999 -0.0685369968
  vertex 0.051523 -0.00378999999 -0.071957998
  vertex 0.0500230007 -0.00125600002 -0.0695519969
  endloop
 endfacet

 facet normal -0.0831684098 0.739526033 -0.6679703
  outer loop
  vertex 0.0468400009 -0.00197200011 -0.0702190027
  vertex 0.0486570001 -0.00133500004 -0.0697399974
  vertex 0.0471689999 -0.00416600006 -0.0726889968
  endloop
 endfacet

 facet normal -0.404729903 0.656240344 -0.636822104
  outer loop
  vertex 0.0468400009 -0.00197200011 -0.0702190027
  vertex 0.0471689999 -0.00416600006 -0.0726889968
  vertex 0.045922 -0.00264200009 -0.0703260005
  endloop
 endfacet

 facet normal -0.773964047 0.56716764 -0.281603366
  outer loop
  vertex 0.0451389998 -0.00135699997 -0.066662997
  vertex 0.0448370017 -0.00334899989 -0.0698449984
  vertex 0.0427610017 -0.00475100009 -0.0669630021
  endloop
 endfacet

 facet normal 0.182939053 -0.981885672 0.0493338928
  outer loop
  vertex 0.0513890013 -0.0291620009 -0.0509079993
  vertex 0.0405529998 -0.0311810002 -0.0509099998
  vertex 0.052747 -0.0292310007 -0.0573169999
  endloop
 endfacet

 facet normal 0.818719566 0.545102537 -0.180448025
  outer loop
  vertex 0.0547540002 -0.00274399994 -0.0645010024
  vertex 0.0589790009 -0.00459000003 -0.0509079993
  vertex 0.0604300015 -0.00676999986 -0.0509099998
  endloop
 endfacet

 facet normal 0.594335914 0.651971817 -0.470847696
  outer loop
  vertex 0.0515500009 -0.00134399999 -0.0685369968
  vertex 0.0545689985 -0.00418999977 -0.068667002
  vertex 0.051523 -0.00378999999 -0.071957998
  endloop
 endfacet

 facet normal -0.101809315 0.742809594 -0.661716521
  outer loop
  vertex 0.0486570001 -0.00133500004 -0.0697399974
  vertex 0.0489690006 -0.00439500017 -0.0732230023
  vertex 0.0471689999 -0.00416600006 -0.0726889968
  endloop
 endfacet

 facet normal 0.179687157 -0.982789278 0.0428697728
  outer loop
  vertex 0.0405529998 -0.0311810002 -0.0509099998
  vertex 0.040550001 -0.03156 -0.0595859997
  vertex 0.052747 -0.0292310007 -0.0573169999
  endloop
 endfacet

 facet normal 0.240545556 -0.968693972 0.0613980703
  outer loop
  vertex 0.0513890013 -0.0291620009 -0.0509079993
  vertex 0.052747 -0.0292310007 -0.0573169999
  vertex 0.0557620004 -0.0282349996 -0.0534150004
  endloop
 endfacet

 facet normal 0.831451416 0.512405753 -0.214776441
  outer loop
  vertex 0.0547540002 -0.00274399994 -0.0645010024
  vertex 0.0571780019 -0.00734499982 -0.0660940036
  vertex 0.0545689985 -0.00418999977 -0.068667002
  endloop
 endfacet

 facet normal 0.15829958 0.727539241 -0.667553723
  outer loop
  vertex 0.051523 -0.00378999999 -0.071957998
  vertex 0.0489690006 -0.00439500017 -0.0732230023
  vertex 0.0500230007 -0.00125600002 -0.0695519969
  endloop
 endfacet

 facet normal 0.652206659 0.533166826 -0.538850248
  outer loop
  vertex 0.051523 -0.00378999999 -0.071957998
  vertex 0.0545689985 -0.00418999977 -0.068667002
  vertex 0.0547109991 -0.00733100018 -0.0716030002
  endloop
 endfacet

 facet normal 0.370770872 0.537744164 -0.757205486
  outer loop
  vertex 0.051523 -0.00378999999 -0.071957998
  vertex 0.0513040014 -0.00724799978 -0.0745209977
  vertex 0.0501120016 -0.00602200022 -0.0742340013
  endloop
 endfacet

 facet normal 0.046890419 0.752505481 -0.656914651
  outer loop
  vertex 0.0500230007 -0.00125600002 -0.0695519969
  vertex 0.0489690006 -0.00439500017 -0.0732230023
  vertex 0.0486570001 -0.00133500004 -0.0697399974
  endloop
 endfacet

 facet normal -0.60848552 0.535158932 -0.585961044
  outer loop
  vertex 0.045922 -0.00264200009 -0.0703260005
  vertex 0.0456929989 -0.00594299985 -0.0731030032
  vertex 0.0448370017 -0.00334899989 -0.0698449984
  endloop
 endfacet

 facet normal -0.167833254 0.564844728 -0.807949543
  outer loop
  vertex 0.0471689999 -0.00416600006 -0.0726889968
  vertex 0.0489690006 -0.00439500017 -0.0732230023
  vertex 0.0471910015 -0.00581299979 -0.0738449991
  endloop
 endfacet

 facet normal -0.415156782 0.518926263 -0.747235179
  outer loop
  vertex 0.0471689999 -0.00416600006 -0.0726889968
  vertex 0.0471910015 -0.00581299979 -0.0738449991
  vertex 0.0456929989 -0.00594299985 -0.0731030032
  endloop
 endfacet

 facet normal -0.511279941 0.573748469 -0.639848113
  outer loop
  vertex 0.0471689999 -0.00416600006 -0.0726889968
  vertex 0.0456929989 -0.00594299985 -0.0731030032
  vertex 0.045922 -0.00264200009 -0.0703260005
  endloop
 endfacet

 facet normal -0.82269448 0.411132216 -0.392611951
  outer loop
  vertex 0.0448370017 -0.00334899989 -0.0698449984
  vertex 0.0433599986 -0.00756700011 -0.0711669996
  vertex 0.0427610017 -0.00475100009 -0.0669630021
  endloop
 endfacet

 facet normal 0.300073564 -0.93738687 0.176809937
  outer loop
  vertex 0.0557620004 -0.0282349996 -0.0534150004
  vertex 0.056623999 -0.0274860002 -0.0509070009
  vertex 0.0513890013 -0.0291620009 -0.0509079993
  endloop
 endfacet

 facet normal 0.936408341 0.292601794 -0.193710744
  outer loop
  vertex 0.0604300015 -0.00676999986 -0.0509099998
  vertex 0.0618229993 -0.0112260003 -0.0509070009
  vertex 0.0595850013 -0.00950300042 -0.0591229983
  endloop
 endfacet

 facet normal 0.914928555 0.34527266 -0.209027827
  outer loop
  vertex 0.0604300015 -0.00676999986 -0.0509099998
  vertex 0.0595850013 -0.00950300042 -0.0591229983
  vertex 0.0571780019 -0.00734499982 -0.0660940036
  endloop
 endfacet

 facet normal 0.837080598 0.509765148 -0.19858405
  outer loop
  vertex 0.0604300015 -0.00676999986 -0.0509099998
  vertex 0.0571780019 -0.00734499982 -0.0660940036
  vertex 0.0547540002 -0.00274399994 -0.0645010024
  endloop
 endfacet

 facet normal 0.841087043 0.389167488 -0.375661075
  outer loop
  vertex 0.0545689985 -0.00418999977 -0.068667002
  vertex 0.0571780019 -0.00734499982 -0.0660940036
  vertex 0.0547109991 -0.00733100018 -0.0716030002
  endloop
 endfacet

 facet normal 0.223709449 0.622948647 -0.749592662
  outer loop
  vertex 0.051523 -0.00378999999 -0.071957998
  vertex 0.0501120016 -0.00602200022 -0.0742340013
  vertex 0.0489690006 -0.00439500017 -0.0732230023
  endloop
 endfacet

 facet normal 0.58434844 0.459003538 -0.669217944
  outer loop
  vertex 0.051523 -0.00378999999 -0.071957998
  vertex 0.0547109991 -0.00733100018 -0.0716030002
  vertex 0.0513040014 -0.00724799978 -0.0745209977
  endloop
 endfacet

 facet normal -0.32856819 0.357894033 -0.874045074
  outer loop
  vertex 0.0471910015 -0.00581299979 -0.0738449991
  vertex 0.0485720001 -0.00797399972 -0.0752490014
  vertex 0.0459970012 -0.00961999968 -0.0749550015
  endloop
 endfacet

 facet normal -0.68690896 0.469768941 -0.554502785
  outer loop
  vertex 0.0448370017 -0.00334899989 -0.0698449984
  vertex 0.0456929989 -0.00594299985 -0.0731030032
  vertex 0.0447160006 -0.00696199993 -0.0727559999
  endloop
 endfacet

 facet normal -0.843740702 0.382574528 -0.376481712
  outer loop
  vertex 0.0427610017 -0.00475100009 -0.0669630021
  vertex 0.0433599986 -0.00756700011 -0.0711669996
  vertex 0.0426499993 -0.00813500024 -0.070152998
  endloop
 endfacet

 facet normal -0.934319139 0.260243624 -0.243559197
  outer loop
  vertex 0.0427610017 -0.00475100009 -0.0669630021
  vertex 0.0426499993 -0.00813500024 -0.070152998
  vertex 0.0405699983 -0.00910000037 -0.0632049963
  endloop
 endfacet

 facet normal -0.934408545 0.267612725 -0.235083282
  outer loop
  vertex 0.0427610017 -0.00475100009 -0.0669630021
  vertex 0.0405699983 -0.00910000037 -0.0632049963
  vertex 0.0405430011 -0.00163700001 -0.0546020009
  endloop
 endfacet

 facet normal 0.375583112 -0.913717687 -0.155104533
  outer loop
  vertex 0.052747 -0.0292310007 -0.0573169999
  vertex 0.0563630015 -0.026269 -0.0660099983
  vertex 0.0571589991 -0.0277319998 -0.0554639995
  endloop
 endfacet

 facet normal 0.325506777 -0.945485055 -0.0101739289
  outer loop
  vertex 0.052747 -0.0292310007 -0.0573169999
  vertex 0.0571589991 -0.0277319998 -0.0554639995
  vertex 0.0557620004 -0.0282349996 -0.0534150004
  endloop
 endfacet

 facet normal 0.62030071 0.322308511 -0.71508342
  outer loop
  vertex 0.0513040014 -0.00724799978 -0.0745209977
  vertex 0.0547109991 -0.00733100018 -0.0716030002
  vertex 0.0549210012 -0.0101690004 -0.0727000013
  endloop
 endfacet

 facet normal 0.591368496 0.255442113 -0.764874279
  outer loop
  vertex 0.0513040014 -0.00724799978 -0.0745209977
  vertex 0.0549210012 -0.0101690004 -0.0727000013
  vertex 0.0524189994 -0.012623 -0.0754539967
  endloop
 endfacet

 facet normal -0.058876507 0.496709377 -0.865917683
  outer loop
  vertex 0.0501120016 -0.00602200022 -0.0742340013
  vertex 0.0485720001 -0.00797399972 -0.0752490014
  vertex 0.0489690006 -0.00439500017 -0.0732230023
  endloop
 endfacet

 facet normal -0.0960669741 0.498396337 -0.861610293
  outer loop
  vertex 0.0471910015 -0.00581299979 -0.0738449991
  vertex 0.0489690006 -0.00439500017 -0.0732230023
  vertex 0.0485720001 -0.00797399972 -0.0752490014
  endloop
 endfacet

 facet normal -0.596328795 0.32123062 -0.735665023
  outer loop
  vertex 0.0447160006 -0.00696199993 -0.0727559999
  vertex 0.0456929989 -0.00594299985 -0.0731030032
  vertex 0.0459970012 -0.00961999968 -0.0749550015
  endloop
 endfacet

 facet normal -0.762875676 0.4209418 -0.49074313
  outer loop
  vertex 0.0447160006 -0.00696199993 -0.0727559999
  vertex 0.0433599986 -0.00756700011 -0.0711669996
  vertex 0.0448370017 -0.00334899989 -0.0698449984
  endloop
 endfacet

 facet normal 0.223414332 -0.947612107 -0.228292808
  outer loop
  vertex 0.052747 -0.0292310007 -0.0573169999
  vertex 0.040550001 -0.03156 -0.0595859997
  vertex 0.0544009991 -0.0260450002 -0.0689229965
  endloop
 endfacet

 facet normal 0.229207739 -0.946499527 -0.22716175
  outer loop
  vertex 0.052747 -0.0292310007 -0.0573169999
  vertex 0.0544009991 -0.0260450002 -0.0689229965
  vertex 0.0563630015 -0.026269 -0.0660099983
  endloop
 endfacet

 facet normal 0.947698176 0.242730126 -0.207244784
  outer loop
  vertex 0.0618229993 -0.0112260003 -0.0509070009
  vertex 0.059452001 -0.0158619992 -0.0671790019
  vertex 0.0595850013 -0.00950300042 -0.0591229983
  endloop
 endfacet

 facet normal 0.931148469 0.278584182 -0.235272929
  outer loop
  vertex 0.0595850013 -0.00950300042 -0.0591229983
  vertex 0.059452001 -0.0158619992 -0.0671790019
  vertex 0.0571780019 -0.00734499982 -0.0660940036
  endloop
 endfacet

 facet normal 0.857011318 0.239730984 -0.456136644
  outer loop
  vertex 0.0547109991 -0.00733100018 -0.0716030002
  vertex 0.059452001 -0.0158619992 -0.0671790019
  vertex 0.0549210012 -0.0101690004 -0.0727000013
  endloop
 endfacet

 facet normal 0.377921402 0.233891815 -0.895806968
  outer loop
  vertex 0.0513040014 -0.00724799978 -0.0745209977
  vertex 0.0524189994 -0.012623 -0.0754539967
  vertex 0.050528001 -0.0124859996 -0.0762159973
  endloop
 endfacet

 facet normal 0.177307487 0.279124498 -0.943743408
  outer loop
  vertex 0.050528001 -0.0124859996 -0.0762159973
  vertex 0.0485720001 -0.00797399972 -0.0752490014
  vertex 0.0513040014 -0.00724799978 -0.0745209977
  endloop
 endfacet

 facet normal 0.149435952 0.360795498 -0.920595288
  outer loop
  vertex 0.0513040014 -0.00724799978 -0.0745209977
  vertex 0.0485720001 -0.00797399972 -0.0752490014
  vertex 0.0501120016 -0.00602200022 -0.0742340013
  endloop
 endfacet

 facet normal -0.437347859 0.375430137 -0.817177474
  outer loop
  vertex 0.0456929989 -0.00594299985 -0.0731030032
  vertex 0.0471910015 -0.00581299979 -0.0738449991
  vertex 0.0459970012 -0.00961999968 -0.0749550015
  endloop
 endfacet

 facet normal -0.23652567 0.200197443 -0.950776935
  outer loop
  vertex 0.0485720001 -0.00797399972 -0.0752490014
  vertex 0.0480760001 -0.012991 -0.0761820003
  vertex 0.0459970012 -0.00961999968 -0.0749550015
  endloop
 endfacet

 facet normal -0.954252601 0.134641737 -0.26697129
  outer loop
  vertex 0.0426499993 -0.00813500024 -0.070152998
  vertex 0.040546 -0.0205959994 -0.0689169988
  vertex 0.0405699983 -0.00910000037 -0.0632049963
  endloop
 endfacet

 facet normal 0.466255635 -0.878729701 0.102175556
  outer loop
  vertex 0.0557620004 -0.0282349996 -0.0534150004
  vertex 0.0571589991 -0.0277319998 -0.0554639995
  vertex 0.056623999 -0.0274860002 -0.0509070009
  endloop
 endfacet

 facet normal 0.567063451 -0.816210151 0.110635608
  outer loop
  vertex 0.056623999 -0.0274860002 -0.0509070009
  vertex 0.0571589991 -0.0277319998 -0.0554639995
  vertex 0.0602609999 -0.0249600001 -0.0509129986
  endloop
 endfacet

 facet normal 0.875464678 0.283596605 -0.391324162
  outer loop
  vertex 0.0571780019 -0.00734499982 -0.0660940036
  vertex 0.059452001 -0.0158619992 -0.0671790019
  vertex 0.0547109991 -0.00733100018 -0.0716030002
  endloop
 endfacet

 facet normal 0.825034976 0.121430069 -0.551880538
  outer loop
  vertex 0.0549210012 -0.0101690004 -0.0727000013
  vertex 0.059452001 -0.0158619992 -0.0671790019
  vertex 0.0559759997 -0.0147010004 -0.0721200034
  endloop
 endfacet

 facet normal 0.704585433 0.0736946985 -0.705782175
  outer loop
  vertex 0.0549210012 -0.0101690004 -0.0727000013
  vertex 0.0559759997 -0.0147010004 -0.0721200034
  vertex 0.0524189994 -0.012623 -0.0754539967
  endloop
 endfacet

 facet normal 0.376152992 0.0443546176 -0.925495327
  outer loop
  vertex 0.0524189994 -0.012623 -0.0754539967
  vertex 0.0515279993 -0.0131209996 -0.0758399963
  vertex 0.050528001 -0.0124859996 -0.0762159973
  endloop
 endfacet

 facet normal -0.759592652 0.156247541 -0.631352246
  outer loop
  vertex 0.0447160006 -0.00696199993 -0.0727559999
  vertex 0.0459970012 -0.00961999968 -0.0749550015
  vertex 0.0438020006 -0.0119629996 -0.0728939995
  endloop
 endfacet

 facet normal -0.780086637 0.159267619 -0.605060875
  outer loop
  vertex 0.0447160006 -0.00696199993 -0.0727559999
  vertex 0.0438020006 -0.0119629996 -0.0728939995
  vertex 0.0433599986 -0.00756700011 -0.0711669996
  endloop
 endfacet

 facet normal -0.843666017 0.120686799 -0.523127496
  outer loop
  vertex 0.0433599986 -0.00756700011 -0.0711669996
  vertex 0.0438020006 -0.0119629996 -0.0728939995
  vertex 0.0426499993 -0.00813500024 -0.070152998
  endloop
 endfacet

 facet normal -0.862404048 0.0963197276 -0.496972561
  outer loop
  vertex 0.0426499993 -0.00813500024 -0.070152998
  vertex 0.0438020006 -0.0119629996 -0.0728939995
  vertex 0.040546 -0.0205959994 -0.0689169988
  endloop
 endfacet

 facet normal 0.114952616 -0.920589864 -0.373229623
  outer loop
  vertex 0.040550001 -0.03156 -0.0595859997
  vertex 0.0504579991 -0.0258980002 -0.0705000013
  vertex 0.0544009991 -0.0260450002 -0.0689229965
  endloop
 endfacet

 facet normal 0.443018913 -0.820408583 -0.361474842
  outer loop
  vertex 0.0544009991 -0.0260450002 -0.0689229965
  vertex 0.0567759983 -0.0248329993 -0.0687630028
  vertex 0.0563630015 -0.026269 -0.0660099983
  endloop
 endfacet

 facet normal 0.407267034 -0.72469306 -0.555836022
  outer loop
  vertex 0.0544009991 -0.0260450002 -0.0689229965
  vertex 0.0528029986 -0.0248760004 -0.0716179982
  vertex 0.0567759983 -0.0248329993 -0.0687630028
  endloop
 endfacet

 facet normal 0.422174215 -0.699199915 -0.576964796
  outer loop
  vertex 0.0567759983 -0.0248329993 -0.0687630028
  vertex 0.0528029986 -0.0248760004 -0.0716179982
  vertex 0.0548299998 -0.0236290004 -0.0716459975
  endloop
 endfacet

 facet normal 0.52943337 -0.782146394 -0.32855323
  outer loop
  vertex 0.0563630015 -0.026269 -0.0660099983
  vertex 0.0567759983 -0.0248329993 -0.0687630028
  vertex 0.0583240017 -0.0247949995 -0.0663589984
  endloop
 endfacet

 facet normal 0.575847685 -0.802762628 -0.154827878
  outer loop
  vertex 0.0563630015 -0.026269 -0.0660099983
  vertex 0.0583240017 -0.0247949995 -0.0663589984
  vertex 0.0571589991 -0.0277319998 -0.0554639995
  endloop
 endfacet

 facet normal 0.638392389 -0.757606924 -0.13596724
  outer loop
  vertex 0.0571589991 -0.0277319998 -0.0554639995
  vertex 0.0583240017 -0.0247949995 -0.0663589984
  vertex 0.0595100001 -0.0259620007 -0.0542879999
  endloop
 endfacet

 facet normal 0.558312714 -0.820978463 0.119504586
  outer loop
  vertex 0.0571589991 -0.0277319998 -0.0554639995
  vertex 0.0595100001 -0.0259620007 -0.0542879999
  vertex 0.0602609999 -0.0249600001 -0.0509129986
  endloop
 endfacet

 facet normal 0.977569044 0.11631836 -0.175581753
  outer loop
  vertex 0.0618229993 -0.0112260003 -0.0509070009
  vertex 0.0622199997 -0.0145640001 -0.0509079993
  vertex 0.059452001 -0.0158619992 -0.0671790019
  endloop
 endfacet

 facet normal -0.0522309244 0.187572032 -0.980861187
  outer loop
  vertex 0.050528001 -0.0124859996 -0.0762159973
  vertex 0.0480760001 -0.012991 -0.0761820003
  vertex 0.0485720001 -0.00797399972 -0.0752490014
  endloop
 endfacet

 facet normal -0.722857654 -0.0450171009 -0.689529121
  outer loop
  vertex 0.040546 -0.0205959994 -0.0689169988
  vertex 0.0438020006 -0.0119629996 -0.0728939995
  vertex 0.0459389985 -0.0136369998 -0.0750249997
  endloop
 endfacet

 facet normal 0.0269100964 -0.897114396 -0.440978169
  outer loop
  vertex 0.0504579991 -0.0258980002 -0.0705000013
  vertex 0.040550001 -0.03156 -0.0595859997
  vertex 0.0405529998 -0.0300709996 -0.0626149997
  endloop
 endfacet

 facet normal -0.021755781 -0.872087419 -0.48886627
  outer loop
  vertex 0.0504579991 -0.0258980002 -0.0705000013
  vertex 0.0405529998 -0.0300709996 -0.0626149997
  vertex 0.0492260009 -0.0253279991 -0.0714619979
  endloop
 endfacet

 facet normal 0.707474113 -0.547498047 -0.446907461
  outer loop
  vertex 0.0567759983 -0.0248329993 -0.0687630028
  vertex 0.0573210008 -0.0237499997 -0.0692270026
  vertex 0.0583240017 -0.0247949995 -0.0663589984
  endloop
 endfacet

 facet normal 0.155223027 -0.869373202 -0.469143927
  outer loop
  vertex 0.0544009991 -0.0260450002 -0.0689229965
  vertex 0.0504579991 -0.0258980002 -0.0705000013
  vertex 0.0528029986 -0.0248760004 -0.0716179982
  endloop
 endfacet

 facet normal 0.18762666 -0.658962131 -0.728399158
  outer loop
  vertex 0.0528029986 -0.0248760004 -0.0716179982
  vertex 0.0509480014 -0.0231890008 -0.0736220032
  vertex 0.0518190004 -0.0229410008 -0.0736220032
  endloop
 endfacet

 facet normal 0.348485917 -0.582944989 -0.733984113
  outer loop
  vertex 0.0528029986 -0.0248760004 -0.0716179982
  vertex 0.0518190004 -0.0229410008 -0.0736220032
  vertex 0.0548299998 -0.0236290004 -0.0716459975
  endloop
 endfacet

 facet normal 0.425432384 -0.428112984 -0.797324657
  outer loop
  vertex 0.0548299998 -0.0236290004 -0.0716459975
  vertex 0.0518190004 -0.0229410008 -0.0736220032
  vertex 0.0541080013 -0.0216589998 -0.0730890036
  endloop
 endfacet

 facet normal 0.631334901 -0.391065925 -0.669689298
  outer loop
  vertex 0.0548299998 -0.0236290004 -0.0716459975
  vertex 0.0568040013 -0.0219560005 -0.070762001
  vertex 0.0573210008 -0.0237499997 -0.0692270026
  endloop
 endfacet

 facet normal 0.568547785 -0.54871136 -0.612918556
  outer loop
  vertex 0.0548299998 -0.0236290004 -0.0716459975
  vertex 0.0573210008 -0.0237499997 -0.0692270026
  vertex 0.0567759983 -0.0248329993 -0.0687630028
  endloop
 endfacet

 facet normal 0.778741241 -0.612486899 -0.135726854
  outer loop
  vertex 0.0583240017 -0.0247949995 -0.0663589984
  vertex 0.0592649989 -0.0236850008 -0.0659689978
  vertex 0.0595100001 -0.0259620007 -0.0542879999
  endloop
 endfacet

 facet normal 0.755101621 -0.485231638 -0.440876096
  outer loop
  vertex 0.0583240017 -0.0247949995 -0.0663589984
  vertex 0.0573210008 -0.0237499997 -0.0692270026
  vertex 0.0592649989 -0.0236850008 -0.0659689978
  endloop
 endfacet

 facet normal 0.924908876 -0.267105967 -0.270551026
  outer loop
  vertex 0.0592649989 -0.0236850008 -0.0659689978
  vertex 0.0594400018 -0.0219000001 -0.067133002
  vertex 0.0601360016 -0.0212210007 -0.0654240027
  endloop
 endfacet

 facet normal 0.779241443 -0.6118747 -0.135618001
  outer loop
  vertex 0.0592649989 -0.0236850008 -0.0659689978
  vertex 0.0604690015 -0.0248319991 -0.0538760014
  vertex 0.0595100001 -0.0259620007 -0.0542879999
  endloop
 endfacet

 facet normal 0.930459678 -0.363016814 0.049635645
  outer loop
  vertex 0.0602609999 -0.0249600001 -0.0509129986
  vertex 0.0604690015 -0.0248319991 -0.0538760014
  vertex 0.0617449991 -0.0211570002 -0.0509180017
  endloop
 endfacet

 facet normal 0.757681668 -0.65214473 0.025016455
  outer loop
  vertex 0.0602609999 -0.0249600001 -0.0509129986
  vertex 0.0595100001 -0.0259620007 -0.0542879999
  vertex 0.0604690015 -0.0248319991 -0.0538760014
  endloop
 endfacet

 facet normal 0.982572913 0.0688716695 -0.172647998
  outer loop
  vertex 0.0622199997 -0.0145640001 -0.0509079993
  vertex 0.0601360016 -0.0212210007 -0.0654240027
  vertex 0.059452001 -0.0158619992 -0.0671790019
  endloop
 endfacet

 facet normal 0.820165515 0.0225864332 -0.571680427
  outer loop
  vertex 0.059452001 -0.0158619992 -0.0671790019
  vertex 0.0574579984 -0.021311 -0.0702549964
  vertex 0.0559759997 -0.0147010004 -0.0721200034
  endloop
 endfacet

 facet normal 0.446527123 -0.110699087 -0.887896001
  outer loop
  vertex 0.0515279993 -0.0131209996 -0.0758399963
  vertex 0.0524189994 -0.012623 -0.0754539967
  vertex 0.0514709987 -0.0203290004 -0.0749699995
  endloop
 endfacet

 facet normal 0.283502877 -0.117122099 -0.951792359
  outer loop
  vertex 0.0514709987 -0.0203290004 -0.0749699995
  vertex 0.050528001 -0.0124859996 -0.0762159973
  vertex 0.0515279993 -0.0131209996 -0.0758399963
  endloop
 endfacet

 facet normal 0.467266381 -0.266001999 -0.843151808
  outer loop
  vertex 0.0514709987 -0.0203290004 -0.0749699995
  vertex 0.0539329983 -0.0203150008 -0.0736100003
  vertex 0.0541080013 -0.0216589998 -0.0730890036
  endloop
 endfacet

 facet normal 0.404767722 -0.376197249 -0.833449841
  outer loop
  vertex 0.0514709987 -0.0203290004 -0.0749699995
  vertex 0.0541080013 -0.0216589998 -0.0730890036
  vertex 0.0518190004 -0.0229410008 -0.0736220032
  endloop
 endfacet

 facet normal 0.125760749 -0.44168359 -0.888312936
  outer loop
  vertex 0.0514709987 -0.0203290004 -0.0749699995
  vertex 0.0518190004 -0.0229410008 -0.0736220032
  vertex 0.0509480014 -0.0231890008 -0.0736220032
  endloop
 endfacet

 facet normal 0.0679578036 -0.148562297 -0.986565292
  outer loop
  vertex 0.050528001 -0.0124859996 -0.0762159973
  vertex 0.0514709987 -0.0203290004 -0.0749699995
  vertex 0.0495669991 -0.0201639999 -0.0751259997
  endloop
 endfacet

 facet normal 0.0156169487 -0.142453119 -0.989678383
  outer loop
  vertex 0.0480760001 -0.012991 -0.0761820003
  vertex 0.050528001 -0.0124859996 -0.0762159973
  vertex 0.0495669991 -0.0201639999 -0.0751259997
  endloop
 endfacet

 facet normal -0.481178939 0.022218572 -0.876340806
  outer loop
  vertex 0.0480760001 -0.012991 -0.0761820003
  vertex 0.0459389985 -0.0136369998 -0.0750249997
  vertex 0.0459970012 -0.00961999968 -0.0749550015
  endloop
 endfacet

 facet normal -0.641001105 -0.161788091 -0.750294805
  outer loop
  vertex 0.040546 -0.0205959994 -0.0689169988
  vertex 0.0459389985 -0.0136369998 -0.0750249997
  vertex 0.0405529998 -0.0242410004 -0.0681369975
  endloop
 endfacet

 facet normal -0.697019279 0.0225533005 -0.716697693
  outer loop
  vertex 0.0438020006 -0.0119629996 -0.0728939995
  vertex 0.0459970012 -0.00961999968 -0.0749550015
  vertex 0.0459389985 -0.0136369998 -0.0750249997
  endloop
 endfacet

 facet normal -0.17311655 -0.787285924 -0.591786802
  outer loop
  vertex 0.0405529998 -0.0300709996 -0.0626149997
  vertex 0.0482789986 -0.0244440008 -0.0723609999
  vertex 0.0492260009 -0.0253279991 -0.0714619979
  endloop
 endfacet

 facet normal 0.598997891 -0.318589151 -0.734644473
  outer loop
  vertex 0.0541080013 -0.0216589998 -0.0730890036
  vertex 0.0568040013 -0.0219560005 -0.070762001
  vertex 0.0548299998 -0.0236290004 -0.0716459975
  endloop
 endfacet

 facet normal 0.79658556 -0.383065075 -0.467667252
  outer loop
  vertex 0.0592649989 -0.0236850008 -0.0659689978
  vertex 0.0573210008 -0.0237499997 -0.0692270026
  vertex 0.0594400018 -0.0219000001 -0.067133002
  endloop
 endfacet

 facet normal 0.786793351 -0.276727378 -0.551704824
  outer loop
  vertex 0.0594400018 -0.0219000001 -0.067133002
  vertex 0.0573210008 -0.0237499997 -0.0692270026
  vertex 0.0574579984 -0.021311 -0.0702549964
  endloop
 endfacet

 facet normal 0.943902194 -0.306446254 -0.123042613
  outer loop
  vertex 0.0592649989 -0.0236850008 -0.0659689978
  vertex 0.0601360016 -0.0212210007 -0.0654240027
  vertex 0.0604690015 -0.0248319991 -0.0538760014
  endloop
 endfacet

 facet normal 0.962671876 -0.249188319 -0.105679616
  outer loop
  vertex 0.0604690015 -0.0248319991 -0.0538760014
  vertex 0.0601360016 -0.0212210007 -0.0654240027
  vertex 0.0617449991 -0.0211570002 -0.0509180017
  endloop
 endfacet

 facet normal 0.926782548 -0.00470299879 -0.375568956
  outer loop
  vertex 0.0601360016 -0.0212210007 -0.0654240027
  vertex 0.0594400018 -0.0219000001 -0.067133002
  vertex 0.059452001 -0.0158619992 -0.0671790019
  endloop
 endfacet

 facet normal 0.668590724 -0.0463264398 -0.742186189
  outer loop
  vertex 0.0559759997 -0.0147010004 -0.0721200034
  vertex 0.0539329983 -0.0203150008 -0.0736100003
  vertex 0.0524189994 -0.012623 -0.0754539967
  endloop
 endfacet

 facet normal 0.480884761 -0.113762349 -0.869372129
  outer loop
  vertex 0.0524189994 -0.012623 -0.0754539967
  vertex 0.0539329983 -0.0203150008 -0.0736100003
  vertex 0.0514709987 -0.0203290004 -0.0749699995
  endloop
 endfacet

 facet normal 0.036457561 -0.431508124 -0.901372075
  outer loop
  vertex 0.0514709987 -0.0203290004 -0.0749699995
  vertex 0.0509480014 -0.0231890008 -0.0736220032
  vertex 0.0495669991 -0.0201639999 -0.0751259997
  endloop
 endfacet

 facet normal -0.321957886 -0.20305948 -0.924721599
  outer loop
  vertex 0.0480760001 -0.012991 -0.0761820003
  vertex 0.0495669991 -0.0201639999 -0.0751259997
  vertex 0.0471910015 -0.0208049994 -0.074157998
  endloop
 endfacet

 facet normal -0.600097835 -0.198543534 -0.774895549
  outer loop
  vertex 0.0405529998 -0.0242410004 -0.0681369975
  vertex 0.0459389985 -0.0136369998 -0.0750249997
  vertex 0.0471910015 -0.0208049994 -0.074157998
  endloop
 endfacet

 facet normal -0.463212579 -0.446559966 -0.765518367
  outer loop
  vertex 0.0405529998 -0.0242410004 -0.0681369975
  vertex 0.0471910015 -0.0208049994 -0.074157998
  vertex 0.047869999 -0.0233590007 -0.0730789974
  endloop
 endfacet

 facet normal 0.077233687 -0.811242223 -0.579586923
  outer loop
  vertex 0.0504579991 -0.0258980002 -0.0705000013
  vertex 0.0492260009 -0.0253279991 -0.0714619979
  vertex 0.0528029986 -0.0248760004 -0.0716179982
  endloop
 endfacet

 facet normal 0.0632390529 -0.733880877 -0.676328123
  outer loop
  vertex 0.0528029986 -0.0248760004 -0.0716179982
  vertex 0.0492260009 -0.0253279991 -0.0714619979
  vertex 0.0509480014 -0.0231890008 -0.0736220032
  endloop
 endfacet

 facet normal -0.383307189 -0.635145128 -0.670571685
  outer loop
  vertex 0.0405529998 -0.0300709996 -0.0626149997
  vertex 0.0405529998 -0.0242410004 -0.0681369975
  vertex 0.0482789986 -0.0244440008 -0.0723609999
  endloop
 endfacet

 facet normal 0.749197662 -0.292543411 -0.594240069
  outer loop
  vertex 0.0568040013 -0.0219560005 -0.070762001
  vertex 0.0574579984 -0.021311 -0.0702549964
  vertex 0.0573210008 -0.0237499997 -0.0692270026
  endloop
 endfacet

 facet normal 0.00267778384 -0.711617589 -0.702561975
  outer loop
  vertex 0.0492260009 -0.0253279991 -0.0714619979
  vertex 0.0482789986 -0.0244440008 -0.0723609999
  vertex 0.0509480014 -0.0231890008 -0.0736220032
  endloop
 endfacet

 facet normal 0.625499904 -0.209858641 -0.7514714
  outer loop
  vertex 0.0541080013 -0.0216589998 -0.0730890036
  vertex 0.0539329983 -0.0203150008 -0.0736100003
  vertex 0.0568040013 -0.0219560005 -0.070762001
  endloop
 endfacet

 facet normal 0.991412282 -0.0712611303 -0.109652504
  outer loop
  vertex 0.0622199997 -0.0145640001 -0.0509079993
  vertex 0.0617449991 -0.0211570002 -0.0509180017
  vertex 0.0601360016 -0.0212210007 -0.0654240027
  endloop
 endfacet

 facet normal 0.843732595 -0.0057657822 -0.536732912
  outer loop
  vertex 0.0574579984 -0.021311 -0.0702549964
  vertex 0.059452001 -0.0158619992 -0.0671790019
  vertex 0.0594400018 -0.0219000001 -0.067133002
  endloop
 endfacet

 facet normal 0.680436611 -0.0536485091 -0.730840623
  outer loop
  vertex 0.0559759997 -0.0147010004 -0.0721200034
  vertex 0.0574579984 -0.021311 -0.0702549964
  vertex 0.0539329983 -0.0203150008 -0.0736100003
  endloop
 endfacet

 facet normal 0.670502603 -0.102240562 -0.734828711
  outer loop
  vertex 0.0539329983 -0.0203150008 -0.0736100003
  vertex 0.0574579984 -0.021311 -0.0702549964
  vertex 0.0568040013 -0.0219560005 -0.070762001
  endloop
 endfacet

 facet normal -0.125575408 -0.487049073 -0.864299774
  outer loop
  vertex 0.0495669991 -0.0201639999 -0.0751259997
  vertex 0.0509480014 -0.0231890008 -0.0736220032
  vertex 0.047869999 -0.0233590007 -0.0730789974
  endloop
 endfacet

 facet normal -0.238285646 -0.431031644 -0.870305479
  outer loop
  vertex 0.0495669991 -0.0201639999 -0.0751259997
  vertex 0.047869999 -0.0233590007 -0.0730789974
  vertex 0.0471910015 -0.0208049994 -0.074157998
  endloop
 endfacet

 facet normal -0.425203621 -0.181519836 -0.886708856
  outer loop
  vertex 0.0480760001 -0.012991 -0.0761820003
  vertex 0.0471910015 -0.0208049994 -0.074157998
  vertex 0.0459389985 -0.0136369998 -0.0750249997
  endloop
 endfacet

 facet normal -0.393834084 -0.605881512 -0.691232502
  outer loop
  vertex 0.0405529998 -0.0242410004 -0.0681369975
  vertex 0.047869999 -0.0233590007 -0.0730789974
  vertex 0.0482789986 -0.0244440008 -0.0723609999
  endloop
 endfacet

 facet normal -0.110851988 -0.577179909 -0.809058189
  outer loop
  vertex 0.0482789986 -0.0244440008 -0.0723609999
  vertex 0.047869999 -0.0233590007 -0.0730789974
  vertex 0.0509480014 -0.0231890008 -0.0736220032
  endloop
 endfacet

 facet normal 0 0 1
  outer loop
  vertex 0.019878 -0.00260000001 -0.0542160012
  vertex -0.00130300003 -0.00274399994 -0.0542160012
  vertex -0.00130100001 -0.032478001 -0.0542160012
  endloop
 endfacet

 facet normal 0 0 1
  outer loop
  vertex 0.019878 -0.00260000001 -0.0542160012
  vertex -0.00130100001 -0.032478001 -0.0542160012
  vertex 0.00541500002 -0.0337609984 -0.0542160012
  endloop
 endfacet

 facet normal 0.000115154457 -5.34475475e-05 1
  outer loop
  vertex 0.019878 -0.00260000001 -0.0542160012
  vertex 0.00541500002 -0.0337609984 -0.0542160012
  vertex 0.0138830002 -0.0341960005 -0.0542169996
  endloop
 endfacet

 facet normal -0.000166535086 0 1
  outer loop
  vertex 0.019878 -0.00260000001 -0.0542160012
  vertex 0.0138830002 -0.0341960005 -0.0542169996
  vertex 0.019878 -0.033822 -0.0542160012
  endloop
 endfacet

 facet normal -0.00677852985 0.997056305 -0.0763734579
  outer loop
  vertex 0.019878 -0.00260000001 -0.0542160012
  vertex 0.0105330003 -0.00387999997 -0.0700969994
  vertex -0.00130300003 -0.00274399994 -0.0542160012
  endloop
 endfacet

 facet normal 0.493311226 0.808314741 -0.321358502
  outer loop
  vertex 0.019878 -0.00260000001 -0.0542160012
  vertex 0.0123800002 -0.00573399989 -0.0736090019
  vertex 0.0116229998 -0.00458699977 -0.071886003
  endloop
 endfacet

 facet normal 0.247716606 0.943106592 -0.221780002
  outer loop
  vertex 0.019878 -0.00260000001 -0.0542160012
  vertex 0.0116229998 -0.00458699977 -0.071886003
  vertex 0.0105330003 -0.00387999997 -0.0700969994
  endloop
 endfacet

 facet normal 0.999995947 0 0.00283678318
  outer loop
  vertex 0.019878 -0.00260000001 -0.0542160012
  vertex 0.019878 -0.033822 -0.0542160012
  vertex 0.0198970009 -0.0340330005 -0.0609139986
  endloop
 endfacet

 facet normal 0.999982953 0.0017892028 -0.005559796
  outer loop
  vertex 0.019878 -0.00260000001 -0.0542160012
  vertex 0.0198970009 -0.0340330005 -0.0609139986
  vertex 0.0198790003 -0.0325209983 -0.0636650026
  endloop
 endfacet

 facet normal 1 2.28155895e-05 3.36093944e-05
  outer loop
  vertex 0.019878 -0.00260000001 -0.0542160012
  vertex 0.0198790003 -0.0325209983 -0.0636650026
  vertex 0.0198790003 -0.0234069992 -0.069852002
  endloop
 endfacet

 facet normal 0.999997377 -0.00133542623 0.00184103684
  outer loop
  vertex 0.019878 -0.00260000001 -0.0542160012
  vertex 0.0198790003 -0.0234069992 -0.069852002
  vertex 0.0198849998 -0.01939 -0.0701970011
  endloop
 endfacet

 facet normal 0.999999881 0.00053823553 -0.000127473584
  outer loop
  vertex 0.019878 -0.00260000001 -0.0542160012
  vertex 0.0198849998 -0.01939 -0.0701970011
  vertex 0.0198790003 -0.005504 -0.0586309992
  endloop
 endfacet

 facet normal -0.102462173 0.983853936 -0.146741435
  outer loop
  vertex 0.0105330003 -0.00387999997 -0.0700969994
  vertex 0.00819099974 -0.00426500011 -0.0710429996
  vertex -0.00130300003 -0.00274399994 -0.0542160012
  endloop
 endfacet

 facet normal -0.999999404 -0.000939269899 0.000653324591
  outer loop
  vertex -0.00130300003 -0.00274399994 -0.0542160012
  vertex -0.00130400003 -0.00333199999 -0.0565919988
  vertex -0.00130300003 -0.0108390003 -0.0658539981
  endloop
 endfacet

 facet normal -1 0 0
  outer loop
  vertex -0.00130300003 -0.00274399994 -0.0542160012
  vertex -0.00130300003 -0.0108390003 -0.0658539981
  vertex -0.00130300003 -0.0155339995 -0.0678649992
  endloop
 endfacet

 facet normal -1 0.000163026256 -0.00015276621
  outer loop
  vertex -0.00130300003 -0.00274399994 -0.0542160012
  vertex -0.00130300003 -0.0155339995 -0.0678649992
  vertex -0.00130400003 -0.0219960008 -0.0682149976
  endloop
 endfacet

 facet normal -1 0.000181434501 -0.000178082017
  outer loop
  vertex -0.00130300003 -0.00274399994 -0.0542160012
  vertex -0.00130400003 -0.0219960008 -0.0682149976
  vertex -0.00130700006 -0.0317329988 -0.0612890013
  endloop
 endfacet

 facet normal -0.999999404 -0.000131375884 0.00110398489
  outer loop
  vertex -0.00130300003 -0.00274399994 -0.0542160012
  vertex -0.00130700006 -0.0317329988 -0.0612890013
  vertex -0.00130300003 -0.0327100009 -0.0577820018
  endloop
 endfacet

 facet normal -0.999999881 -6.72635724e-05 0.000565232825
  outer loop
  vertex -0.00130300003 -0.00274399994 -0.0542160012
  vertex -0.00130300003 -0.0327100009 -0.0577820018
  vertex -0.00130100001 -0.032478001 -0.0542160012
  endloop
 endfacet

 facet normal 0.691729069 0.621434212 -0.367872894
  outer loop
  vertex 0.019878 -0.00260000001 -0.0542160012
  vertex 0.0153569998 -0.00873399992 -0.0730789974
  vertex 0.0123800002 -0.00573399989 -0.0736090019
  endloop
 endfacet

 facet normal -0.260726005 0.937167764 -0.231815815
  outer loop
  vertex 0.00819099974 -0.00426500011 -0.0710429996
  vertex -0.00130400003 -0.00333199999 -0.0565919988
  vertex -0.00130300003 -0.00274399994 -0.0542160012
  endloop
 endfacet

 facet normal 0.756952882 0.546032608 -0.358985782
  outer loop
  vertex 0.019878 -0.00260000001 -0.0542160012
  vertex 0.0198790003 -0.005504 -0.0586309992
  vertex 0.0153569998 -0.00873399992 -0.0730789974
  endloop
 endfacet

 facet normal 0.674308717 0.590894222 -0.442890525
  outer loop
  vertex 0.0123800002 -0.00573399989 -0.0736090019
  vertex 0.0153569998 -0.00873399992 -0.0730789974
  vertex 0.0124829998 -0.00788499974 -0.0763219967
  endloop
 endfacet

 facet normal 0.0555760637 0.939685345 -0.33749485
  outer loop
  vertex 0.0116229998 -0.00458699977 -0.071886003
  vertex 0.0104569998 -0.00504599977 -0.0733560026
  vertex 0.0105330003 -0.00387999997 -0.0700969994
  endloop
 endfacet

 facet normal 0.244687915 0.853261948 -0.460512608
  outer loop
  vertex 0.0116229998 -0.00458699977 -0.071886003
  vertex 0.0123800002 -0.00573399989 -0.0736090019
  vertex 0.0104569998 -0.00504599977 -0.0733560026
  endloop
 endfacet

 facet normal -0.0188886095 0.941523969 -0.336416095
  outer loop
  vertex 0.0105330003 -0.00387999997 -0.0700969994
  vertex 0.0104569998 -0.00504599977 -0.0733560026
  vertex 0.00819099974 -0.00426500011 -0.0710429996
  endloop
 endfacet

 facet normal 0.874521673 0.336766005 -0.348999351
  outer loop
  vertex 0.0153569998 -0.00873399992 -0.0730789974
  vertex 0.0198790003 -0.005504 -0.0586309992
  vertex 0.0170099996 -0.0120980004 -0.0721829981
  endloop
 endfacet

 facet normal 0.299806207 0.753057361 -0.585679889
  outer loop
  vertex 0.0123800002 -0.00573399989 -0.0736090019
  vertex 0.0124829998 -0.00788499974 -0.0763219967
  vertex 0.0100699998 -0.00713199982 -0.0765890032
  endloop
 endfacet

 facet normal 0.217122287 0.808183074 -0.547446907
  outer loop
  vertex 0.0123800002 -0.00573399989 -0.0736090019
  vertex 0.0100699998 -0.00713199982 -0.0765890032
  vertex 0.0104569998 -0.00504599977 -0.0733560026
  endloop
 endfacet

 facet normal 0.0867112875 -0.995731771 0.0316135436
  outer loop
  vertex 0.0198970009 -0.0340330005 -0.0609139986
  vertex 0.019878 -0.033822 -0.0542160012
  vertex 0.0135949999 -0.0345430002 -0.0596919991
  endloop
 endfacet

 facet normal -0.122498505 0.897746027 -0.423138618
  outer loop
  vertex 0.00819099974 -0.00426500011 -0.0710429996
  vertex 0.0104569998 -0.00504599977 -0.0733560026
  vertex 0.00713500008 -0.00572599983 -0.0738369972
  endloop
 endfacet

 facet normal -0.385079443 0.869560659 -0.309157103
  outer loop
  vertex 0.00819099974 -0.00426500011 -0.0710429996
  vertex 0.00713500008 -0.00572599983 -0.0738369972
  vertex -0.00130400003 -0.00333199999 -0.0565919988
  endloop
 endfacet

 facet normal -0.219534695 -0.973538518 0.0634604245
  outer loop
  vertex -0.00130100001 -0.032478001 -0.0542160012
  vertex -0.00130300003 -0.0327100009 -0.0577820018
  vertex 0.00333199999 -0.0337699987 -0.0580089986
  endloop
 endfacet

 facet normal 0.863274336 0.320295483 -0.390087575
  outer loop
  vertex 0.0170099996 -0.0120980004 -0.0721829981
  vertex 0.0153170004 -0.0119059999 -0.0757720023
  vertex 0.0153569998 -0.00873399992 -0.0730789974
  endloop
 endfacet

 facet normal 0.438739002 0.516650736 -0.735241532
  outer loop
  vertex 0.0124829998 -0.00788499974 -0.0763219967
  vertex 0.0124599999 -0.0106220003 -0.0782589987
  vertex 0.0112300003 -0.0110759996 -0.0793119967
  endloop
 endfacet

 facet normal 0.270453453 0.599584818 -0.753228426
  outer loop
  vertex 0.0124829998 -0.00788499974 -0.0763219967
  vertex 0.0112300003 -0.0110759996 -0.0793119967
  vertex 0.0100699998 -0.00713199982 -0.0765890032
  endloop
 endfacet

 facet normal 0.0621427149 -0.996269703 0.0598736256
  outer loop
  vertex 0.019878 -0.033822 -0.0542160012
  vertex 0.0138830002 -0.0341960005 -0.0542169996
  vertex 0.0135949999 -0.0345430002 -0.0596919991
  endloop
 endfacet

 facet normal -0.651346266 0.640013754 -0.407590896
  outer loop
  vertex -0.00130400003 -0.00333199999 -0.0565919988
  vertex 0.00713500008 -0.00572599983 -0.0738369972
  vertex 0.00595899997 -0.00859200023 -0.0764579996
  endloop
 endfacet

 facet normal 0.72624594 0.439564764 -0.528535485
  outer loop
  vertex 0.0153569998 -0.00873399992 -0.0730789974
  vertex 0.0153170004 -0.0119059999 -0.0757720023
  vertex 0.0124829998 -0.00788499974 -0.0763219967
  endloop
 endfacet

 facet normal 0.907103896 0.269611448 -0.323221684
  outer loop
  vertex 0.0198790003 -0.005504 -0.0586309992
  vertex 0.0198849998 -0.01939 -0.0701970011
  vertex 0.0170099996 -0.0120980004 -0.0721829981
  endloop
 endfacet

 facet normal 0.873017013 0.202301636 -0.443751454
  outer loop
  vertex 0.0198849998 -0.01939 -0.0701970011
  vertex 0.015137 -0.0129629998 -0.0766080022
  vertex 0.0153170004 -0.0119059999 -0.0757720023
  endloop
 endfacet

 facet normal 0.883240581 0.238231033 -0.403896213
  outer loop
  vertex 0.0198849998 -0.01939 -0.0701970011
  vertex 0.0153170004 -0.0119059999 -0.0757720023
  vertex 0.0170099996 -0.0120980004 -0.0721829981
  endloop
 endfacet

 facet normal 0.696648836 0.410523832 -0.588345766
  outer loop
  vertex 0.0124599999 -0.0106220003 -0.0782589987
  vertex 0.0124829998 -0.00788499974 -0.0763219967
  vertex 0.0153170004 -0.0119059999 -0.0757720023
  endloop
 endfacet

 facet normal -0.0539404526 0.841979504 -0.536806166
  outer loop
  vertex 0.0100699998 -0.00713199982 -0.0765890032
  vertex 0.00819700025 -0.00691600004 -0.0760620013
  vertex 0.0104569998 -0.00504599977 -0.0733560026
  endloop
 endfacet

 facet normal -0.101910897 0.856168211 -0.506547272
  outer loop
  vertex 0.0104569998 -0.00504599977 -0.0733560026
  vertex 0.00819700025 -0.00691600004 -0.0760620013
  vertex 0.00713500008 -0.00572599983 -0.0738369972
  endloop
 endfacet

 facet normal 0.0700139254 0.580625236 -0.811155021
  outer loop
  vertex 0.0100699998 -0.00713199982 -0.0765890032
  vertex 0.0112300003 -0.0110759996 -0.0793119967
  vertex 0.00815400016 -0.00801299978 -0.0773850009
  endloop
 endfacet

 facet normal -0.0898014233 0.768114805 -0.633983791
  outer loop
  vertex 0.0100699998 -0.00713199982 -0.0765890032
  vertex 0.00815400016 -0.00801299978 -0.0773850009
  vertex 0.00819700025 -0.00691600004 -0.0760620013
  endloop
 endfacet

 facet normal -0.409273952 0.708859742 -0.574467301
  outer loop
  vertex 0.00819700025 -0.00691600004 -0.0760620013
  vertex 0.00815400016 -0.00801299978 -0.0773850009
  vertex 0.00713500008 -0.00572599983 -0.0738369972
  endloop
 endfacet

 facet normal -0.426649541 0.699431837 -0.573380649
  outer loop
  vertex 0.00713500008 -0.00572599983 -0.0738369972
  vertex 0.00815400016 -0.00801299978 -0.0773850009
  vertex 0.00595899997 -0.00859200023 -0.0764579996
  endloop
 endfacet

 facet normal -0.224751532 -0.97344476 -0.0434991159
  outer loop
  vertex 0.00333199999 -0.0337699987 -0.0580089986
  vertex -0.00130300003 -0.0327100009 -0.0577820018
  vertex 0.00360499998 -0.0337739997 -0.0593300015
  endloop
 endfacet

 facet normal 0.69912672 0.36650297 -0.613919675
  outer loop
  vertex 0.0153170004 -0.0119059999 -0.0757720023
  vertex 0.015137 -0.0129629998 -0.0766080022
  vertex 0.0124599999 -0.0106220003 -0.0782589987
  endloop
 endfacet

 facet normal 0.834824979 0.0723521858 -0.545740366
  outer loop
  vertex 0.0198849998 -0.01939 -0.0701970011
  vertex 0.0163780004 -0.0209309999 -0.0757659972
  vertex 0.015137 -0.0129629998 -0.0766080022
  endloop
 endfacet

 facet normal 0.553438663 0.301432639 -0.776430368
  outer loop
  vertex 0.0124599999 -0.0106220003 -0.0782589987
  vertex 0.0122800004 -0.0141989999 -0.0797759965
  vertex 0.0112300003 -0.0110759996 -0.0793119967
  endloop
 endfacet

 facet normal -0.0511833839 -0.99651593 0.0658505112
  outer loop
  vertex 0.0135949999 -0.0345430002 -0.0596919991
  vertex 0.0138830002 -0.0341960005 -0.0542169996
  vertex 0.00541500002 -0.0337609984 -0.0542160012
  endloop
 endfacet

 facet normal 0.0298075043 -0.967744112 -0.250165641
  outer loop
  vertex 0.0135949999 -0.0345430002 -0.0596919991
  vertex 0.0105419997 -0.0309350006 -0.0740130022
  vertex 0.0198970009 -0.0340330005 -0.0609139986
  endloop
 endfacet

 facet normal 0.0940153152 -0.951715589 -0.292230397
  outer loop
  vertex 0.0198970009 -0.0340330005 -0.0609139986
  vertex 0.0105419997 -0.0309350006 -0.0740130022
  vertex 0.0114740003 -0.0308110006 -0.0741169974
  endloop
 endfacet

 facet normal 0.240325913 -0.896538258 -0.372105718
  outer loop
  vertex 0.0198970009 -0.0340330005 -0.0609139986
  vertex 0.0114740003 -0.0308110006 -0.0741169974
  vertex 0.0141009996 -0.0303990003 -0.0734129995
  endloop
 endfacet

 facet normal -0.273689061 0.54887253 -0.789831221
  outer loop
  vertex 0.00815400016 -0.00801299978 -0.0773850009
  vertex 0.00770899979 -0.0113819996 -0.0795719996
  vertex 0.00678899977 -0.0115400003 -0.0793630034
  endloop
 endfacet

 facet normal -0.186609417 -0.976828694 0.104798153
  outer loop
  vertex -0.00130100001 -0.032478001 -0.0542160012
  vertex 0.00333199999 -0.0337699987 -0.0580089986
  vertex 0.00541500002 -0.0337609984 -0.0542160012
  endloop
 endfacet

 facet normal 0.851003408 -0.0461994149 -0.523124039
  outer loop
  vertex 0.0198849998 -0.01939 -0.0701970011
  vertex 0.0198790003 -0.0234069992 -0.069852002
  vertex 0.0163780004 -0.0209309999 -0.0757659972
  endloop
 endfacet

 facet normal 0.662864268 0.263818294 -0.700721681
  outer loop
  vertex 0.0124599999 -0.0106220003 -0.0782589987
  vertex 0.015137 -0.0129629998 -0.0766080022
  vertex 0.0122800004 -0.0141989999 -0.0797759965
  endloop
 endfacet

 facet normal 0.396816581 0.264028788 -0.879104853
  outer loop
  vertex 0.0112300003 -0.0110759996 -0.0793119967
  vertex 0.0122800004 -0.0141989999 -0.0797759965
  vertex 0.0109829996 -0.0146570001 -0.0804990008
  endloop
 endfacet

 facet normal 0.158605129 0.30078119 -0.940412223
  outer loop
  vertex 0.0109829996 -0.0146570001 -0.0804990008
  vertex 0.0090950001 -0.0125639997 -0.0801479965
  vertex 0.0112300003 -0.0110759996 -0.0793119967
  endloop
 endfacet

 facet normal 0.0253404435 0.461776942 -0.886634111
  outer loop
  vertex 0.0112300003 -0.0110759996 -0.0793119967
  vertex 0.0090950001 -0.0125639997 -0.0801479965
  vertex 0.00770899979 -0.0113819996 -0.0795719996
  endloop
 endfacet

 facet normal 0.0148013886 0.543053448 -0.839567661
  outer loop
  vertex 0.0112300003 -0.0110759996 -0.0793119967
  vertex 0.00770899979 -0.0113819996 -0.0795719996
  vertex 0.00815400016 -0.00801299978 -0.0773850009
  endloop
 endfacet

 facet normal -0.0685229525 -0.99684751 0.0399961397
  outer loop
  vertex 0.0135949999 -0.0345430002 -0.0596919991
  vertex 0.00541500002 -0.0337609984 -0.0542160012
  vertex 0.00333199999 -0.0337699987 -0.0580089986
  endloop
 endfacet

 facet normal -0.0772095621 -0.996931016 -0.0129367635
  outer loop
  vertex 0.0135949999 -0.0345430002 -0.0596919991
  vertex 0.00333199999 -0.0337699987 -0.0580089986
  vertex 0.00360499998 -0.0337739997 -0.0593300015
  endloop
 endfacet

 facet normal -0.0810562223 -0.970465064 -0.227216825
  outer loop
  vertex 0.0135949999 -0.0345430002 -0.0596919991
  vertex 0.0048440001 -0.0306780003 -0.0730779991
  vertex 0.0105419997 -0.0309350006 -0.0740130022
  endloop
 endfacet

 facet normal 0.443956941 -0.784028888 -0.433821529
  outer loop
  vertex 0.0198970009 -0.0340330005 -0.0609139986
  vertex 0.0141009996 -0.0303990003 -0.0734129995
  vertex 0.0198790003 -0.0325209983 -0.0636650026
  endloop
 endfacet

 facet normal 0.492093027 -0.743121028 -0.453448623
  outer loop
  vertex 0.0141009996 -0.0303990003 -0.0734129995
  vertex 0.0153799998 -0.0291419998 -0.0740849972
  vertex 0.0198790003 -0.0325209983 -0.0636650026
  endloop
 endfacet

 facet normal -0.44314003 0.562815845 -0.697757304
  outer loop
  vertex 0.00815400016 -0.00801299978 -0.0773850009
  vertex 0.00678899977 -0.0115400003 -0.0793630034
  vertex 0.00595899997 -0.00859200023 -0.0764579996
  endloop
 endfacet

 facet normal -0.7356866 0.538045466 -0.41142717
  outer loop
  vertex -0.00130400003 -0.00333199999 -0.0565919988
  vertex 0.00595899997 -0.00859200023 -0.0764579996
  vertex 0.00336700003 -0.0110090002 -0.0749839991
  endloop
 endfacet

 facet normal -0.768977642 0.496592104 -0.40257895
  outer loop
  vertex -0.00130400003 -0.00333199999 -0.0565919988
  vertex 0.00336700003 -0.0110090002 -0.0749839991
  vertex -0.00130300003 -0.0108390003 -0.0658539981
  endloop
 endfacet

 facet normal -0.579473615 0.483418941 -0.656137586
  outer loop
  vertex 0.00595899997 -0.00859200023 -0.0764579996
  vertex 0.00678899977 -0.0115400003 -0.0793630034
  vertex 0.0057359999 -0.0120529998 -0.0788109973
  endloop
 endfacet

 facet normal -0.713236332 0.424930215 -0.557430148
  outer loop
  vertex 0.00595899997 -0.00859200023 -0.0764579996
  vertex 0.0057359999 -0.0120529998 -0.0788109973
  vertex 0.00336700003 -0.0110090002 -0.0749839991
  endloop
 endfacet

 facet normal 0.828619182 0.0703677386 -0.555372596
  outer loop
  vertex 0.0163780004 -0.0209309999 -0.0757659972
  vertex 0.0144729996 -0.0169590004 -0.0781050026
  vertex 0.015137 -0.0129629998 -0.0766080022
  endloop
 endfacet

 facet normal 0.836765885 -0.101867117 -0.538001835
  outer loop
  vertex 0.0198790003 -0.0234069992 -0.069852002
  vertex 0.0168520007 -0.027183 -0.0738449991
  vertex 0.0163780004 -0.0209309999 -0.0757659972
  endloop
 endfacet

 facet normal 0.647325814 0.0540346205 -0.760295689
  outer loop
  vertex 0.0122800004 -0.0141989999 -0.0797759965
  vertex 0.0144729996 -0.0169590004 -0.0781050026
  vertex 0.0125860004 -0.0176819991 -0.0797630027
  endloop
 endfacet

 facet normal 0.0419246368 0.20191735 -0.978504956
  outer loop
  vertex 0.0090950001 -0.0125639997 -0.0801479965
  vertex 0.0109829996 -0.0146570001 -0.0804990008
  vertex 0.00894000009 -0.0170290004 -0.0810760036
  endloop
 endfacet

 facet normal -0.0829034969 -0.970583081 -0.226043269
  outer loop
  vertex 0.0135949999 -0.0345430002 -0.0596919991
  vertex 0.00360499998 -0.0337739997 -0.0593300015
  vertex 0.0048440001 -0.0306780003 -0.0730779991
  endloop
 endfacet

 facet normal 0.270750821 -0.792446136 -0.546555698
  outer loop
  vertex 0.0114740003 -0.0308110006 -0.0741169974
  vertex 0.0124690002 -0.0285439994 -0.0769110024
  vertex 0.0141009996 -0.0303990003 -0.0734129995
  endloop
 endfacet

 facet normal 0.404938757 -0.716018736 -0.568631589
  outer loop
  vertex 0.0141009996 -0.0303990003 -0.0734129995
  vertex 0.0124690002 -0.0285439994 -0.0769110024
  vertex 0.0153799998 -0.0291419998 -0.0740849972
  endloop
 endfacet

 facet normal 0.73061806 -0.490842879 -0.47462678
  outer loop
  vertex 0.0153799998 -0.0291419998 -0.0740849972
  vertex 0.0168520007 -0.027183 -0.0738449991
  vertex 0.0198790003 -0.0325209983 -0.0636650026
  endloop
 endfacet

 facet normal -0.329006016 -0.909783781 -0.253078043
  outer loop
  vertex -0.00130300003 -0.0327100009 -0.0577820018
  vertex -0.00130700006 -0.0317329988 -0.0612890013
  vertex 0.0048440001 -0.0306780003 -0.0730779991
  endloop
 endfacet

 facet normal -0.276097476 -0.932015896 -0.234769136
  outer loop
  vertex -0.00130300003 -0.0327100009 -0.0577820018
  vertex 0.0048440001 -0.0306780003 -0.0730779991
  vertex 0.00360499998 -0.0337739997 -0.0593300015
  endloop
 endfacet

 facet normal 0.734893441 -0.1476634 -0.661911845
  outer loop
  vertex 0.0163780004 -0.0209309999 -0.0757659972
  vertex 0.0168520007 -0.027183 -0.0738449991
  vertex 0.015873 -0.0269900002 -0.0749749988
  endloop
 endfacet

 facet normal 0.652497709 -0.412404388 -0.63574326
  outer loop
  vertex 0.0168520007 -0.027183 -0.0738449991
  vertex 0.0153799998 -0.0291419998 -0.0740849972
  vertex 0.015873 -0.0269900002 -0.0749749988
  endloop
 endfacet

 facet normal 0.706863105 0.142129704 -0.692924142
  outer loop
  vertex 0.015137 -0.0129629998 -0.0766080022
  vertex 0.0144729996 -0.0169590004 -0.0781050026
  vertex 0.0122800004 -0.0141989999 -0.0797759965
  endloop
 endfacet

 facet normal -0.191491634 0.239312962 -0.951872051
  outer loop
  vertex 0.00770899979 -0.0113819996 -0.0795719996
  vertex 0.0090950001 -0.0125639997 -0.0801479965
  vertex 0.00671300013 -0.0165979993 -0.0806830004
  endloop
 endfacet

 facet normal -0.254883945 0.247758493 -0.934692383
  outer loop
  vertex 0.00770899979 -0.0113819996 -0.0795719996
  vertex 0.00671300013 -0.0165979993 -0.0806830004
  vertex 0.00678899977 -0.0115400003 -0.0793630034
  endloop
 endfacet

 facet normal -0.0297425222 -0.848658442 -0.528104484
  outer loop
  vertex 0.0105419997 -0.0309350006 -0.0740130022
  vertex 0.00685800007 -0.0291499998 -0.0766739994
  vertex 0.0100910002 -0.029104 -0.0769300014
  endloop
 endfacet

 facet normal 0.0521620587 -0.842164636 -0.536691606
  outer loop
  vertex 0.0114740003 -0.0308110006 -0.0741169974
  vertex 0.0105419997 -0.0309350006 -0.0740130022
  vertex 0.0100910002 -0.029104 -0.0769300014
  endloop
 endfacet

 facet normal 0.191685736 -0.794426322 -0.576318979
  outer loop
  vertex 0.0114740003 -0.0308110006 -0.0741169974
  vertex 0.0100910002 -0.029104 -0.0769300014
  vertex 0.0124690002 -0.0285439994 -0.0769110024
  endloop
 endfacet

 facet normal 0.873240888 -0.273689061 -0.403168291
  outer loop
  vertex 0.0198790003 -0.0325209983 -0.0636650026
  vertex 0.0168520007 -0.027183 -0.0738449991
  vertex 0.0198790003 -0.0234069992 -0.069852002
  endloop
 endfacet

 facet normal -0.862305999 0.240650862 -0.445550889
  outer loop
  vertex 0.00336700003 -0.0110090002 -0.0749839991
  vertex 0.00328300009 -0.015435 -0.0772119984
  vertex -0.00130300003 -0.0108390003 -0.0658539981
  endloop
 endfacet

 facet normal 0.678507805 -0.102900021 -0.727350533
  outer loop
  vertex 0.0163780004 -0.0209309999 -0.0757659972
  vertex 0.0125860004 -0.0176819991 -0.0797630027
  vertex 0.0144729996 -0.0169590004 -0.0781050026
  endloop
 endfacet

 facet normal 0.653254867 -0.151297241 -0.741867483
  outer loop
  vertex 0.0163780004 -0.0209309999 -0.0757659972
  vertex 0.015873 -0.0269900002 -0.0749749988
  vertex 0.0123610003 -0.0258499999 -0.0782999992
  endloop
 endfacet

 facet normal 0.652990282 -0.150921881 -0.742176712
  outer loop
  vertex 0.0163780004 -0.0209309999 -0.0757659972
  vertex 0.0123610003 -0.0258499999 -0.0782999992
  vertex 0.0125860004 -0.0176819991 -0.0797630027
  endloop
 endfacet

 facet normal 0.585956156 -0.420673072 -0.692596257
  outer loop
  vertex 0.015873 -0.0269900002 -0.0749749988
  vertex 0.0153799998 -0.0291419998 -0.0740849972
  vertex 0.0124690002 -0.0285439994 -0.0769110024
  endloop
 endfacet

 facet normal 0.489658624 0.0397697054 -0.871006846
  outer loop
  vertex 0.0125860004 -0.0176819991 -0.0797630027
  vertex 0.0111830002 -0.018104 -0.0805710033
  vertex 0.0122800004 -0.0141989999 -0.0797759965
  endloop
 endfacet

 facet normal 0.473983675 0.0458693057 -0.879338205
  outer loop
  vertex 0.0122800004 -0.0141989999 -0.0797759965
  vertex 0.0111830002 -0.018104 -0.0805710033
  vertex 0.0109829996 -0.0146570001 -0.0804990008
  endloop
 endfacet

 facet normal 0.234967336 0.0339244418 -0.971411169
  outer loop
  vertex 0.0109829996 -0.0146570001 -0.0804990008
  vertex 0.0111830002 -0.018104 -0.0805710033
  vertex 0.00894000009 -0.0170290004 -0.0810760036
  endloop
 endfacet

 facet normal -0.131236583 0.206096739 -0.969691336
  outer loop
  vertex 0.00894000009 -0.0170290004 -0.0810760036
  vertex 0.00671300013 -0.0165979993 -0.0806830004
  vertex 0.0090950001 -0.0125639997 -0.0801479965
  endloop
 endfacet

 facet normal -0.5350613 0.220845819 -0.815436423
  outer loop
  vertex 0.00671300013 -0.0165979993 -0.0806830004
  vertex 0.0057359999 -0.0120529998 -0.0788109973
  vertex 0.00678899977 -0.0115400003 -0.0793630034
  endloop
 endfacet

 facet normal -0.112573378 -0.890254438 -0.441332549
  outer loop
  vertex 0.0105419997 -0.0309350006 -0.0740130022
  vertex 0.0048440001 -0.0306780003 -0.0730779991
  vertex 0.00685800007 -0.0291499998 -0.0766739994
  endloop
 endfacet

 facet normal 0.155053869 -0.632683337 -0.758729279
  outer loop
  vertex 0.0100910002 -0.029104 -0.0769300014
  vertex 0.00997999962 -0.0279019997 -0.0779550001
  vertex 0.0124690002 -0.0285439994 -0.0769110024
  endloop
 endfacet

 facet normal 0.232609898 -0.476718664 -0.847721577
  outer loop
  vertex 0.0124690002 -0.0285439994 -0.0769110024
  vertex 0.00997999962 -0.0279019997 -0.0779550001
  vertex 0.0109249996 -0.0248499997 -0.0794119984
  endloop
 endfacet

 facet normal 0.357162386 -0.416686863 -0.835946918
  outer loop
  vertex 0.0124690002 -0.0285439994 -0.0769110024
  vertex 0.0109249996 -0.0248499997 -0.0794119984
  vertex 0.0123610003 -0.0258499999 -0.0782999992
  endloop
 endfacet

 facet normal -0.773731887 0.296503514 -0.55984354
  outer loop
  vertex 0.0057359999 -0.0120529998 -0.0788109973
  vertex 0.00328300009 -0.015435 -0.0772119984
  vertex 0.00336700003 -0.0110090002 -0.0749839991
  endloop
 endfacet

 facet normal -0.712370753 0.198416993 -0.673170567
  outer loop
  vertex 0.00328300009 -0.015435 -0.0772119984
  vertex 0.0057359999 -0.0120529998 -0.0788109973
  vertex 0.00511799986 -0.0167789999 -0.079549998
  endloop
 endfacet

 facet normal -0.883082151 0.184745565 -0.431317627
  outer loop
  vertex -0.00130300003 -0.0108390003 -0.0658539981
  vertex 0.00328300009 -0.015435 -0.0772119984
  vertex -0.00130300003 -0.0155339995 -0.0678649992
  endloop
 endfacet

 facet normal 0.57936132 -0.355049312 -0.733676076
  outer loop
  vertex 0.0123610003 -0.0258499999 -0.0782999992
  vertex 0.015873 -0.0269900002 -0.0749749988
  vertex 0.0124690002 -0.0285439994 -0.0769110024
  endloop
 endfacet

 facet normal 0.530262709 -0.163611352 -0.831897199
  outer loop
  vertex 0.0123610003 -0.0258499999 -0.0782999992
  vertex 0.0109249996 -0.0248499997 -0.0794119984
  vertex 0.0125860004 -0.0176819991 -0.0797630027
  endloop
 endfacet

 facet normal 0.52879262 -0.16331929 -0.832889676
  outer loop
  vertex 0.0111830002 -0.018104 -0.0805710033
  vertex 0.0125860004 -0.0176819991 -0.0797630027
  vertex 0.0109249996 -0.0248499997 -0.0794119984
  endloop
 endfacet

 facet normal 0.147681355 -0.151028916 -0.977435708
  outer loop
  vertex 0.00894000009 -0.0170290004 -0.0810760036
  vertex 0.0111830002 -0.018104 -0.0805710033
  vertex 0.00933399983 -0.0248629991 -0.079806
  endloop
 endfacet

 facet normal -0.076707162 -0.163311616 -0.98358798
  outer loop
  vertex 0.00894000009 -0.0170290004 -0.0810760036
  vertex 0.00933399983 -0.0248629991 -0.079806
  vertex 0.00798400026 -0.0247830003 -0.0797140002
  endloop
 endfacet

 facet normal -0.199204236 -0.145659089 -0.969072402
  outer loop
  vertex 0.00894000009 -0.0170290004 -0.0810760036
  vertex 0.00798400026 -0.0247830003 -0.0797140002
  vertex 0.00671300013 -0.0165979993 -0.0806830004
  endloop
 endfacet

 facet normal -0.582419157 0.19938831 -0.788056076
  outer loop
  vertex 0.00671300013 -0.0165979993 -0.0806830004
  vertex 0.00511799986 -0.0167789999 -0.079549998
  vertex 0.0057359999 -0.0120529998 -0.0788109973
  endloop
 endfacet

 facet normal -0.500814974 -0.799013913 -0.332807928
  outer loop
  vertex 0.0048440001 -0.0306780003 -0.0730779991
  vertex -0.00130700006 -0.0317329988 -0.0612890013
  vertex 0.00312500005 -0.0292489994 -0.0739220008
  endloop
 endfacet

 facet normal -0.371699452 -0.761094213 -0.531578064
  outer loop
  vertex 0.0048440001 -0.0306780003 -0.0730779991
  vertex 0.00312500005 -0.0292489994 -0.0739220008
  vertex 0.00685800007 -0.0291499998 -0.0766739994
  endloop
 endfacet

 facet normal -0.0507318564 -0.650732636 -0.757610261
  outer loop
  vertex 0.0100910002 -0.029104 -0.0769300014
  vertex 0.00685800007 -0.0291499998 -0.0766739994
  vertex 0.00997999962 -0.0279019997 -0.0779550001
  endloop
 endfacet

 facet normal 0.215285391 -0.474202871 -0.853688419
  outer loop
  vertex 0.00997999962 -0.0279019997 -0.0779550001
  vertex 0.00933399983 -0.0248629991 -0.079806
  vertex 0.0109249996 -0.0248499997 -0.0794119984
  endloop
 endfacet

 facet normal 0.238079622 -0.173293874 -0.95566076
  outer loop
  vertex 0.0109249996 -0.0248499997 -0.0794119984
  vertex 0.00933399983 -0.0248629991 -0.079806
  vertex 0.0111830002 -0.018104 -0.0805710033
  endloop
 endfacet

 facet normal -0.349255294 -0.163464904 -0.922659278
  outer loop
  vertex 0.00671300013 -0.0165979993 -0.0806830004
  vertex 0.00798400026 -0.0247830003 -0.0797140002
  vertex 0.00566300005 -0.0242209993 -0.0789349973
  endloop
 endfacet

 facet normal -0.567408085 -0.109002315 -0.816190362
  outer loop
  vertex 0.00671300013 -0.0165979993 -0.0806830004
  vertex 0.00566300005 -0.0242209993 -0.0789349973
  vertex 0.00511799986 -0.0167789999 -0.079549998
  endloop
 endfacet

 facet normal -0.730921984 -0.57392323 -0.369276613
  outer loop
  vertex 0.00312500005 -0.0292489994 -0.0739220008
  vertex -0.00130700006 -0.0317329988 -0.0612890013
  vertex 0.000811000005 -0.0271140002 -0.0726599991
  endloop
 endfacet

 facet normal -0.727358699 -0.532352328 -0.433070987
  outer loop
  vertex 0.00312500005 -0.0292489994 -0.0739220008
  vertex 0.000811000005 -0.0271140002 -0.0726599991
  vertex 0.00265599997 -0.0282949992 -0.0743070021
  endloop
 endfacet

 facet normal -0.532395065 -0.52856648 -0.661190689
  outer loop
  vertex 0.00265599997 -0.0282949992 -0.0743070021
  vertex 0.00647799997 -0.0277740005 -0.0778009966
  vertex 0.00312500005 -0.0292489994 -0.0739220008
  endloop
 endfacet

 facet normal -0.54322356 -0.50634104 -0.669721603
  outer loop
  vertex 0.00265599997 -0.0282949992 -0.0743070021
  vertex 0.0033160001 -0.0264079999 -0.0762690008
  vertex 0.00647799997 -0.0277740005 -0.0778009966
  endloop
 endfacet

 facet normal -0.446101069 -0.637601495 -0.62805903
  outer loop
  vertex 0.00312500005 -0.0292489994 -0.0739220008
  vertex 0.00647799997 -0.0277740005 -0.0778009966
  vertex 0.00685800007 -0.0291499998 -0.0766739994
  endloop
 endfacet

 facet normal -0.0570882075 -0.641990304 -0.764584482
  outer loop
  vertex 0.00685800007 -0.0291499998 -0.0766739994
  vertex 0.00647799997 -0.0277740005 -0.0778009966
  vertex 0.00997999962 -0.0279019997 -0.0779550001
  endloop
 endfacet

 facet normal -0.784960628 0.00597319659 -0.619517028
  outer loop
  vertex 0.00328300009 -0.015435 -0.0772119984
  vertex 0.00511799986 -0.0167789999 -0.079549998
  vertex 0.0024639999 -0.0196579993 -0.076214999
  endloop
 endfacet

 facet normal -0.892467022 0.113195121 -0.436680019
  outer loop
  vertex 0.00328300009 -0.015435 -0.0772119984
  vertex 0.000314000004 -0.0211210009 -0.0726180002
  vertex -0.00130300003 -0.0155339995 -0.0678649992
  endloop
 endfacet

 facet normal -0.0884303376 -0.5047158 -0.858744502
  outer loop
  vertex 0.00798400026 -0.0247830003 -0.0797140002
  vertex 0.00933399983 -0.0248629991 -0.079806
  vertex 0.00647799997 -0.0277740005 -0.0778009966
  endloop
 endfacet

 facet normal -0.373921514 -0.358744979 -0.855268836
  outer loop
  vertex 0.00798400026 -0.0247830003 -0.0797140002
  vertex 0.00647799997 -0.0277740005 -0.0778009966
  vertex 0.00566300005 -0.0242209993 -0.0789349973
  endloop
 endfacet

 facet normal -0.376084447 -0.358915418 -0.854248285
  outer loop
  vertex 0.00566300005 -0.0242209993 -0.0789349973
  vertex 0.00647799997 -0.0277740005 -0.0778009966
  vertex 0.00535999984 -0.0257789996 -0.0781470016
  endloop
 endfacet

 facet normal -0.966155469 -0.14932394 -0.210347399
  outer loop
  vertex -0.00130700006 -0.0317329988 -0.0612890013
  vertex -0.00130400003 -0.0219960008 -0.0682149976
  vertex 9.30000024e-05 -0.0266989991 -0.0712929964
  endloop
 endfacet

 facet normal -0.85352838 -0.407616347 -0.324558407
  outer loop
  vertex -0.00130700006 -0.0317329988 -0.0612890013
  vertex 9.30000024e-05 -0.0266989991 -0.0712929964
  vertex 0.000811000005 -0.0271140002 -0.0726599991
  endloop
 endfacet

 facet normal -0.738236606 -0.344672769 -0.579833984
  outer loop
  vertex 0.000811000005 -0.0271140002 -0.0726599991
  vertex 0.0033160001 -0.0264079999 -0.0762690008
  vertex 0.00265599997 -0.0282949992 -0.0743070021
  endloop
 endfacet

 facet normal -0.536978662 -0.427096307 -0.727490664
  outer loop
  vertex 0.0033160001 -0.0264079999 -0.0762690008
  vertex 0.00535999984 -0.0257789996 -0.0781470016
  vertex 0.00647799997 -0.0277740005 -0.0778009966
  endloop
 endfacet

 facet normal -0.0565627813 -0.528097332 -0.847298026
  outer loop
  vertex 0.00997999962 -0.0279019997 -0.0779550001
  vertex 0.00647799997 -0.0277740005 -0.0778009966
  vertex 0.00933399983 -0.0248629991 -0.079806
  endloop
 endfacet

 facet normal -0.866186559 0.0506151728 -0.497150779
  outer loop
  vertex 0.00328300009 -0.015435 -0.0772119984
  vertex 0.0024639999 -0.0196579993 -0.076214999
  vertex 0.000314000004 -0.0211210009 -0.0726180002
  endloop
 endfacet

 facet normal -0.608424127 -0.260773599 -0.74954468
  outer loop
  vertex 0.00566300005 -0.0242209993 -0.0789349973
  vertex 0.00535999984 -0.0257789996 -0.0781470016
  vertex 0.0033160001 -0.0264079999 -0.0762690008
  endloop
 endfacet

 facet normal -0.699759126 -0.109582469 -0.705924213
  outer loop
  vertex 0.00566300005 -0.0242209993 -0.0789349973
  vertex 0.0033160001 -0.0264079999 -0.0762690008
  vertex 0.00511799986 -0.0167789999 -0.079549998
  endloop
 endfacet

 facet normal -0.740927935 -0.0881952643 -0.665768385
  outer loop
  vertex 0.00511799986 -0.0167789999 -0.079549998
  vertex 0.0033160001 -0.0264079999 -0.0762690008
  vertex 0.0024639999 -0.0196579993 -0.076214999
  endloop
 endfacet

 facet normal -0.934559584 -0.0467585251 -0.352720916
  outer loop
  vertex -0.00130400003 -0.0219960008 -0.0682149976
  vertex 0.000314000004 -0.0211210009 -0.0726180002
  vertex 9.30000024e-05 -0.0266989991 -0.0712929964
  endloop
 endfacet

 facet normal -0.891778946 -0.0708234757 -0.446894109
  outer loop
  vertex 9.30000024e-05 -0.0266989991 -0.0712929964
  vertex 0.000314000004 -0.0211210009 -0.0726180002
  vertex 0.000811000005 -0.0271140002 -0.0726599991
  endloop
 endfacet

 facet normal -0.80856812 -0.0974168703 -0.580282271
  outer loop
  vertex 0.000811000005 -0.0271140002 -0.0726599991
  vertex 0.0024639999 -0.0196579993 -0.076214999
  vertex 0.0033160001 -0.0264079999 -0.0762690008
  endloop
 endfacet

 facet normal -0.844361067 -0.0662970841 -0.531656861
  outer loop
  vertex 0.0024639999 -0.0196579993 -0.076214999
  vertex 0.000811000005 -0.0271140002 -0.0726599991
  vertex 0.000314000004 -0.0211210009 -0.0726180002
  endloop
 endfacet

 facet normal -0.939661264 0.0186472051 -0.341597706
  outer loop
  vertex 0.000314000004 -0.0211210009 -0.0726180002
  vertex -0.00130400003 -0.0219960008 -0.0682149976
  vertex -0.00130300003 -0.0155339995 -0.0678649992
  endloop
 endfacet

endsolid AssimpScene
