solid AssimpScene
 facet normal -0.618369401 0.669366479 0.41178605
  outer loop
  vertex -0.0431159995 0.0140460003 0.0278779995
  vertex -0.044036001 0.0139619997 0.026633
  vertex -0.0472390018 0.0108479997 0.0268849991
  endloop
 endfacet

 facet normal -0.591371655 0.592607141 0.546897054
  outer loop
  vertex -0.0466529988 0.0104729999 0.0279249996
  vertex -0.0431159995 0.0140460003 0.0278779995
  vertex -0.0472390018 0.0108479997 0.0268849991
  endloop
 endfacet

 facet normal -0.655815721 0.514732242 0.55222863
  outer loop
  vertex -0.0515000001 0.00555700017 0.0267510004
  vertex -0.0466529988 0.0104729999 0.0279249996
  vertex -0.0513530001 0.00638800021 0.0261509996
  endloop
 endfacet

 facet normal -0.655273378 0.513218403 0.554277599
  outer loop
  vertex -0.0513530001 0.00638800021 0.0261509996
  vertex -0.0466529988 0.0104729999 0.0279249996
  vertex -0.0472390018 0.0108479997 0.0268849991
  endloop
 endfacet

 facet normal -0.80560869 0.462823778 0.369849801
  outer loop
  vertex -0.0577749982 0.00662099989 0.0118709998
  vertex -0.0513530001 0.00638800021 0.0261509996
  vertex -0.0542800017 0.00847799983 0.0171600003
  endloop
 endfacet

 facet normal -0.825514913 0.419016898 0.378087252
  outer loop
  vertex -0.0577749982 0.00662099989 0.0118709998
  vertex -0.0515000001 0.00555700017 0.0267510004
  vertex -0.0513530001 0.00638800021 0.0261509996
  endloop
 endfacet

 facet normal -0.766448081 0.563253999 0.308710605
  outer loop
  vertex -0.0542800017 0.00847799983 0.0171600003
  vertex -0.0544160008 0.0106929997 0.0127809998
  vertex -0.0577749982 0.00662099989 0.0118709998
  endloop
 endfacet

 facet normal -0.689499915 0.637458622 0.343855232
  outer loop
  vertex -0.0544160008 0.0106929997 0.0127809998
  vertex -0.0542800017 0.00847799983 0.0171600003
  vertex -0.0472390018 0.0108479997 0.0268849991
  endloop
 endfacet

 facet normal -0.712332785 0.59610194 0.37046513
  outer loop
  vertex -0.0472390018 0.0108479997 0.0268849991
  vertex -0.0542800017 0.00847799983 0.0171600003
  vertex -0.0513530001 0.00638800021 0.0261509996
  endloop
 endfacet

 facet normal -0.771133602 0.575034678 0.273291379
  outer loop
  vertex -0.0544160008 0.0106929997 0.0127809998
  vertex -0.0560409985 0.00989400037 0.009877
  vertex -0.0577749982 0.00662099989 0.0118709998
  endloop
 endfacet

 facet normal -0.679168105 0.710392892 0.184587926
  outer loop
  vertex -0.0544160008 0.0106929997 0.0127809998
  vertex -0.0546390004 0.0109670004 0.0109059997
  vertex -0.0560409985 0.00989400037 0.009877
  endloop
 endfacet

 facet normal -0.659849644 0.740632951 0.126733556
  outer loop
  vertex -0.0546390004 0.0109670004 0.0109059997
  vertex -0.0565980002 0.00971500017 0.00802300032
  vertex -0.0560409985 0.00989400037 0.009877
  endloop
 endfacet

 facet normal -0.573681414 0.797950387 0.184837177
  outer loop
  vertex -0.0546390004 0.0109670004 0.0109059997
  vertex -0.0544160008 0.0106929997 0.0127809998
  vertex -0.0523549989 0.0123859998 0.0118690003
  endloop
 endfacet

 facet normal -0.555858672 0.79943496 0.22787033
  outer loop
  vertex -0.0544160008 0.0106929997 0.0127809998
  vertex -0.044036001 0.0139619997 0.026633
  vertex -0.0523549989 0.0123859998 0.0118690003
  endloop
 endfacet

 facet normal -0.41243577 0.90689826 0.0862108767
  outer loop
  vertex -0.0401530005 0.0165720005 0.0262090005
  vertex -0.0474009998 0.0146690002 0.0115529997
  vertex -0.0523549989 0.0123859998 0.0118690003
  endloop
 endfacet

 facet normal -0.398127526 0.904355943 0.153736576
  outer loop
  vertex -0.0345639996 0.0188299995 0.0274
  vertex -0.0401530005 0.0165720005 0.0262090005
  vertex -0.0385189988 0.0170099996 0.0278639998
  endloop
 endfacet

 facet normal -0.51158464 0.808402002 0.291148543
  outer loop
  vertex -0.0401530005 0.0165720005 0.0262090005
  vertex -0.044036001 0.0139619997 0.026633
  vertex -0.0385189988 0.0170099996 0.0278639998
  endloop
 endfacet

 facet normal -0.511857033 0.795395315 0.324574828
  outer loop
  vertex -0.0431159995 0.0140460003 0.0278779995
  vertex -0.0385189988 0.0170099996 0.0278639998
  vertex -0.044036001 0.0139619997 0.026633
  endloop
 endfacet

 facet normal -0.646916807 0.691430986 0.321593076
  outer loop
  vertex -0.0544160008 0.0106929997 0.0127809998
  vertex -0.0472390018 0.0108479997 0.0268849991
  vertex -0.044036001 0.0139619997 0.026633
  endloop
 endfacet

 facet normal -0.318949312 0.498480409 0.806094766
  outer loop
  vertex -0.0335230008 0.0182160009 0.0290949997
  vertex -0.0385189988 0.0170099996 0.0278639998
  vertex -0.0431159995 0.0140460003 0.0278779995
  endloop
 endfacet

 facet normal -0.316791058 0.473390996 0.82191509
  outer loop
  vertex -0.0335230008 0.0182160009 0.0290949997
  vertex -0.0327810012 0.0189069994 0.0289830007
  vertex -0.0385189988 0.0170099996 0.0278639998
  endloop
 endfacet

 facet normal -0.0811533406 0.243784517 0.966428161
  outer loop
  vertex -0.0335230008 0.0182160009 0.0290949997
  vertex -0.0198170003 0.0176289994 0.0303939991
  vertex -0.0327810012 0.0189069994 0.0289830007
  endloop
 endfacet

 facet normal -0.220549583 0.230793327 0.947677433
  outer loop
  vertex -0.0431159995 0.0140460003 0.0278779995
  vertex -0.0466529988 0.0104729999 0.0279249996
  vertex -0.0335230008 0.0182160009 0.0290949997
  endloop
 endfacet

 facet normal -0.0939707905 0.00891907793 0.995535016
  outer loop
  vertex -0.0335230008 0.0182160009 0.0290949997
  vertex -0.0466529988 0.0104729999 0.0279249996
  vertex -0.0198170003 0.0176289994 0.0303939991
  endloop
 endfacet

 facet normal -0.0844682679 -0.000931555987 0.996425748
  outer loop
  vertex -0.0198170003 0.0176289994 0.0303939991
  vertex -0.0214249995 -0.0248220004 0.0302179996
  vertex -0.00877400022 -0.0178079996 0.0312969983
  endloop
 endfacet

 facet normal -0.0886039883 -0.00077340554 0.996066689
  outer loop
  vertex -0.0507100001 -0.010636 0.0276239999
  vertex -0.0214249995 -0.0248220004 0.0302179996
  vertex -0.0198170003 0.0176289994 0.0303939991
  endloop
 endfacet

 facet normal -0.0918114483 -0.00745290052 0.99574852
  outer loop
  vertex -0.0507100001 -0.010636 0.0276239999
  vertex -0.031787999 -0.0252889991 0.029259
  vertex -0.0214249995 -0.0248220004 0.0302179996
  endloop
 endfacet

 facet normal -0.0957098603 -0.0125337308 0.995330334
  outer loop
  vertex -0.0507100001 -0.010636 0.0276239999
  vertex -0.0463070013 -0.0176550001 0.0279590003
  vertex -0.031787999 -0.0252889991 0.029259
  endloop
 endfacet

 facet normal -0.602379024 0.00312626339 0.798204184
  outer loop
  vertex -0.0528150015 0.00138799998 0.0270799994
  vertex -0.0535079986 -0.00601200014 0.0265859999
  vertex -0.0529039986 -0.00733500021 0.0270470008
  endloop
 endfacet

 facet normal -0.681611717 0.0149951773 0.731560469
  outer loop
  vertex -0.0528150015 0.00138799998 0.0270799994
  vertex -0.053475 0.000269000011 0.0264880005
  vertex -0.0535079986 -0.00601200014 0.0265859999
  endloop
 endfacet

 facet normal -0.379255027 0.00036905607 0.925292134
  outer loop
  vertex -0.0519540012 0.00114299997 0.0274330005
  vertex -0.0528150015 0.00138799998 0.0270799994
  vertex -0.0529039986 -0.00733500021 0.0270470008
  endloop
 endfacet

 facet normal -0.380845815 0.000577075931 0.924638391
  outer loop
  vertex -0.0519540012 0.00114299997 0.0274330005
  vertex -0.0529039986 -0.00733500021 0.0270470008
  vertex -0.0519490018 -0.00837600045 0.0274410006
  endloop
 endfacet

 facet normal -0.14476493 0.000755547488 0.989465833
  outer loop
  vertex -0.0519540012 0.00114299997 0.0274330005
  vertex -0.0519490018 -0.00837600045 0.0274410006
  vertex -0.0507100001 -0.010636 0.0276239999
  endloop
 endfacet

 facet normal -0.101797573 0.00537975086 0.994790673
  outer loop
  vertex -0.0519540012 0.00114299997 0.0274330005
  vertex -0.0507100001 -0.010636 0.0276239999
  vertex -0.0466529988 0.0104729999 0.0279249996
  endloop
 endfacet

 facet normal -0.0925656185 0.00359246507 0.995700121
  outer loop
  vertex -0.0507100001 -0.010636 0.0276239999
  vertex -0.0198170003 0.0176289994 0.0303939991
  vertex -0.0466529988 0.0104729999 0.0279249996
  endloop
 endfacet

 facet normal -0.33998698 0.144163966 0.929314613
  outer loop
  vertex -0.0519540012 0.00114299997 0.0274330005
  vertex -0.0466529988 0.0104729999 0.0279249996
  vertex -0.0528150015 0.00138799998 0.0270799994
  endloop
 endfacet

 facet normal -0.419361919 0.202119559 0.885033011
  outer loop
  vertex -0.0515000001 0.00555700017 0.0267510004
  vertex -0.0528150015 0.00138799998 0.0270799994
  vertex -0.0466529988 0.0104729999 0.0279249996
  endloop
 endfacet

 facet normal -0.678275347 0.267939389 0.684215665
  outer loop
  vertex -0.0528150015 0.00138799998 0.0270799994
  vertex -0.0515000001 0.00555700017 0.0267510004
  vertex -0.0531210005 0.00154800003 0.0267140009
  endloop
 endfacet

 facet normal -0.744598329 0.0891963765 0.66152668
  outer loop
  vertex -0.0531210005 0.00154800003 0.0267140009
  vertex -0.053475 0.000269000011 0.0264880005
  vertex -0.0528150015 0.00138799998 0.0270799994
  endloop
 endfacet

 facet normal -0.861375213 0.31263411 0.4003658
  outer loop
  vertex -0.0531210005 0.00154800003 0.0267140009
  vertex -0.0595090017 0.00336700003 0.0115499999
  vertex -0.0603570007 -0.000404999999 0.0126710003
  endloop
 endfacet

 facet normal -0.936098456 0.250218183 0.247205928
  outer loop
  vertex -0.062233001 -0.00102700002 0.00647999998
  vertex -0.0603699982 0.00247399998 0.00999100041
  vertex -0.0622350015 0.00163399999 0.0037789999
  endloop
 endfacet

 facet normal -0.935993671 0.237576097 0.259756416
  outer loop
  vertex -0.062233001 -0.00102700002 0.00647999998
  vertex -0.0603570007 -0.000404999999 0.0126710003
  vertex -0.0603699982 0.00247399998 0.00999100041
  endloop
 endfacet

 facet normal -0.89750737 0.298300683 0.324803352
  outer loop
  vertex -0.0603699982 0.00247399998 0.00999100041
  vertex -0.0603570007 -0.000404999999 0.0126710003
  vertex -0.0595090017 0.00336700003 0.0115499999
  endloop
 endfacet

 facet normal -0.851195514 0.340486467 0.399418533
  outer loop
  vertex -0.0595090017 0.00336700003 0.0115499999
  vertex -0.0531210005 0.00154800003 0.0267140009
  vertex -0.0515000001 0.00555700017 0.0267510004
  endloop
 endfacet

 facet normal -0.831469119 0.405625612 0.379640609
  outer loop
  vertex -0.0577749982 0.00662099989 0.0118709998
  vertex -0.0595090017 0.00336700003 0.0115499999
  vertex -0.0515000001 0.00555700017 0.0267510004
  endloop
 endfacet

 facet normal -0.87796092 0.407304496 0.251570612
  outer loop
  vertex -0.059946999 0.00604599994 0.00568399997
  vertex -0.0603699982 0.00247399998 0.00999100041
  vertex -0.0595090017 0.00336700003 0.0115499999
  endloop
 endfacet

 facet normal -0.862106025 0.433521032 0.262359887
  outer loop
  vertex -0.0595090017 0.00336700003 0.0115499999
  vertex -0.0577749982 0.00662099989 0.0118709998
  vertex -0.059946999 0.00604599994 0.00568399997
  endloop
 endfacet

 facet normal -0.796326518 0.560465574 0.227469549
  outer loop
  vertex -0.059946999 0.00604599994 0.00568399997
  vertex -0.0577749982 0.00662099989 0.0118709998
  vertex -0.0560409985 0.00989400037 0.009877
  endloop
 endfacet

 facet normal -0.780425251 0.599803865 0.176555142
  outer loop
  vertex -0.0565980002 0.00971500017 0.00802300032
  vertex -0.059946999 0.00604599994 0.00568399997
  vertex -0.0560409985 0.00989400037 0.009877
  endloop
 endfacet

 facet normal -0.77017653 0.626414299 0.120139197
  outer loop
  vertex -0.0565980002 0.00971500017 0.00802300032
  vertex -0.0602530017 0.00660800003 0.000791999977
  vertex -0.059946999 0.00604599994 0.00568399997
  endloop
 endfacet

 facet normal -0.570392966 0.82078141 0.0311415717
  outer loop
  vertex -0.0546390004 0.0109670004 0.0109059997
  vertex -0.0567139983 0.00990399998 0.000916999998
  vertex -0.0565980002 0.00971500017 0.00802300032
  endloop
 endfacet

 facet normal -0.568309486 0.822247505 0.0305527691
  outer loop
  vertex -0.0546390004 0.0109670004 0.0109059997
  vertex -0.0531399995 0.012042 0.00985800009
  vertex -0.0567139983 0.00990399998 0.000916999998
  endloop
 endfacet

 facet normal -0.547896564 0.833502471 0.0712951273
  outer loop
  vertex -0.0546390004 0.0109670004 0.0109059997
  vertex -0.0523549989 0.0123859998 0.0118690003
  vertex -0.0531399995 0.012042 0.00985800009
  endloop
 endfacet

 facet normal -0.52940315 0.821821809 0.210573822
  outer loop
  vertex -0.0523549989 0.0123859998 0.0118690003
  vertex -0.044036001 0.0139619997 0.026633
  vertex -0.0401530005 0.0165720005 0.0262090005
  endloop
 endfacet

 facet normal -0.386754692 0.919376254 0.0718903095
  outer loop
  vertex -0.0474009998 0.0146690002 0.0115529997
  vertex -0.0401530005 0.0165720005 0.0262090005
  vertex -0.0345639996 0.0188299995 0.0274
  endloop
 endfacet

 facet normal -0.355296224 0.863403976 0.358187258
  outer loop
  vertex -0.0345639996 0.0188299995 0.0274
  vertex -0.0385189988 0.0170099996 0.0278639998
  vertex -0.0327810012 0.0189069994 0.0289830007
  endloop
 endfacet

 facet normal -0.172827423 0.973876715 0.147291571
  outer loop
  vertex -0.0327810012 0.0189069994 0.0289830007
  vertex -0.0278650001 0.0199059993 0.0281460006
  vertex -0.0345639996 0.0188299995 0.0274
  endloop
 endfacet

 facet normal -0.0686931536 0.81732887 0.572062016
  outer loop
  vertex -0.0327810012 0.0189069994 0.0289830007
  vertex -0.0271509998 0.0192009993 0.0292390008
  vertex -0.0278650001 0.0199059993 0.0281460006
  endloop
 endfacet

 facet normal -0.060217455 0.334111035 0.940608144
  outer loop
  vertex -0.0327810012 0.0189069994 0.0289830007
  vertex -0.0199950002 0.0188410003 0.0298250001
  vertex -0.0271509998 0.0192009993 0.0292390008
  endloop
 endfacet

 facet normal -0.057570301 0.417323321 0.906932771
  outer loop
  vertex -0.0327810012 0.0189069994 0.0289830007
  vertex -0.0198170003 0.0176289994 0.0303939991
  vertex -0.0199950002 0.0188410003 0.0298250001
  endloop
 endfacet

 facet normal 0.193416178 0.930124402 0.312184244
  outer loop
  vertex -0.0213629995 0.019847 0.0281390008
  vertex -0.0170959998 0.0186160002 0.0291629992
  vertex -0.0161210001 0.0191050004 0.0271019991
  endloop
 endfacet

 facet normal 0.162343547 0.899731517 0.405126929
  outer loop
  vertex -0.0213629995 0.019847 0.0281390008
  vertex -0.0199950002 0.0188410003 0.0298250001
  vertex -0.0170959998 0.0186160002 0.0291629992
  endloop
 endfacet

 facet normal 0.0265935622 0.428016037 0.903379798
  outer loop
  vertex -0.0168929994 0.0178800002 0.0301890001
  vertex -0.0199950002 0.0188410003 0.0298250001
  vertex -0.0198170003 0.0176289994 0.0303939991
  endloop
 endfacet

 facet normal 0.0483009219 0.23098506 0.97175771
  outer loop
  vertex -0.00754699996 0.0115630003 0.0312259998
  vertex -0.0168929994 0.0178800002 0.0301890001
  vertex -0.0198170003 0.0176289994 0.0303939991
  endloop
 endfacet

 facet normal -0.0443589762 0.0471432917 0.997902632
  outer loop
  vertex -0.0198170003 0.0176289994 0.0303939991
  vertex -0.00445599994 0.0060680001 0.0316229984
  vertex -0.00754699996 0.0115630003 0.0312259998
  endloop
 endfacet

 facet normal 0.146395877 0.152958646 0.977328956
  outer loop
  vertex -0.00439799996 0.00789100025 0.0313289985
  vertex -0.00754699996 0.0115630003 0.0312259998
  vertex -0.00445599994 0.0060680001 0.0316229984
  endloop
 endfacet

 facet normal -0.0792177171 0.000715636823 0.996857107
  outer loop
  vertex -0.00445599994 0.0060680001 0.0316229984
  vertex -0.0198170003 0.0176289994 0.0303939991
  vertex -0.00877400022 -0.0178079996 0.0312969983
  endloop
 endfacet

 facet normal -0.0761517137 0.000157882503 0.997096241
  outer loop
  vertex -0.00445599994 0.0060680001 0.0316229984
  vertex -0.00877400022 -0.0178079996 0.0312969983
  vertex -0.00301799993 -0.00767299999 0.0317349993
  endloop
 endfacet

 facet normal 0.264423251 -0.0275041834 0.964014471
  outer loop
  vertex -0.00201399997 -0.000625999994 0.031578999
  vertex -0.00204599998 -0.00759299984 0.0313890018
  vertex -0.000923999993 -0.00090699998 0.0312720016
  endloop
 endfacet

 facet normal 0.337214589 -0.0272118337 0.941034496
  outer loop
  vertex -0.00201399997 -0.000625999994 0.031578999
  vertex -0.00301799993 -0.00767299999 0.0317349993
  vertex -0.00204599998 -0.00759299984 0.0313890018
  endloop
 endfacet

 facet normal 0.667686403 -0.0991354883 0.7378124
  outer loop
  vertex 0.00229700003 -0.00576800015 0.0277040005
  vertex -0.000923999993 -0.00090699998 0.0312720016
  vertex -0.00204599998 -0.00759299984 0.0313890018
  endloop
 endfacet

 facet normal 0.342560381 -0.153214872 0.926918387
  outer loop
  vertex -0.00204599998 -0.00759299984 0.0313890018
  vertex -0.00301799993 -0.00767299999 0.0317349993
  vertex -0.00339500001 -0.0115649998 0.0312309992
  endloop
 endfacet

 facet normal 0.672444522 -0.599848747 0.433589518
  outer loop
  vertex 0.00227300008 -0.0129079996 0.0240579993
  vertex 0.00345399999 -0.0147320004 0.0197030008
  vertex 0.00336099998 -0.0124220001 0.0230429992
  endloop
 endfacet

 facet normal 0.641666591 -0.629774332 0.437776685
  outer loop
  vertex 0.00227300008 -0.0129079996 0.0240579993
  vertex 0.0029219999 -0.0154520003 0.0194470007
  vertex 0.00345399999 -0.0147320004 0.0197030008
  endloop
 endfacet

 facet normal 0.62152946 -0.645631015 0.443690985
  outer loop
  vertex 0.00227300008 -0.0129079996 0.0240579993
  vertex -0.00612099981 -0.0167430006 0.0302360002
  vertex 0.0029219999 -0.0154520003 0.0194470007
  endloop
 endfacet

 facet normal 0.831354916 -0.418731868 0.365393788
  outer loop
  vertex 0.0109379999 -0.012104 0.00616799993
  vertex 0.00886199996 -0.0103460001 0.012906
  vertex 0.00336099998 -0.0124220001 0.0230429992
  endloop
 endfacet

 facet normal 0.805009246 -0.477211088 0.352462411
  outer loop
  vertex 0.0109379999 -0.012104 0.00616799993
  vertex 0.00336099998 -0.0124220001 0.0230429992
  vertex 0.00345399999 -0.0147320004 0.0197030008
  endloop
 endfacet

 facet normal 0.714169264 -0.633528292 0.297664672
  outer loop
  vertex 0.00345399999 -0.0147320004 0.0197030008
  vertex 0.0029219999 -0.0154520003 0.0194470007
  vertex 0.0112530002 -0.0158799998 -0.001452
  endloop
 endfacet

 facet normal 0.68021816 -0.675341189 0.284987003
  outer loop
  vertex 0.0029219999 -0.0154520003 0.0194470007
  vertex 0.00975899957 -0.0202290006 -0.00819199998
  vertex 0.0112530002 -0.0158799998 -0.001452
  endloop
 endfacet

 facet normal 0.695997 -0.676797569 0.239860982
  outer loop
  vertex 0.00975899957 -0.0202290006 -0.00819199998
  vertex 0.0182419997 -0.0261090007 -0.0493980013
  vertex 0.0181520004 -0.0245159995 -0.0446420014
  endloop
 endfacet

 facet normal 0.499455899 -0.830816031 0.245537475
  outer loop
  vertex 0.00975899957 -0.0202290006 -0.00819199998
  vertex -0.0110069998 -0.021404 0.0300730001
  vertex -0.0148910005 -0.0239519998 0.029352
  endloop
 endfacet

 facet normal 0.546091616 -0.792328715 0.272028029
  outer loop
  vertex 0.00975899957 -0.0202290006 -0.00819199998
  vertex 0.0029219999 -0.0154520003 0.0194470007
  vertex -0.0110069998 -0.021404 0.0300730001
  endloop
 endfacet

 facet normal 0.61368233 -0.658538938 0.435569108
  outer loop
  vertex -0.00612099981 -0.0167430006 0.0302360002
  vertex -0.0110069998 -0.021404 0.0300730001
  vertex 0.0029219999 -0.0154520003 0.0194470007
  endloop
 endfacet

 facet normal 0.562567592 -0.60926795 0.558847427
  outer loop
  vertex -0.00612099981 -0.0167430006 0.0302360002
  vertex -0.00690799998 -0.0165240001 0.0312669985
  vertex -0.0110069998 -0.021404 0.0300730001
  endloop
 endfacet

 facet normal 0.349317431 -0.488978088 0.799298406
  outer loop
  vertex -0.00690799998 -0.0165240001 0.0312669985
  vertex -0.00877400022 -0.0178079996 0.0312969983
  vertex -0.0110069998 -0.021404 0.0300730001
  endloop
 endfacet

 facet normal 0.0164444521 -0.180935323 0.983357549
  outer loop
  vertex -0.00877400022 -0.0178079996 0.0312969983
  vertex -0.0214249995 -0.0248220004 0.0302179996
  vertex -0.0187149998 -0.0247169994 0.0301920008
  endloop
 endfacet

 facet normal 0.108515888 -0.307340086 0.945392251
  outer loop
  vertex -0.0187149998 -0.0247169994 0.0301920008
  vertex -0.0150149995 -0.0236290004 0.0301210005
  vertex -0.00877400022 -0.0178079996 0.0312969983
  endloop
 endfacet

 facet normal 0.0342167057 -0.708600998 0.704779387
  outer loop
  vertex -0.0187149998 -0.0247169994 0.0301920008
  vertex -0.0214249995 -0.0248220004 0.0302179996
  vertex -0.0209979992 -0.0259780008 0.0290350001
  endloop
 endfacet

 facet normal 0.265920699 -0.867382765 0.420634329
  outer loop
  vertex -0.0209979992 -0.0259780008 0.0290350001
  vertex -0.0148910005 -0.0239519998 0.029352
  vertex -0.0187149998 -0.0247169994 0.0301920008
  endloop
 endfacet

 facet normal 0.447126716 -0.796656609 0.406713605
  outer loop
  vertex -0.0148910005 -0.0239519998 0.029352
  vertex -0.0110069998 -0.021404 0.0300730001
  vertex -0.0150149995 -0.0236290004 0.0301210005
  endloop
 endfacet

 facet normal 0.33261773 -0.925944865 0.178862274
  outer loop
  vertex -0.0148910005 -0.0239519998 0.029352
  vertex -0.0203419998 -0.0262749996 0.0274630003
  vertex 0.0104339998 -0.0288759992 -0.0432340018
  endloop
 endfacet

 facet normal 0.198798016 -0.944533765 0.261410147
  outer loop
  vertex -0.0209979992 -0.0259780008 0.0290350001
  vertex -0.0212580003 -0.0263509993 0.0278849993
  vertex -0.0203419998 -0.0262749996 0.0274630003
  endloop
 endfacet

 facet normal 0.287425637 -0.912120819 0.292270869
  outer loop
  vertex -0.0148910005 -0.0239519998 0.029352
  vertex -0.0209979992 -0.0259780008 0.0290350001
  vertex -0.0203419998 -0.0262749996 0.0274630003
  endloop
 endfacet

 facet normal 0.0394018218 -0.953058183 0.300212562
  outer loop
  vertex -0.0209979992 -0.0259780008 0.0290350001
  vertex -0.0294000003 -0.0265319999 0.0283790007
  vertex -0.0212580003 -0.0263509993 0.0278849993
  endloop
 endfacet

 facet normal 0.0222495999 -0.885958433 0.463230669
  outer loop
  vertex -0.0293119997 -0.0261000004 0.0292010009
  vertex -0.0294000003 -0.0265319999 0.0283790007
  vertex -0.0209979992 -0.0259780008 0.0290350001
  endloop
 endfacet

 facet normal 0.0244672541 -0.710578382 0.703192532
  outer loop
  vertex -0.0293119997 -0.0261000004 0.0292010009
  vertex -0.0209979992 -0.0259780008 0.0290350001
  vertex -0.0214249995 -0.0248220004 0.0302179996
  endloop
 endfacet

 facet normal -0.0753341541 -0.879339397 0.470199019
  outer loop
  vertex -0.0293119997 -0.0261000004 0.0292010009
  vertex -0.0312959999 -0.0260220002 0.0290290006
  vertex -0.0294000003 -0.0265319999 0.0283790007
  endloop
 endfacet

 facet normal -0.0945896059 -0.355289817 0.929958165
  outer loop
  vertex -0.0293119997 -0.0261000004 0.0292010009
  vertex -0.031787999 -0.0252889991 0.029259
  vertex -0.0312959999 -0.0260220002 0.0290290006
  endloop
 endfacet

 facet normal -0.0747590214 -0.296334088 0.95215404
  outer loop
  vertex -0.0293119997 -0.0261000004 0.0292010009
  vertex -0.0214249995 -0.0248220004 0.0302179996
  vertex -0.031787999 -0.0252889991 0.029259
  endloop
 endfacet

 facet normal -0.190314457 -0.961315572 0.199130103
  outer loop
  vertex -0.0312959999 -0.0260220002 0.0290290006
  vertex -0.0292130001 -0.0268120002 0.0272059999
  vertex -0.0294000003 -0.0265319999 0.0283790007
  endloop
 endfacet

 facet normal -0.15214777 -0.958404481 0.241478667
  outer loop
  vertex -0.0299290009 -0.0268159993 0.0267389994
  vertex -0.0292130001 -0.0268120002 0.0272059999
  vertex -0.0312959999 -0.0260220002 0.0290290006
  endloop
 endfacet

 facet normal -0.280567944 -0.946299195 0.160622016
  outer loop
  vertex -0.0299290009 -0.0268159993 0.0267389994
  vertex -0.0312959999 -0.0260220002 0.0290290006
  vertex -0.0365560018 -0.024704 0.0276059993
  endloop
 endfacet

 facet normal -0.337015063 -0.786919415 0.516893446
  outer loop
  vertex -0.0387180001 -0.0236269999 0.0278360005
  vertex -0.0365560018 -0.024704 0.0276059993
  vertex -0.0312959999 -0.0260220002 0.0290290006
  endloop
 endfacet

 facet normal -0.282484472 -0.45465073 0.844686508
  outer loop
  vertex -0.0387180001 -0.0236269999 0.0278360005
  vertex -0.0312959999 -0.0260220002 0.0290290006
  vertex -0.031787999 -0.0252889991 0.029259
  endloop
 endfacet

 facet normal -0.173052177 -0.163738057 0.971206963
  outer loop
  vertex -0.0463070013 -0.0176550001 0.0279590003
  vertex -0.0454230011 -0.0193070006 0.0278379992
  vertex -0.031787999 -0.0252889991 0.029259
  endloop
 endfacet

 facet normal -0.452750772 -0.303674698 0.838330746
  outer loop
  vertex -0.0507420003 -0.0144659998 0.0267190002
  vertex -0.0454230011 -0.0193070006 0.0278379992
  vertex -0.0463070013 -0.0176550001 0.0279590003
  endloop
 endfacet

 facet normal -0.602814019 -0.308235735 0.735938966
  outer loop
  vertex -0.0515380017 -0.0123840002 0.0269389991
  vertex -0.0511990003 -0.0139279999 0.0265699998
  vertex -0.0507420003 -0.0144659998 0.0267190002
  endloop
 endfacet

 facet normal -0.639401793 -0.308680952 0.704188526
  outer loop
  vertex -0.0515380017 -0.0123840002 0.0269389991
  vertex -0.0524200015 -0.0112300003 0.0266440008
  vertex -0.0511990003 -0.0139279999 0.0265699998
  endloop
 endfacet

 facet normal -0.414869159 -0.154842898 0.89660877
  outer loop
  vertex -0.0507100001 -0.010636 0.0276239999
  vertex -0.0519490018 -0.00837600045 0.0274410006
  vertex -0.0515380017 -0.0123840002 0.0269389991
  endloop
 endfacet

 facet normal -0.364413887 -0.185036272 0.912668645
  outer loop
  vertex -0.0507100001 -0.010636 0.0276239999
  vertex -0.0515380017 -0.0123840002 0.0269389991
  vertex -0.0463070013 -0.0176550001 0.0279590003
  endloop
 endfacet

 facet normal -0.425793946 -0.254540473 0.868279159
  outer loop
  vertex -0.0507420003 -0.0144659998 0.0267190002
  vertex -0.0463070013 -0.0176550001 0.0279590003
  vertex -0.0515380017 -0.0123840002 0.0269389991
  endloop
 endfacet

 facet normal -0.513330579 -0.151191801 0.844767928
  outer loop
  vertex -0.0529039986 -0.00733500021 0.0270470008
  vertex -0.0524200015 -0.0112300003 0.0266440008
  vertex -0.0519490018 -0.00837600045 0.0274410006
  endloop
 endfacet

 facet normal -0.769878328 -0.159598872 0.617912292
  outer loop
  vertex -0.0529039986 -0.00733500021 0.0270470008
  vertex -0.0539820008 -0.00665700017 0.0258789994
  vertex -0.0524200015 -0.0112300003 0.0266440008
  endloop
 endfacet

 facet normal -0.764979243 -0.129396468 0.630922675
  outer loop
  vertex -0.0529039986 -0.00733500021 0.0270470008
  vertex -0.0535079986 -0.00601200014 0.0265859999
  vertex -0.0539820008 -0.00665700017 0.0258789994
  endloop
 endfacet

 facet normal -0.835956275 0.0129520902 0.548643172
  outer loop
  vertex -0.053475 0.000269000011 0.0264880005
  vertex -0.0539820008 -0.00665700017 0.0258789994
  vertex -0.0535079986 -0.00601200014 0.0265859999
  endloop
 endfacet

 facet normal -0.887326002 0.0244634934 0.460493207
  outer loop
  vertex -0.053475 0.000269000011 0.0264880005
  vertex -0.0604030006 -0.00252799992 0.0132870004
  vertex -0.0539820008 -0.00665700017 0.0258789994
  endloop
 endfacet

 facet normal -0.886971712 0.169591323 0.42955792
  outer loop
  vertex -0.0531210005 0.00154800003 0.0267140009
  vertex -0.0604030006 -0.00252799992 0.0132870004
  vertex -0.053475 0.000269000011 0.0264880005
  endloop
 endfacet

 facet normal -0.887523532 0.146031067 0.437009215
  outer loop
  vertex -0.0531210005 0.00154800003 0.0267140009
  vertex -0.0603570007 -0.000404999999 0.0126710003
  vertex -0.0604030006 -0.00252799992 0.0132870004
  endloop
 endfacet

 facet normal -0.954503834 0.106493503 0.278535038
  outer loop
  vertex -0.0608510002 -0.00406900002 0.012379
  vertex -0.0603570007 -0.000404999999 0.0126710003
  vertex -0.062233001 -0.00102700002 0.00647999998
  endloop
 endfacet

 facet normal -0.950955987 0.105025679 0.290950716
  outer loop
  vertex -0.0608510002 -0.00406900002 0.012379
  vertex -0.0604030006 -0.00252799992 0.0132870004
  vertex -0.0603570007 -0.000404999999 0.0126710003
  endloop
 endfacet

 facet normal -0.976045251 -0.0241198372 0.216226876
  outer loop
  vertex -0.0608510002 -0.00406900002 0.012379
  vertex -0.062233001 -0.00102700002 0.00647999998
  vertex -0.0625139996 -0.00132799998 0.00517799985
  endloop
 endfacet

 facet normal -0.976839185 -0.0408627801 0.210037217
  outer loop
  vertex -0.0625139996 -0.00132799998 0.00517799985
  vertex -0.0614340007 -0.00777800009 0.00894599967
  vertex -0.0608510002 -0.00406900002 0.012379
  endloop
 endfacet

 facet normal -0.964721203 -0.239665493 0.108965635
  outer loop
  vertex -0.0612180009 -0.0101060001 0.00573799992
  vertex -0.0614340007 -0.00777800009 0.00894599967
  vertex -0.0628030002 -0.00622700015 0.000237
  endloop
 endfacet

 facet normal -0.98660773 -0.0832611248 0.140260383
  outer loop
  vertex -0.0628030002 -0.00622700015 0.000237
  vertex -0.0614340007 -0.00777800009 0.00894599967
  vertex -0.0625139996 -0.00132799998 0.00517799985
  endloop
 endfacet

 facet normal -0.961179793 0.275401086 0.0169648435
  outer loop
  vertex -0.0626749992 0.000841000001 -0.00875500031
  vertex -0.061976999 0.00250900001 0.00371400011
  vertex -0.0616069995 0.00435000006 -0.00520899985
  endloop
 endfacet

 facet normal -0.958737493 0.283859223 0.0156966578
  outer loop
  vertex -0.0626749992 0.000841000001 -0.00875500031
  vertex -0.0622350015 0.00163399999 0.0037789999
  vertex -0.061976999 0.00250900001 0.00371400011
  endloop
 endfacet

 facet normal -0.970430076 0.171592221 0.169769809
  outer loop
  vertex -0.0622350015 0.00163399999 0.0037789999
  vertex -0.0625139996 -0.00132799998 0.00517799985
  vertex -0.062233001 -0.00102700002 0.00647999998
  endloop
 endfacet

 facet normal -0.926464736 0.290917426 0.238810197
  outer loop
  vertex -0.061976999 0.00250900001 0.00371400011
  vertex -0.0622350015 0.00163399999 0.0037789999
  vertex -0.0603699982 0.00247399998 0.00999100041
  endloop
 endfacet

 facet normal -0.893826246 0.384350032 0.230975255
  outer loop
  vertex -0.0603699982 0.00247399998 0.00999100041
  vertex -0.059946999 0.00604599994 0.00568399997
  vertex -0.061976999 0.00250900001 0.00371400011
  endloop
 endfacet

 facet normal -0.886902452 0.449370027 0.107101515
  outer loop
  vertex -0.059946999 0.00604599994 0.00568399997
  vertex -0.0602530017 0.00660800003 0.000791999977
  vertex -0.061976999 0.00250900001 0.00371400011
  endloop
 endfacet

 facet normal -0.979121566 0.202127039 0.0215832572
  outer loop
  vertex -0.0626749992 0.000841000001 -0.00875500031
  vertex -0.0630749986 -0.00104100001 -0.00927599985
  vertex -0.0622350015 0.00163399999 0.0037789999
  endloop
 endfacet

 facet normal -0.950787485 0.309221059 -0.0196321961
  outer loop
  vertex -0.0621079989 0.00236600009 -0.0121950004
  vertex -0.0626749992 0.000841000001 -0.00875500031
  vertex -0.0616069995 0.00435000006 -0.00520899985
  endloop
 endfacet

 facet normal -0.908388257 0.414798796 -0.0526565723
  outer loop
  vertex -0.0616069995 0.00435000006 -0.00520899985
  vertex -0.0616559982 0.00346300006 -0.0113509996
  vertex -0.0621079989 0.00236600009 -0.0121950004
  endloop
 endfacet

 facet normal -0.842615247 0.533897102 -0.0703809112
  outer loop
  vertex -0.0601899996 0.0064079999 -0.00656200014
  vertex -0.0616559982 0.00346300006 -0.0113509996
  vertex -0.0616069995 0.00435000006 -0.00520899985
  endloop
 endfacet

 facet normal -0.695445478 0.70112431 -0.157417342
  outer loop
  vertex -0.0601899996 0.00204599998 -0.02599
  vertex -0.0601899996 0.0064079999 -0.00656200014
  vertex -0.0591310002 0.00764499977 -0.0057310001
  endloop
 endfacet

 facet normal -0.634099066 0.772589862 -0.0319888964
  outer loop
  vertex -0.0581489988 0.00847299956 -0.00519899977
  vertex -0.0591310002 0.00764499977 -0.0057310001
  vertex -0.0567139983 0.00990399998 0.000916999998
  endloop
 endfacet

 facet normal -0.681519568 0.731799424 -0.000887648843
  outer loop
  vertex -0.0591310002 0.00764499977 -0.0057310001
  vertex -0.0602530017 0.00660800003 0.000791999977
  vertex -0.0567139983 0.00990399998 0.000916999998
  endloop
 endfacet

 facet normal -0.681796074 0.730903387 0.0305696074
  outer loop
  vertex -0.0565980002 0.00971500017 0.00802300032
  vertex -0.0567139983 0.00990399998 0.000916999998
  vertex -0.0602530017 0.00660800003 0.000791999977
  endloop
 endfacet

 facet normal -0.41811043 0.908362508 0.00782713201
  outer loop
  vertex -0.0531399995 0.012042 0.00985800009
  vertex -0.0523549989 0.0123859998 0.0118690003
  vertex -0.0474009998 0.0146690002 0.0115529997
  endloop
 endfacet

 facet normal -0.440900743 0.873480737 -0.206489861
  outer loop
  vertex -0.056171 0.0094569996 -0.00526000001
  vertex -0.0558959991 0.000132999994 -0.0452889986
  vertex -0.0581489988 0.00847299956 -0.00519899977
  endloop
 endfacet

 facet normal -0.445566654 0.889243603 -0.103518568
  outer loop
  vertex -0.056171 0.0094569996 -0.00526000001
  vertex -0.0581489988 0.00847299956 -0.00519899977
  vertex -0.0567139983 0.00990399998 0.000916999998
  endloop
 endfacet

 facet normal -0.361456335 0.927132547 -0.098866567
  outer loop
  vertex -0.0567139983 0.00990399998 0.000916999998
  vertex -0.0474009998 0.0146690002 0.0115529997
  vertex -0.056171 0.0094569996 -0.00526000001
  endloop
 endfacet

 facet normal -0.32080701 0.939024568 -0.123756498
  outer loop
  vertex -0.0474009998 0.0146690002 0.0115529997
  vertex -0.0548480004 0.0098679997 -0.00557099981
  vertex -0.056171 0.0094569996 -0.00526000001
  endloop
 endfacet

 facet normal -0.228745282 0.958652437 -0.169296011
  outer loop
  vertex -0.0474009998 0.0146690002 0.0115529997
  vertex -0.0300520007 0.0195969995 0.0160169993
  vertex -0.0548480004 0.0098679997 -0.00557099981
  endloop
 endfacet

 facet normal -0.223842919 0.974352181 -0.0230739489
  outer loop
  vertex -0.0300520007 0.0195969995 0.0160169993
  vertex -0.0345639996 0.0188299995 0.0274
  vertex -0.0258939993 0.0207150001 0.0228899997
  endloop
 endfacet

 facet normal -0.325267702 0.893939435 -0.308339387
  outer loop
  vertex -0.0543310009 0.000361999992 -0.0462759994
  vertex -0.0529490001 -0.000737999973 -0.050923001
  vertex -0.0558959991 0.000132999994 -0.0452889986
  endloop
 endfacet

 facet normal -0.276736528 0.934982777 -0.221865088
  outer loop
  vertex -0.0558959991 0.000132999994 -0.0452889986
  vertex -0.0548480004 0.0098679997 -0.00557099981
  vertex -0.0543310009 0.000361999992 -0.0462759994
  endloop
 endfacet

 facet normal -0.581139386 0.767593622 -0.270327836
  outer loop
  vertex -0.0572299995 -0.00268699997 -0.0509250015
  vertex -0.0580939986 -0.000503999996 -0.0428690016
  vertex -0.0569549985 -0.000220999995 -0.0445140004
  endloop
 endfacet

 facet normal -0.715796471 0.650817037 -0.253125757
  outer loop
  vertex -0.0580939986 -0.000503999996 -0.0428690016
  vertex -0.0572299995 -0.00268699997 -0.0509250015
  vertex -0.0594290011 -0.00510400021 -0.0509210005
  endloop
 endfacet

 facet normal -0.0904584676 0.0806565285 -0.992628753
  outer loop
  vertex -0.0594290011 -0.00510400021 -0.0509210005
  vertex -0.0572299995 -0.00268699997 -0.0509250015
  vertex -0.0209199991 -0.00257700006 -0.0542250015
  endloop
 endfacet

 facet normal -0.489871383 0.820510983 -0.294597536
  outer loop
  vertex -0.0572299995 -0.00268699997 -0.0509250015
  vertex -0.0569549985 -0.000220999995 -0.0445140004
  vertex -0.0558959991 0.000132999994 -0.0452889986
  endloop
 endfacet

 facet normal -0.0893260539 0.197207734 -0.976283848
  outer loop
  vertex -0.0572299995 -0.00268699997 -0.0509250015
  vertex -0.0529490001 -0.000737999973 -0.050923001
  vertex -0.0209199991 -0.00257700006 -0.0542250015
  endloop
 endfacet

 facet normal -0.390049666 0.857093692 -0.336528867
  outer loop
  vertex -0.0572299995 -0.00268699997 -0.0509250015
  vertex -0.0558959991 0.000132999994 -0.0452889986
  vertex -0.0529490001 -0.000737999973 -0.050923001
  endloop
 endfacet

 facet normal -0.0893150941 0.0612881929 -0.994115949
  outer loop
  vertex -0.0594290011 -0.00510400021 -0.0509210005
  vertex -0.0209199991 -0.00257700006 -0.0542250015
  vertex -0.0600190014 -0.0059799999 -0.0509219989
  endloop
 endfacet

 facet normal -0.799182534 0.569343865 -0.192756012
  outer loop
  vertex -0.0580939986 -0.000503999996 -0.0428690016
  vertex -0.0594290011 -0.00510400021 -0.0509210005
  vertex -0.0616630018 -0.000214999993 -0.0272179991
  endloop
 endfacet

 facet normal -0.50016135 0.842179239 -0.201426923
  outer loop
  vertex -0.0580939986 -0.000503999996 -0.0428690016
  vertex -0.0581489988 0.00847299956 -0.00519899977
  vertex -0.0569549985 -0.000220999995 -0.0445140004
  endloop
 endfacet

 facet normal -0.56864965 0.799985051 -0.191471726
  outer loop
  vertex -0.0580939986 -0.000503999996 -0.0428690016
  vertex -0.0601899996 0.00204599998 -0.02599
  vertex -0.0581489988 0.00847299956 -0.00519899977
  endloop
 endfacet

 facet normal -0.773316324 0.60565275 -0.187528044
  outer loop
  vertex -0.0601899996 0.00204599998 -0.02599
  vertex -0.0580939986 -0.000503999996 -0.0428690016
  vertex -0.0616630018 -0.000214999993 -0.0272179991
  endloop
 endfacet

 facet normal -0.794361711 0.591832101 -0.13683717
  outer loop
  vertex -0.0601899996 0.00204599998 -0.02599
  vertex -0.0616630018 -0.000214999993 -0.0272179991
  vertex -0.0616559982 0.00346300006 -0.0113509996
  endloop
 endfacet

 facet normal -0.779508412 0.61117655 -0.137222156
  outer loop
  vertex -0.0601899996 0.00204599998 -0.02599
  vertex -0.0616559982 0.00346300006 -0.0113509996
  vertex -0.0601899996 0.0064079999 -0.00656200014
  endloop
 endfacet

 facet normal -0.889305055 0.44558847 -0.102895707
  outer loop
  vertex -0.0621079989 0.00236600009 -0.0121950004
  vertex -0.0616559982 0.00346300006 -0.0113509996
  vertex -0.0616630018 -0.000214999993 -0.0272179991
  endloop
 endfacet

 facet normal -0.922786832 0.374256641 -0.0916324332
  outer loop
  vertex -0.0616630018 -0.000214999993 -0.0272179991
  vertex -0.062533997 -0.00236600009 -0.0272320006
  vertex -0.0621079989 0.00236600009 -0.0121950004
  endloop
 endfacet

 facet normal -0.974494398 0.219735324 -0.045575425
  outer loop
  vertex -0.0630749986 -0.00104100001 -0.00927599985
  vertex -0.0626749992 0.000841000001 -0.00875500031
  vertex -0.062533997 -0.00236600009 -0.0272320006
  endloop
 endfacet

 facet normal -0.967811942 0.246619105 -0.0501905754
  outer loop
  vertex -0.0626749992 0.000841000001 -0.00875500031
  vertex -0.0621079989 0.00236600009 -0.0121950004
  vertex -0.062533997 -0.00236600009 -0.0272320006
  endloop
 endfacet

 facet normal -0.991734445 0.102419637 -0.0772858337
  outer loop
  vertex -0.0618540011 -0.0112709999 -0.0509250015
  vertex -0.0622050017 -0.0146690002 -0.0509239994
  vertex -0.0630849972 -0.00718799978 -0.0297180004
  endloop
 endfacet

 facet normal -0.0820812061 0.00818477105 -0.996591985
  outer loop
  vertex -0.0618540011 -0.0112709999 -0.0509250015
  vertex -0.0209199991 -0.00257700006 -0.0542250015
  vertex -0.0622050017 -0.0146690002 -0.0509239994
  endloop
 endfacet

 facet normal -0.983647883 0.157466397 -0.0874146223
  outer loop
  vertex -0.0630849972 -0.00718799978 -0.0297180004
  vertex -0.062533997 -0.00236600009 -0.0272320006
  vertex -0.0618540011 -0.0112709999 -0.0509250015
  endloop
 endfacet

 facet normal -0.0867881849 0.030664552 -0.995754719
  outer loop
  vertex -0.0618540011 -0.0112709999 -0.0509250015
  vertex -0.0600190014 -0.0059799999 -0.0509219989
  vertex -0.0209199991 -0.00257700006 -0.0542250015
  endloop
 endfacet

 facet normal -0.934272945 0.324104458 -0.148628369
  outer loop
  vertex -0.0618540011 -0.0112709999 -0.0509250015
  vertex -0.062533997 -0.00236600009 -0.0272320006
  vertex -0.0600190014 -0.0059799999 -0.0509219989
  endloop
 endfacet

 facet normal -0.915502727 0.371712327 -0.153898418
  outer loop
  vertex -0.0600190014 -0.0059799999 -0.0509219989
  vertex -0.062533997 -0.00236600009 -0.0272320006
  vertex -0.0616630018 -0.000214999993 -0.0272179991
  endloop
 endfacet

 facet normal -0.814226389 0.548611343 -0.189897597
  outer loop
  vertex -0.0594290011 -0.00510400021 -0.0509210005
  vertex -0.0600190014 -0.0059799999 -0.0509219989
  vertex -0.0616630018 -0.000214999993 -0.0272179991
  endloop
 endfacet

 facet normal -0.0796899125 -4.18686723e-05 -0.996819794
  outer loop
  vertex -0.0622050017 -0.0146690002 -0.0509239994
  vertex -0.0209199991 -0.00257700006 -0.0542250015
  vertex -0.0207410008 -0.033826001 -0.054237999
  endloop
 endfacet

 facet normal 0.00192234747 0.00042694516 -0.999998033
  outer loop
  vertex -0.0207410008 -0.033826001 -0.054237999
  vertex -0.0209199991 -0.00257700006 -0.0542250015
  vertex -0.0138959996 -0.0342030004 -0.0542250015
  endloop
 endfacet

 facet normal -0.0475425422 -0.995545566 0.0814170018
  outer loop
  vertex -0.0292130001 -0.0268120002 0.0272059999
  vertex -0.0299290009 -0.0268159993 0.0267389994
  vertex -0.0138959996 -0.0342030004 -0.0542250015
  endloop
 endfacet

 facet normal 0.049105823 -0.993831098 0.099440746
  outer loop
  vertex -0.0212580003 -0.0263509993 0.0278849993
  vertex -0.0292130001 -0.0268120002 0.0272059999
  vertex -0.0138959996 -0.0342030004 -0.0542250015
  endloop
 endfacet

 facet normal 0.134523436 -0.984244466 0.114744842
  outer loop
  vertex -0.00548799988 -0.0337679982 -0.0542239994
  vertex -0.0203419998 -0.0262749996 0.0274630003
  vertex -0.0212580003 -0.0263509993 0.0278849993
  endloop
 endfacet

 facet normal 0.187394068 -0.974494815 0.12346445
  outer loop
  vertex 0.00627100002 -0.0315059982 -0.0542180017
  vertex -0.0203419998 -0.0262749996 0.0274630003
  vertex -0.00548799988 -0.0337679982 -0.0542239994
  endloop
 endfacet

 facet normal 0.239128575 -0.960922062 0.139451176
  outer loop
  vertex 0.00627100002 -0.0315059982 -0.0542180017
  vertex 0.0104339998 -0.0288759992 -0.0432340018
  vertex -0.0203419998 -0.0262749996 0.0274630003
  endloop
 endfacet

 facet normal 0.256752312 -0.957429528 0.131935433
  outer loop
  vertex 0.0104339998 -0.0288759992 -0.0432340018
  vertex 0.00627100002 -0.0315059982 -0.0542180017
  vertex 0.0106769996 -0.0303249992 -0.0542219989
  endloop
 endfacet

 facet normal 0.282006085 -0.950349689 0.131560296
  outer loop
  vertex 0.0106769996 -0.0303249992 -0.0542219989
  vertex 0.0167350005 -0.0283729993 -0.0531070009
  vertex 0.0104339998 -0.0288759992 -0.0432340018
  endloop
 endfacet

 facet normal 0.366856247 -0.911143064 0.1877096
  outer loop
  vertex 0.0104339998 -0.0288759992 -0.0432340018
  vertex 0.0167350005 -0.0283729993 -0.0531070009
  vertex 0.0158450007 -0.0272470005 -0.0459019989
  endloop
 endfacet

 facet normal 0.367759287 -0.910291076 0.190061122
  outer loop
  vertex -0.0148910005 -0.0239519998 0.029352
  vertex 0.0104339998 -0.0288759992 -0.0432340018
  vertex 0.0158450007 -0.0272470005 -0.0459019989
  endloop
 endfacet

 facet normal 0.638256729 -0.744660318 0.195216462
  outer loop
  vertex 0.0158450007 -0.0272470005 -0.0459019989
  vertex 0.0167350005 -0.0283729993 -0.0531070009
  vertex 0.0182419997 -0.0261090007 -0.0493980013
  endloop
 endfacet

 facet normal 0.678226709 -0.694971383 0.238796011
  outer loop
  vertex 0.0158450007 -0.0272470005 -0.0459019989
  vertex 0.0182419997 -0.0261090007 -0.0493980013
  vertex 0.00975899957 -0.0202290006 -0.00819199998
  endloop
 endfacet

 facet normal 0.736579776 -0.630879819 0.243805096
  outer loop
  vertex 0.0112530002 -0.0158799998 -0.001452
  vertex 0.00975899957 -0.0202290006 -0.00819199998
  vertex 0.0181520004 -0.0245159995 -0.0446420014
  endloop
 endfacet

 facet normal 0.81419605 -0.528044939 0.241357461
  outer loop
  vertex 0.0112530002 -0.0158799998 -0.001452
  vertex 0.0167059992 -0.0189459994 -0.0265549999
  vertex 0.0125219999 -0.0137670003 -0.00110999995
  endloop
 endfacet

 facet normal 0.780794263 -0.576828957 0.240060076
  outer loop
  vertex 0.0167059992 -0.0189459994 -0.0265549999
  vertex 0.0112530002 -0.0158799998 -0.001452
  vertex 0.0181520004 -0.0245159995 -0.0446420014
  endloop
 endfacet

 facet normal 0.833628297 -0.518785536 0.189539939
  outer loop
  vertex 0.0181520004 -0.0245159995 -0.0446420014
  vertex 0.0182419997 -0.0261090007 -0.0493980013
  vertex 0.018933 -0.0248620007 -0.0490240008
  endloop
 endfacet

 facet normal 0.917199254 -0.356013596 0.178885475
  outer loop
  vertex 0.0189570002 -0.0158079993 -0.0311280005
  vertex 0.0186049994 -0.0159290005 -0.0295640007
  vertex 0.018933 -0.0248620007 -0.0490240008
  endloop
 endfacet

 facet normal 0.97608912 -0.213771164 0.0393967144
  outer loop
  vertex 0.0197030008 -0.0210919995 -0.0476449989
  vertex 0.018933 -0.0248620007 -0.0490240008
  vertex 0.0195579994 -0.0229659993 -0.0542210005
  endloop
 endfacet

 facet normal 0.989856005 -0.140887827 0.0183231868
  outer loop
  vertex 0.0197030008 -0.0210919995 -0.0476449989
  vertex 0.0195579994 -0.0229659993 -0.0542210005
  vertex 0.0200929996 -0.018685 -0.0502060018
  endloop
 endfacet

 facet normal 0.995356083 -0.0881774276 -0.038612254
  outer loop
  vertex 0.0195579994 -0.0229659993 -0.0542210005
  vertex 0.0196560007 -0.0218579993 -0.0542250015
  vertex 0.0200929996 -0.018685 -0.0502060018
  endloop
 endfacet

 facet normal 0.981821954 0.0817488655 -0.171297401
  outer loop
  vertex 0.0196560007 -0.0218579993 -0.0542250015
  vertex 0.0197860003 -0.0137050003 -0.0495890006
  vertex 0.0200929996 -0.018685 -0.0502060018
  endloop
 endfacet

 facet normal 0.967053711 0.19487673 -0.16379945
  outer loop
  vertex 0.0197860003 -0.0137050003 -0.0495890006
  vertex 0.0183070004 -0.0102639999 -0.0542269982
  vertex 0.0188289993 -0.00998899993 -0.050818
  endloop
 endfacet

 facet normal 0.967809677 0.112569116 -0.225105822
  outer loop
  vertex 0.0183070004 -0.0102639999 -0.0542269982
  vertex 0.0197860003 -0.0137050003 -0.0495890006
  vertex 0.0196560007 -0.0218579993 -0.0542250015
  endloop
 endfacet

 facet normal 0.918898106 0.356251568 -0.169443607
  outer loop
  vertex 0.0188289993 -0.00998899993 -0.050818
  vertex 0.0183070004 -0.0102639999 -0.0542269982
  vertex 0.0177480001 -0.00741000008 -0.0512580015
  endloop
 endfacet

 facet normal 0.717138052 0.639809906 -0.276326597
  outer loop
  vertex 0.0169530008 -0.00617100019 -0.0514519997
  vertex 0.0157149993 -0.00598100014 -0.0542250015
  vertex 0.0154400002 -0.00475500012 -0.052099999
  endloop
 endfacet

 facet normal 0.808326423 0.489338458 -0.327347398
  outer loop
  vertex 0.0183070004 -0.0102639999 -0.0542269982
  vertex 0.0157149993 -0.00598100014 -0.0542250015
  vertex 0.0169530008 -0.00617100019 -0.0514519997
  endloop
 endfacet

 facet normal 0.822274387 0.479655713 -0.306260377
  outer loop
  vertex 0.0183070004 -0.0102639999 -0.0542269982
  vertex 0.0169530008 -0.00617100019 -0.0514519997
  vertex 0.0177480001 -0.00741000008 -0.0512580015
  endloop
 endfacet

 facet normal 0.715041339 0.664124668 -0.218298703
  outer loop
  vertex 0.0154400002 -0.00475500012 -0.052099999
  vertex 0.0154529996 -0.000368999987 -0.0387139991
  vertex 0.0169530008 -0.00617100019 -0.0514519997
  endloop
 endfacet

 facet normal 0.478164881 0.786106467 -0.391656816
  outer loop
  vertex 0.0154400002 -0.00475500012 -0.052099999
  vertex 0.0157149993 -0.00598100014 -0.0542250015
  vertex 0.0106490003 -0.00290099997 -0.0542280003
  endloop
 endfacet

 facet normal 0.00138498284 0.00130437291 -0.999998212
  outer loop
  vertex 0.0157149993 -0.00598100014 -0.0542250015
  vertex 0.0183070004 -0.0102639999 -0.0542269982
  vertex 0.0106490003 -0.00290099997 -0.0542280003
  endloop
 endfacet

 facet normal -3.91067369e-05 -0.000176773392 -1
  outer loop
  vertex 0.0183070004 -0.0102639999 -0.0542269982
  vertex 0.0196560007 -0.0218579993 -0.0542250015
  vertex 0.0106490003 -0.00290099997 -0.0542280003
  endloop
 endfacet

 facet normal 4.95437635e-05 -0.000134653063 -1
  outer loop
  vertex 0.0196560007 -0.0218579993 -0.0542250015
  vertex -0.0138959996 -0.0342030004 -0.0542250015
  vertex 0.0106490003 -0.00290099997 -0.0542280003
  endloop
 endfacet

 facet normal -6.70948066e-05 0.000182354401 -1
  outer loop
  vertex 0.0170820002 -0.0282799993 -0.0542259999
  vertex -0.0138959996 -0.0342030004 -0.0542250015
  vertex 0.0196560007 -0.0218579993 -0.0542250015
  endloop
 endfacet

 facet normal 0.000175354013 -0.00108568172 -0.999999464
  outer loop
  vertex -0.00548799988 -0.0337679982 -0.0542239994
  vertex -0.0138959996 -0.0342030004 -0.0542250015
  vertex 0.0170820002 -0.0282799993 -0.0542259999
  endloop
 endfacet

 facet normal 0.0513985939 -0.993695855 0.0996333882
  outer loop
  vertex -0.0212580003 -0.0263509993 0.0278849993
  vertex -0.0138959996 -0.0342030004 -0.0542250015
  vertex -0.00548799988 -0.0337679982 -0.0542239994
  endloop
 endfacet

 facet normal 0.00277727726 -0.011786351 -0.999926686
  outer loop
  vertex 0.00627100002 -0.0315059982 -0.0542180017
  vertex -0.00548799988 -0.0337679982 -0.0542239994
  vertex 0.0170820002 -0.0282799993 -0.0542259999
  endloop
 endfacet

 facet normal -0.00238535623 0.00551458308 -0.999981999
  outer loop
  vertex 0.0106769996 -0.0303249992 -0.0542219989
  vertex 0.00627100002 -0.0315059982 -0.0542180017
  vertex 0.0170820002 -0.0282799993 -0.0542259999
  endloop
 endfacet

 facet normal 0.304128736 -0.952510655 0.0151465852
  outer loop
  vertex 0.0106769996 -0.0303249992 -0.0542219989
  vertex 0.0170820002 -0.0282799993 -0.0542259999
  vertex 0.0167350005 -0.0283729993 -0.0531070009
  endloop
 endfacet

 facet normal 0.687226415 -0.709909081 0.154107153
  outer loop
  vertex 0.0182419997 -0.0261090007 -0.0493980013
  vertex 0.0167350005 -0.0283729993 -0.0531070009
  vertex 0.0170820002 -0.0282799993 -0.0542259999
  endloop
 endfacet

 facet normal 0.963065028 -0.240787685 0.120528512
  outer loop
  vertex 0.0189570002 -0.0158079993 -0.0311280005
  vertex 0.018933 -0.0248620007 -0.0490240008
  vertex 0.0197030008 -0.0210919995 -0.0476449989
  endloop
 endfacet

 facet normal 0.873504341 -0.486733288 0.00899598561
  outer loop
  vertex 0.0170820002 -0.0282799993 -0.0542259999
  vertex 0.018933 -0.0248620007 -0.0490240008
  vertex 0.0182419997 -0.0261090007 -0.0493980013
  endloop
 endfacet

 facet normal 0.905533254 -0.421880811 -0.0450123027
  outer loop
  vertex 0.0170820002 -0.0282799993 -0.0542259999
  vertex 0.0195579994 -0.0229659993 -0.0542210005
  vertex 0.018933 -0.0248620007 -0.0490240008
  endloop
 endfacet

 facet normal 0.012056957 -0.00467709778 -0.999916434
  outer loop
  vertex 0.0195579994 -0.0229659993 -0.0542210005
  vertex 0.0170820002 -0.0282799993 -0.0542259999
  vertex 0.0196560007 -0.0218579993 -0.0542250015
  endloop
 endfacet

 facet normal -9.52108167e-05 -2.11459155e-05 -1
  outer loop
  vertex -0.0209199991 -0.00257700006 -0.0542250015
  vertex 0.0106490003 -0.00290099997 -0.0542280003
  vertex -0.0138959996 -0.0342030004 -0.0542250015
  endloop
 endfacet

 facet normal 0.322861522 0.896145582 -0.304439753
  outer loop
  vertex 0.0124220001 0.00197899994 -0.0379830003
  vertex 0.0106490003 -0.00290099997 -0.0542280003
  vertex 0.007828 0.0031669999 -0.0393580012
  endloop
 endfacet

 facet normal 0.095355615 0.927856624 -0.36054039
  outer loop
  vertex 0.007828 0.0031669999 -0.0393580012
  vertex 0.0106490003 -0.00290099997 -0.0542280003
  vertex 0.00101899996 0.00398099981 -0.0390640013
  endloop
 endfacet

 facet normal 0.014574944 0.913963199 -0.4055354
  outer loop
  vertex 0.00101899996 0.00398099981 -0.0390640013
  vertex 0.0106490003 -0.00290099997 -0.0542280003
  vertex -0.0202959999 0.00231799996 -0.0435779989
  endloop
 endfacet

 facet normal -0.0276922267 0.960596979 -0.276562244
  outer loop
  vertex -0.0477709994 -0.000586999988 -0.0509169996
  vertex -0.0529490001 -0.000737999973 -0.050923001
  vertex -0.0202959999 0.00231799996 -0.0435779989
  endloop
 endfacet

 facet normal -0.0216887724 0.769124448 -0.638730884
  outer loop
  vertex -0.0477709994 -0.000586999988 -0.0509169996
  vertex -0.0209199991 -0.00257700006 -0.0542250015
  vertex -0.0529490001 -0.000737999973 -0.050923001
  endloop
 endfacet

 facet normal 0.00906657334 0.887664914 -0.46040076
  outer loop
  vertex -0.0209199991 -0.00257700006 -0.0542250015
  vertex -0.0477709994 -0.000586999988 -0.0509169996
  vertex 0.0106490003 -0.00290099997 -0.0542280003
  endloop
 endfacet

 facet normal 0.01292565 0.912228584 -0.409477621
  outer loop
  vertex 0.0106490003 -0.00290099997 -0.0542280003
  vertex -0.0477709994 -0.000586999988 -0.0509169996
  vertex -0.0202959999 0.00231799996 -0.0435779989
  endloop
 endfacet

 facet normal -0.0247419514 0.957227588 -0.288276106
  outer loop
  vertex -0.0202959999 0.00231799996 -0.0435779989
  vertex -0.0529490001 -0.000737999973 -0.050923001
  vertex -0.00632099994 0.0107150003 -0.0168949999
  endloop
 endfacet

 facet normal -0.02903465 0.958711743 -0.282893449
  outer loop
  vertex -0.00632099994 0.0107150003 -0.0168949999
  vertex -0.0529490001 -0.000737999973 -0.050923001
  vertex -0.0291799996 0.0196129996 0.0156060001
  endloop
 endfacet

 facet normal 0.0824065581 0.975144446 -0.205676004
  outer loop
  vertex -0.0291799996 0.0196129996 0.0156060001
  vertex -0.0248130001 0.0206819996 0.0224239994
  vertex -0.00110899995 0.0103829997 -0.0169079993
  endloop
 endfacet

 facet normal -0.028757643 0.990176857 -0.136831149
  outer loop
  vertex -0.0291799996 0.0196129996 0.0156060001
  vertex -0.0258939993 0.0207150001 0.0228899997
  vertex -0.0248130001 0.0206819996 0.0224239994
  endloop
 endfacet

 facet normal -0.0732295066 0.990450799 -0.116810158
  outer loop
  vertex -0.0291799996 0.0196129996 0.0156060001
  vertex -0.0300520007 0.0195969995 0.0160169993
  vertex -0.0258939993 0.0207150001 0.0228899997
  endloop
 endfacet

 facet normal 0.120053798 0.989521205 -0.0802185088
  outer loop
  vertex -0.0248130001 0.0206819996 0.0224239994
  vertex -0.0213130005 0.0204850007 0.0252320003
  vertex -0.0201440006 0.0202389993 0.0239470005
  endloop
 endfacet

 facet normal 0.0394910425 0.999002099 0.0208631419
  outer loop
  vertex -0.0248130001 0.0206819996 0.0224239994
  vertex -0.0258939993 0.0207150001 0.0228899997
  vertex -0.0213130005 0.0204850007 0.0252320003
  endloop
 endfacet

 facet normal 0.1506733 0.987219095 -0.0519223474
  outer loop
  vertex -0.0213130005 0.0204850007 0.0252320003
  vertex -0.0196640007 0.0202440005 0.0254350007
  vertex -0.0201440006 0.0202389993 0.0239470005
  endloop
 endfacet

 facet normal 0.279551983 0.95557785 -0.0933897644
  outer loop
  vertex -0.0201440006 0.0202389993 0.0239470005
  vertex -0.0196640007 0.0202440005 0.0254350007
  vertex 0.00344699994 0.00936200004 -0.0167309996
  endloop
 endfacet

 facet normal 0.250360459 0.960185468 0.123949736
  outer loop
  vertex -0.0160029996 0.0192050003 0.0260889996
  vertex -0.0196640007 0.0202440005 0.0254350007
  vertex -0.0161210001 0.0191050004 0.0271019991
  endloop
 endfacet

 facet normal 0.115292162 0.969822526 0.214830309
  outer loop
  vertex -0.0213130005 0.0204850007 0.0252320003
  vertex -0.0213629995 0.019847 0.0281390008
  vertex -0.0196640007 0.0202440005 0.0254350007
  endloop
 endfacet

 facet normal 0.00909334421 0.976679742 0.214508757
  outer loop
  vertex -0.0278650001 0.0199059993 0.0281460006
  vertex -0.0213629995 0.019847 0.0281390008
  vertex -0.0213130005 0.0204850007 0.0252320003
  endloop
 endfacet

 facet normal -0.0236468986 0.989379823 0.143417224
  outer loop
  vertex -0.0278650001 0.0199059993 0.0281460006
  vertex -0.0213130005 0.0204850007 0.0252320003
  vertex -0.0258939993 0.0207150001 0.0228899997
  endloop
 endfacet

 facet normal -0.16754742 0.981901407 0.0883034244
  outer loop
  vertex -0.0278650001 0.0199059993 0.0281460006
  vertex -0.0258939993 0.0207150001 0.0228899997
  vertex -0.0345639996 0.0188299995 0.0274
  endloop
 endfacet

 facet normal -0.00222883956 0.839687228 0.543065667
  outer loop
  vertex -0.0271509998 0.0192009993 0.0292390008
  vertex -0.0199950002 0.0188410003 0.0298250001
  vertex -0.0278650001 0.0199059993 0.0281460006
  endloop
 endfacet

 facet normal 0.00836521015 0.8616907 0.507364988
  outer loop
  vertex -0.0213629995 0.019847 0.0281390008
  vertex -0.0278650001 0.0199059993 0.0281460006
  vertex -0.0199950002 0.0188410003 0.0298250001
  endloop
 endfacet

 facet normal 0.184867859 0.948973775 0.255485654
  outer loop
  vertex -0.0196640007 0.0202440005 0.0254350007
  vertex -0.0213629995 0.019847 0.0281390008
  vertex -0.0161210001 0.0191050004 0.0271019991
  endloop
 endfacet

 facet normal 0.322263807 0.875457168 0.360167801
  outer loop
  vertex -0.0161210001 0.0191050004 0.0271019991
  vertex -0.0170959998 0.0186160002 0.0291629992
  vertex -0.0116889998 0.0170140006 0.0282189995
  endloop
 endfacet

 facet normal 0.372473419 0.903267086 0.213007197
  outer loop
  vertex -0.0116889998 0.0170140006 0.0282189995
  vertex -0.0113059999 0.0171440002 0.0269980002
  vertex -0.0161210001 0.0191050004 0.0271019991
  endloop
 endfacet

 facet normal 0.376255751 0.916727066 0.134324729
  outer loop
  vertex -0.0160029996 0.0192050003 0.0260889996
  vertex -0.0161210001 0.0191050004 0.0271019991
  vertex -0.0113059999 0.0171440002 0.0269980002
  endloop
 endfacet

 facet normal 0.40562427 0.913718164 -0.0242505129
  outer loop
  vertex -0.0113059999 0.0171440002 0.0269980002
  vertex 0.00745599996 0.00765699986 -0.0166350007
  vertex -0.0160029996 0.0192050003 0.0260889996
  endloop
 endfacet

 facet normal 0.485409588 0.840208054 0.241718858
  outer loop
  vertex -0.0113059999 0.0171440002 0.0269980002
  vertex -0.0116889998 0.0170140006 0.0282189995
  vertex -0.00830600038 0.0151660005 0.0278489999
  endloop
 endfacet

 facet normal 0.46405226 0.757605672 0.459009022
  outer loop
  vertex -0.00830600038 0.0151660005 0.0278489999
  vertex -0.0116889998 0.0170140006 0.0282189995
  vertex -0.0110579999 0.0155229997 0.0300420001
  endloop
 endfacet

 facet normal 0.392562687 0.773850918 0.497040659
  outer loop
  vertex -0.0132099995 0.0165710002 0.0301099997
  vertex -0.0110579999 0.0155229997 0.0300420001
  vertex -0.0116889998 0.0170140006 0.0282189995
  endloop
 endfacet

 facet normal 0.325074047 0.828703284 0.455607176
  outer loop
  vertex -0.0116889998 0.0170140006 0.0282189995
  vertex -0.0170959998 0.0186160002 0.0291629992
  vertex -0.0132099995 0.0165710002 0.0301099997
  endloop
 endfacet

 facet normal 0.296439648 0.802844226 0.517266631
  outer loop
  vertex -0.0168929994 0.0178800002 0.0301890001
  vertex -0.0132099995 0.0165710002 0.0301099997
  vertex -0.0170959998 0.0186160002 0.0291629992
  endloop
 endfacet

 facet normal 0.188319847 0.815284491 0.547582746
  outer loop
  vertex -0.0170959998 0.0186160002 0.0291629992
  vertex -0.0199950002 0.0188410003 0.0298250001
  vertex -0.0168929994 0.0178800002 0.0301890001
  endloop
 endfacet

 facet normal 0.153688237 0.377300829 0.913249135
  outer loop
  vertex -0.0132099995 0.0165710002 0.0301099997
  vertex -0.0168929994 0.0178800002 0.0301890001
  vertex -0.00754699996 0.0115630003 0.0312259998
  endloop
 endfacet

 facet normal 0.260927171 0.481507361 0.836700559
  outer loop
  vertex -0.00754699996 0.0115630003 0.0312259998
  vertex -0.0110579999 0.0155229997 0.0300420001
  vertex -0.0132099995 0.0165710002 0.0301099997
  endloop
 endfacet

 facet normal 0.485607564 0.654836535 0.579115272
  outer loop
  vertex -0.00657500001 0.0120649999 0.0301929992
  vertex -0.00531100016 0.012081 0.0291150007
  vertex -0.0110579999 0.0155229997 0.0300420001
  endloop
 endfacet

 facet normal 0.500192285 0.696648479 0.514284551
  outer loop
  vertex -0.00830600038 0.0151660005 0.0278489999
  vertex -0.0110579999 0.0155229997 0.0300420001
  vertex -0.00531100016 0.012081 0.0291150007
  endloop
 endfacet

 facet normal 0.613297164 0.724502087 0.314584613
  outer loop
  vertex -0.00830600038 0.0151660005 0.0278489999
  vertex -0.00531100016 0.012081 0.0291150007
  vertex -0.00467800023 0.0120609999 0.0279270001
  endloop
 endfacet

 facet normal 0.6420542 0.753723443 0.140240505
  outer loop
  vertex -0.00467800023 0.0120609999 0.0279270001
  vertex -0.00221000006 0.0114839999 0.0197289996
  vertex -0.00830600038 0.0151660005 0.0278489999
  endloop
 endfacet

 facet normal 0.717768788 0.675576806 0.168534473
  outer loop
  vertex -0.00467800023 0.0120609999 0.0279270001
  vertex -0.00331200007 0.010698 0.0275730006
  vertex -0.00221000006 0.0114839999 0.0197289996
  endloop
 endfacet

 facet normal 0.703371704 0.610251129 0.3645024
  outer loop
  vertex -0.00467800023 0.0120609999 0.0279270001
  vertex -0.00531100016 0.012081 0.0291150007
  vertex -0.00331200007 0.010698 0.0275730006
  endloop
 endfacet

 facet normal 0.520031571 0.466041982 0.715801716
  outer loop
  vertex -0.00657500001 0.0120649999 0.0301929992
  vertex -0.00754699996 0.0115630003 0.0312259998
  vertex -0.00439799996 0.00789100025 0.0313289985
  endloop
 endfacet

 facet normal 0.566421151 0.478111804 0.671249747
  outer loop
  vertex -0.00531100016 0.012081 0.0291150007
  vertex -0.00657500001 0.0120649999 0.0301929992
  vertex -0.00439799996 0.00789100025 0.0313289985
  endloop
 endfacet

 facet normal 0.615906239 0.435305238 0.65663451
  outer loop
  vertex -0.000410000008 0.00591999991 0.028895
  vertex -0.00439799996 0.00789100025 0.0313289985
  vertex -0.00310399989 0.00621399982 0.0312270001
  endloop
 endfacet

 facet normal 0.617292464 0.468479306 0.63204211
  outer loop
  vertex -0.000410000008 0.00591999991 0.028895
  vertex -0.00531100016 0.012081 0.0291150007
  vertex -0.00439799996 0.00789100025 0.0313289985
  endloop
 endfacet

 facet normal 0.637776554 0.332201242 0.694898188
  outer loop
  vertex -0.000410000008 0.00591999991 0.028895
  vertex -0.00310399989 0.00621399982 0.0312270001
  vertex -2.40000008e-05 0.00511199981 0.0289270002
  endloop
 endfacet

 facet normal 0.811823189 0.548485458 0.200267032
  outer loop
  vertex -0.000410000008 0.00591999991 0.028895
  vertex 0.00379500003 0.00180800003 0.0231110007
  vertex -0.00331200007 0.010698 0.0275730006
  endloop
 endfacet

 facet normal 0.81057924 0.555150509 0.186465442
  outer loop
  vertex 0.00433300016 0.00166800001 0.0212239996
  vertex 0.011992 0.00312800007 -0.0164170004
  vertex -0.00331200007 0.010698 0.0275730006
  endloop
 endfacet

 facet normal 0.81117332 0.552996278 0.19024466
  outer loop
  vertex 0.00433300016 0.00166800001 0.0212239996
  vertex -0.00331200007 0.010698 0.0275730006
  vertex 0.00379500003 0.00180800003 0.0231110007
  endloop
 endfacet

 facet normal 0.713978529 0.552608252 0.429951996
  outer loop
  vertex -0.00531100016 0.012081 0.0291150007
  vertex -0.000410000008 0.00591999991 0.028895
  vertex -0.00331200007 0.010698 0.0275730006
  endloop
 endfacet

 facet normal 0.782225013 0.599366307 0.169953287
  outer loop
  vertex -0.00221000006 0.0114839999 0.0197289996
  vertex -0.00331200007 0.010698 0.0275730006
  vertex 0.0113679999 0.00401999988 -0.0164420009
  endloop
 endfacet

 facet normal 0.642287433 0.760684133 0.0939504355
  outer loop
  vertex -0.00221000006 0.0114839999 0.0197289996
  vertex 0.00909399986 0.00644299993 -0.0167350005
  vertex -0.00397300022 0.0132600004 0.0174020007
  endloop
 endfacet

 facet normal 0.659620225 0.74470979 0.101531982
  outer loop
  vertex -0.00221000006 0.0114839999 0.0197289996
  vertex 0.0101159997 0.00553599978 -0.0167219993
  vertex 0.00909399986 0.00644299993 -0.0167350005
  endloop
 endfacet

 facet normal 0.74898833 0.645869851 0.147880644
  outer loop
  vertex -0.00221000006 0.0114839999 0.0197289996
  vertex 0.0113679999 0.00401999988 -0.0164420009
  vertex 0.0101159997 0.00553599978 -0.0167219993
  endloop
 endfacet

 facet normal 0.766129434 0.642239273 0.0239702836
  outer loop
  vertex 0.0172019992 -0.00217200001 -0.0370029993
  vertex 0.0153010003 9.99999975e-05 -0.037117999
  vertex 0.0113679999 0.00401999988 -0.0164420009
  endloop
 endfacet

 facet normal 0.764809787 0.634175956 -0.113520026
  outer loop
  vertex 0.0153010003 9.99999975e-05 -0.037117999
  vertex 0.0172019992 -0.00217200001 -0.0370029993
  vertex 0.0154529996 -0.000368999987 -0.0387139991
  endloop
 endfacet

 facet normal 0.785260975 0.593120635 -0.177688286
  outer loop
  vertex 0.0154529996 -0.000368999987 -0.0387139991
  vertex 0.0172019992 -0.00217200001 -0.0370029993
  vertex 0.0169530008 -0.00617100019 -0.0514519997
  endloop
 endfacet

 facet normal 0.8614465 0.486480862 -0.145761892
  outer loop
  vertex 0.0178030003 -0.00326499995 -0.0370990001
  vertex 0.0177480001 -0.00741000008 -0.0512580015
  vertex 0.0172019992 -0.00217200001 -0.0370029993
  endloop
 endfacet

 facet normal 0.842178345 0.515757501 -0.157257617
  outer loop
  vertex 0.0172019992 -0.00217200001 -0.0370029993
  vertex 0.0177480001 -0.00741000008 -0.0512580015
  vertex 0.0169530008 -0.00617100019 -0.0514519997
  endloop
 endfacet

 facet normal 0.923157573 0.367956132 -0.111303896
  outer loop
  vertex 0.0188289993 -0.00998899993 -0.050818
  vertex 0.0177480001 -0.00741000008 -0.0512580015
  vertex 0.0178030003 -0.00326499995 -0.0370990001
  endloop
 endfacet

 facet normal 0.97136873 0.227280304 -0.069184117
  outer loop
  vertex 0.0190290008 -0.00652799988 -0.0366399996
  vertex 0.0197860003 -0.0137050003 -0.0495890006
  vertex 0.0188289993 -0.00998899993 -0.050818
  endloop
 endfacet

 facet normal 0.936162353 0.338269085 -0.0957810134
  outer loop
  vertex 0.0188289993 -0.00998899993 -0.050818
  vertex 0.0178030003 -0.00326499995 -0.0370990001
  vertex 0.0190290008 -0.00652799988 -0.0366399996
  endloop
 endfacet

 facet normal 0.933855176 0.355878651 0.0355665088
  outer loop
  vertex 0.0190290008 -0.00652799988 -0.0366399996
  vertex 0.0178030003 -0.00326499995 -0.0370990001
  vertex 0.0189449992 -0.00642899983 -0.0354249999
  endloop
 endfacet

 facet normal 0.875561416 0.472665012 0.0999003872
  outer loop
  vertex 0.0172019992 -0.00217200001 -0.0370029993
  vertex 0.011992 0.00312800007 -0.0164170004
  vertex 0.0178030003 -0.00326499995 -0.0370990001
  endloop
 endfacet

 facet normal 0.888392925 0.414737374 0.196852341
  outer loop
  vertex 0.0139079997 -0.00119500002 -0.0159559995
  vertex 0.011992 0.00312800007 -0.0164170004
  vertex 0.00433300016 0.00166800001 0.0212239996
  endloop
 endfacet

 facet normal 0.914997101 0.351632416 0.197825283
  outer loop
  vertex 0.0139079997 -0.00119500002 -0.0159559995
  vertex 0.00944000017 -0.00571499998 0.0127440002
  vertex 0.0128570003 -0.00833700038 0.00159999996
  endloop
 endfacet

 facet normal 0.935851812 0.273108184 0.222695276
  outer loop
  vertex 0.00944000017 -0.00571499998 0.0127440002
  vertex 0.0101619996 -0.00694799982 0.0112220002
  vertex 0.0128570003 -0.00833700038 0.00159999996
  endloop
 endfacet

 facet normal 0.898436487 0.390230477 0.201325998
  outer loop
  vertex 0.0139079997 -0.00119500002 -0.0159559995
  vertex 0.00433300016 0.00166800001 0.0212239996
  vertex 0.00944000017 -0.00571499998 0.0127440002
  endloop
 endfacet

 facet normal 0.90392673 0.359929651 0.231013387
  outer loop
  vertex 0.00433300016 0.00166800001 0.0212239996
  vertex 0.00379500003 0.00180800003 0.0231110007
  vertex 0.00944000017 -0.00571499998 0.0127440002
  endloop
 endfacet

 facet normal 0.849824369 0.418661296 0.320189625
  outer loop
  vertex -0.000410000008 0.00591999991 0.028895
  vertex -2.40000008e-05 0.00511199981 0.0289270002
  vertex 0.00379500003 0.00180800003 0.0231110007
  endloop
 endfacet

 facet normal 0.630975306 0.197905272 0.750135839
  outer loop
  vertex -2.40000008e-05 0.00511199981 0.0289270002
  vertex -0.00310399989 0.00621399982 0.0312270001
  vertex -0.000923999993 -0.00090699998 0.0312720016
  endloop
 endfacet

 facet normal 0.270678043 0.0924461707 0.95822084
  outer loop
  vertex -0.00445599994 0.0060680001 0.0316229984
  vertex -0.00201399997 -0.000625999994 0.031578999
  vertex -0.00310399989 0.00621399982 0.0312270001
  endloop
 endfacet

 facet normal 0.0565005355 0.0140498234 0.998303771
  outer loop
  vertex -0.00201399997 -0.000625999994 0.031578999
  vertex -0.00445599994 0.0060680001 0.0316229984
  vertex -0.00301799993 -0.00767299999 0.0317349993
  endloop
 endfacet

 facet normal 0.292615861 0.0955931619 0.951439977
  outer loop
  vertex -0.000923999993 -0.00090699998 0.0312720016
  vertex -0.00310399989 0.00621399982 0.0312270001
  vertex -0.00201399997 -0.000625999994 0.031578999
  endloop
 endfacet

 facet normal 0.797084987 0.000158520867 0.603867233
  outer loop
  vertex 0.00132100005 -0.000862999994 0.0289910007
  vertex 0.00229700003 -0.00576800015 0.0277040005
  vertex 0.00218699989 -0.00120699999 0.0278479997
  endloop
 endfacet

 facet normal 0.712484539 -0.0420117229 0.700429082
  outer loop
  vertex 0.00132100005 -0.000862999994 0.0289910007
  vertex -0.000923999993 -0.00090699998 0.0312720016
  vertex 0.00229700003 -0.00576800015 0.0277040005
  endloop
 endfacet

 facet normal 0.892433763 0.00728063565 0.451119721
  outer loop
  vertex 0.00770500023 -0.00548599986 0.0170009993
  vertex 0.00218699989 -0.00120699999 0.0278479997
  vertex 0.00229700003 -0.00576800015 0.0277040005
  endloop
 endfacet

 facet normal 0.889371872 -0.0967419669 0.446831882
  outer loop
  vertex 0.00229700003 -0.00576800015 0.0277040005
  vertex 0.00327900006 -0.0093080001 0.024983
  vertex 0.00770500023 -0.00548599986 0.0170009993
  endloop
 endfacet

 facet normal 0.835030496 -0.170463353 0.523131192
  outer loop
  vertex 0.00229700003 -0.00576800015 0.0277040005
  vertex 0.00236200006 -0.00925500039 0.0264640003
  vertex 0.00327900006 -0.0093080001 0.024983
  endloop
 endfacet

 facet normal 0.684242308 -0.232982457 0.691036761
  outer loop
  vertex 0.00236200006 -0.00925500039 0.0264640003
  vertex 0.00229700003 -0.00576800015 0.0277040005
  vertex -0.00204599998 -0.00759299984 0.0313890018
  endloop
 endfacet

 facet normal 0.672976911 -0.418217003 0.610079288
  outer loop
  vertex 0.00236200006 -0.00925500039 0.0264640003
  vertex -0.00339500001 -0.0115649998 0.0312309992
  vertex 0.00227300008 -0.0129079996 0.0240579993
  endloop
 endfacet

 facet normal 0.714644074 -0.396813214 0.576040924
  outer loop
  vertex 0.00236200006 -0.00925500039 0.0264640003
  vertex 0.00227300008 -0.0129079996 0.0240579993
  vertex 0.00336099998 -0.0124220001 0.0230429992
  endloop
 endfacet

 facet normal 0.80714047 -0.296709239 0.510380208
  outer loop
  vertex 0.00236200006 -0.00925500039 0.0264640003
  vertex 0.00336099998 -0.0124220001 0.0230429992
  vertex 0.00327900006 -0.0093080001 0.024983
  endloop
 endfacet

 facet normal 0.89859432 -0.137239173 0.416765869
  outer loop
  vertex 0.00770500023 -0.00548599986 0.0170009993
  vertex 0.00886199996 -0.0103460001 0.012906
  vertex 0.0101619996 -0.00694799982 0.0112220002
  endloop
 endfacet

 facet normal 0.924476266 0.0816654265 0.372390211
  outer loop
  vertex 0.0101619996 -0.00694799982 0.0112220002
  vertex 0.00944000017 -0.00571499998 0.0127440002
  vertex 0.00770500023 -0.00548599986 0.0170009993
  endloop
 endfacet

 facet normal 0.963624477 0.0464069881 0.263199866
  outer loop
  vertex 0.0125789996 -0.00942699984 0.00280999998
  vertex 0.0128570003 -0.00833700038 0.00159999996
  vertex 0.0101619996 -0.00694799982 0.0112220002
  endloop
 endfacet

 facet normal 0.97481215 -0.00104399596 0.223025203
  outer loop
  vertex 0.0128570003 -0.00833700038 0.00159999996
  vertex 0.0125789996 -0.00942699984 0.00280999998
  vertex 0.0135169998 -0.00902799983 -0.00128800003
  endloop
 endfacet

 facet normal 0.968207002 -0.13881664 0.208099082
  outer loop
  vertex 0.0186049994 -0.0159290005 -0.0295640007
  vertex 0.0135169998 -0.00902799983 -0.00128800003
  vertex 0.0125789996 -0.00942699984 0.00280999998
  endloop
 endfacet

 facet normal 0.933672607 -0.246723801 0.259582222
  outer loop
  vertex 0.0125219999 -0.0137670003 -0.00110999995
  vertex 0.0125789996 -0.00942699984 0.00280999998
  vertex 0.0109379999 -0.012104 0.00616799993
  endloop
 endfacet

 facet normal 0.952506721 -0.210908458 0.219655663
  outer loop
  vertex 0.0125219999 -0.0137670003 -0.00110999995
  vertex 0.0186049994 -0.0159290005 -0.0295640007
  vertex 0.0125789996 -0.00942699984 0.00280999998
  endloop
 endfacet

 facet normal 0.797662735 -0.526625991 0.293937504
  outer loop
  vertex 0.0109379999 -0.012104 0.00616799993
  vertex 0.0112530002 -0.0158799998 -0.001452
  vertex 0.0125219999 -0.0137670003 -0.00110999995
  endloop
 endfacet

 facet normal 0.909532189 -0.351895452 0.221180901
  outer loop
  vertex 0.0167059992 -0.0189459994 -0.0265549999
  vertex 0.0186049994 -0.0159290005 -0.0295640007
  vertex 0.0125219999 -0.0137670003 -0.00110999995
  endloop
 endfacet

 facet normal 0.968734205 -0.135997996 0.207505971
  outer loop
  vertex 0.0135169998 -0.00902799983 -0.00128800003
  vertex 0.0186049994 -0.0159290005 -0.0295640007
  vertex 0.0189570002 -0.0158079993 -0.0311280005
  endloop
 endfacet

 facet normal 0.98197341 -0.0320014879 0.186290428
  outer loop
  vertex 0.0189570002 -0.0158079993 -0.0311280005
  vertex 0.0196199995 -0.011775 -0.0339299999
  vertex 0.0135169998 -0.00902799983 -0.00128800003
  endloop
 endfacet

 facet normal 0.991002977 -0.107846662 0.0792608112
  outer loop
  vertex 0.0197030008 -0.0210919995 -0.0476449989
  vertex 0.0196199995 -0.011775 -0.0339299999
  vertex 0.0189570002 -0.0158079993 -0.0311280005
  endloop
 endfacet

 facet normal 0.999130487 -0.0190094281 0.0371064059
  outer loop
  vertex 0.0196199995 -0.011775 -0.0339299999
  vertex 0.0200929996 -0.018685 -0.0502060018
  vertex 0.0196550004 -0.0108040003 -0.0343750007
  endloop
 endfacet

 facet normal 0.99371022 -0.089743346 0.0669790804
  outer loop
  vertex 0.0197030008 -0.0210919995 -0.0476449989
  vertex 0.0200929996 -0.018685 -0.0502060018
  vertex 0.0196199995 -0.011775 -0.0339299999
  endloop
 endfacet

 facet normal 0.98352176 0.172556818 0.0539376549
  outer loop
  vertex 0.0196550004 -0.0108040003 -0.0343750007
  vertex 0.0190290008 -0.00652799988 -0.0366399996
  vertex 0.0189449992 -0.00642899983 -0.0354249999
  endloop
 endfacet

 facet normal 0.982588768 0.0469638072 0.179760128
  outer loop
  vertex 0.0196550004 -0.0108040003 -0.0343750007
  vertex 0.0135169998 -0.00902799983 -0.00128800003
  vertex 0.0196199995 -0.011775 -0.0339299999
  endloop
 endfacet

 facet normal 0.960612237 0.222676024 0.166251585
  outer loop
  vertex 0.0128570003 -0.00833700038 0.00159999996
  vertex 0.0135169998 -0.00902799983 -0.00128800003
  vertex 0.0196550004 -0.0108040003 -0.0343750007
  endloop
 endfacet

 facet normal 0.96568197 0.197265074 0.168952152
  outer loop
  vertex 0.0128570003 -0.00833700038 0.00159999996
  vertex 0.0196550004 -0.0108040003 -0.0343750007
  vertex 0.0189449992 -0.00642899983 -0.0354249999
  endloop
 endfacet

 facet normal 0.945385873 0.278240442 0.16978775
  outer loop
  vertex 0.0128570003 -0.00833700038 0.00159999996
  vertex 0.0189449992 -0.00642899983 -0.0354249999
  vertex 0.0139079997 -0.00119500002 -0.0159559995
  endloop
 endfacet

 facet normal 0.909097552 0.396209449 0.128684789
  outer loop
  vertex 0.0139079997 -0.00119500002 -0.0159559995
  vertex 0.0189449992 -0.00642899983 -0.0354249999
  vertex 0.0178030003 -0.00326499995 -0.0370990001
  endloop
 endfacet

 facet normal 0.901942372 0.413155764 0.125707492
  outer loop
  vertex 0.0139079997 -0.00119500002 -0.0159559995
  vertex 0.0178030003 -0.00326499995 -0.0370990001
  vertex 0.011992 0.00312800007 -0.0164170004
  endloop
 endfacet

 facet normal 0.990581393 0.135819361 -0.0173686072
  outer loop
  vertex 0.0197860003 -0.0137050003 -0.0495890006
  vertex 0.0190290008 -0.00652799988 -0.0366399996
  vertex 0.0196550004 -0.0108040003 -0.0343750007
  endloop
 endfacet

 facet normal 0.998075664 0.0619260333 -0.00321412506
  outer loop
  vertex 0.0197860003 -0.0137050003 -0.0495890006
  vertex 0.0196550004 -0.0108040003 -0.0343750007
  vertex 0.0200929996 -0.018685 -0.0502060018
  endloop
 endfacet

 facet normal 0.903470218 -0.383589804 0.19131276
  outer loop
  vertex 0.0181520004 -0.0245159995 -0.0446420014
  vertex 0.018933 -0.0248620007 -0.0490240008
  vertex 0.0186049994 -0.0159290005 -0.0295640007
  endloop
 endfacet

 facet normal 0.905090213 -0.380622447 0.189574167
  outer loop
  vertex 0.0181520004 -0.0245159995 -0.0446420014
  vertex 0.0186049994 -0.0159290005 -0.0295640007
  vertex 0.0167059992 -0.0189459994 -0.0265549999
  endloop
 endfacet

 facet normal 0.763063371 -0.56601578 0.312026322
  outer loop
  vertex 0.0109379999 -0.012104 0.00616799993
  vertex 0.00345399999 -0.0147320004 0.0197030008
  vertex 0.0112530002 -0.0158799998 -0.001452
  endloop
 endfacet

 facet normal 0.893164575 -0.145831674 0.425429434
  outer loop
  vertex 0.00770500023 -0.00548599986 0.0170009993
  vertex 0.00327900006 -0.0093080001 0.024983
  vertex 0.00886199996 -0.0103460001 0.012906
  endloop
 endfacet

 facet normal 0.872812867 -0.24130708 0.424227089
  outer loop
  vertex 0.00336099998 -0.0124220001 0.0230429992
  vertex 0.00886199996 -0.0103460001 0.012906
  vertex 0.00327900006 -0.0093080001 0.024983
  endloop
 endfacet

 facet normal 0.923744678 -0.188042 0.333670437
  outer loop
  vertex 0.00886199996 -0.0103460001 0.012906
  vertex 0.0109379999 -0.012104 0.00616799993
  vertex 0.0101619996 -0.00694799982 0.0112220002
  endloop
 endfacet

 facet normal 0.93220216 -0.171906531 0.31850794
  outer loop
  vertex 0.0109379999 -0.012104 0.00616799993
  vertex 0.0125789996 -0.00942699984 0.00280999998
  vertex 0.0101619996 -0.00694799982 0.0112220002
  endloop
 endfacet

 facet normal 0.913312554 0.186166003 0.362218767
  outer loop
  vertex 0.00770500023 -0.00548599986 0.0170009993
  vertex 0.00944000017 -0.00571499998 0.0127440002
  vertex 0.00379500003 0.00180800003 0.0231110007
  endloop
 endfacet

 facet normal 0.903861165 0.148389533 0.40126738
  outer loop
  vertex 0.00379500003 0.00180800003 0.0231110007
  vertex 0.00218699989 -0.00120699999 0.0278479997
  vertex 0.00770500023 -0.00548599986 0.0170009993
  endloop
 endfacet

 facet normal 0.701308906 0.165295422 0.693428695
  outer loop
  vertex 0.00132100005 -0.000862999994 0.0289910007
  vertex -2.40000008e-05 0.00511199981 0.0289270002
  vertex -0.000923999993 -0.00090699998 0.0312720016
  endloop
 endfacet

 facet normal 0.809256554 0.188128456 0.556517303
  outer loop
  vertex 0.00132100005 -0.000862999994 0.0289910007
  vertex 0.00218699989 -0.00120699999 0.0278479997
  vertex -2.40000008e-05 0.00511199981 0.0289270002
  endloop
 endfacet

 facet normal 0.868274391 0.228630334 0.440258831
  outer loop
  vertex 0.00218699989 -0.00120699999 0.0278479997
  vertex 0.00379500003 0.00180800003 0.0231110007
  vertex -2.40000008e-05 0.00511199981 0.0289270002
  endloop
 endfacet

 facet normal 0.65348345 -0.458561629 0.602229655
  outer loop
  vertex 0.00227300008 -0.0129079996 0.0240579993
  vertex -0.00339500001 -0.0115649998 0.0312309992
  vertex -0.00690799998 -0.0165240001 0.0312669985
  endloop
 endfacet

 facet normal 0.652597845 -0.466325045 0.597207665
  outer loop
  vertex -0.00612099981 -0.0167430006 0.0302360002
  vertex 0.00227300008 -0.0129079996 0.0240579993
  vertex -0.00690799998 -0.0165240001 0.0312669985
  endloop
 endfacet

 facet normal 0.215897545 -0.145935163 0.965448737
  outer loop
  vertex -0.00339500001 -0.0115649998 0.0312309992
  vertex -0.00301799993 -0.00767299999 0.0317349993
  vertex -0.00690799998 -0.0165240001 0.0312669985
  endloop
 endfacet

 facet normal 0.0747184157 -0.0853726938 0.993543565
  outer loop
  vertex -0.00690799998 -0.0165240001 0.0312669985
  vertex -0.00301799993 -0.00767299999 0.0317349993
  vertex -0.00877400022 -0.0178079996 0.0312969983
  endloop
 endfacet

 facet normal 0.675436676 -0.256893098 0.691224456
  outer loop
  vertex -0.00204599998 -0.00759299984 0.0313890018
  vertex -0.00339500001 -0.0115649998 0.0312309992
  vertex 0.00236200006 -0.00925500039 0.0264640003
  endloop
 endfacet

 facet normal 0.263608217 0.145403966 0.953608155
  outer loop
  vertex -0.00445599994 0.0060680001 0.0316229984
  vertex -0.00310399989 0.00621399982 0.0312270001
  vertex -0.00439799996 0.00789100025 0.0313289985
  endloop
 endfacet

 facet normal 0.80333364 0.567071497 0.181893289
  outer loop
  vertex 0.011992 0.00312800007 -0.0164170004
  vertex 0.0113679999 0.00401999988 -0.0164420009
  vertex -0.00331200007 0.010698 0.0275730006
  endloop
 endfacet

 facet normal 0.817186475 0.573323786 0.0592113286
  outer loop
  vertex 0.011992 0.00312800007 -0.0164170004
  vertex 0.0172019992 -0.00217200001 -0.0370029993
  vertex 0.0113679999 0.00401999988 -0.0164420009
  endloop
 endfacet

 facet normal 0.594301879 0.764091849 -0.25093627
  outer loop
  vertex 0.0154529996 -0.000368999987 -0.0387139991
  vertex 0.0154400002 -0.00475500012 -0.052099999
  vertex 0.0134899998 0.0013 -0.0382810012
  endloop
 endfacet

 facet normal 0.616959155 0.76902312 -0.167227104
  outer loop
  vertex 0.0134899998 0.0013 -0.0382810012
  vertex 0.0153010003 9.99999975e-05 -0.037117999
  vertex 0.0154529996 -0.000368999987 -0.0387139991
  endloop
 endfacet

 facet normal 0.221480668 0.950625598 -0.21738714
  outer loop
  vertex 0.00344699994 0.00936200004 -0.0167309996
  vertex 0.007828 0.0031669999 -0.0393580012
  vertex -0.00110899995 0.0103829997 -0.0169079993
  endloop
 endfacet

 facet normal 0.188567832 0.971084952 -0.146411076
  outer loop
  vertex -0.00110899995 0.0103829997 -0.0169079993
  vertex -0.0194799993 0.0189629998 0.0163390003
  vertex -0.0201440006 0.0202389993 0.0239470005
  endloop
 endfacet

 facet normal 0.142270178 0.978144109 -0.151635617
  outer loop
  vertex -0.0248130001 0.0206819996 0.0224239994
  vertex -0.0201440006 0.0202389993 0.0239470005
  vertex -0.0194799993 0.0189629998 0.0163390003
  endloop
 endfacet

 facet normal 0.0735278279 0.974734187 -0.210919529
  outer loop
  vertex -0.00110899995 0.0103829997 -0.0169079993
  vertex -0.0248130001 0.0206819996 0.0224239994
  vertex -0.0194799993 0.0189629998 0.0163390003
  endloop
 endfacet

 facet normal 0.0614132509 0.972847939 -0.223148704
  outer loop
  vertex -0.0291799996 0.0196129996 0.0156060001
  vertex -0.00110899995 0.0103829997 -0.0169079993
  vertex -0.00632099994 0.0107150003 -0.0168949999
  endloop
 endfacet

 facet normal -0.0122268749 0.955626607 -0.294326961
  outer loop
  vertex -0.0202959999 0.00231799996 -0.0435779989
  vertex -0.00632099994 0.0107150003 -0.0168949999
  vertex 0.00101899996 0.00398099981 -0.0390640013
  endloop
 endfacet

 facet normal 0.0605037436 0.960473001 -0.271718562
  outer loop
  vertex -0.00110899995 0.0103829997 -0.0169079993
  vertex 0.00101899996 0.00398099981 -0.0390640013
  vertex -0.00632099994 0.0107150003 -0.0168949999
  endloop
 endfacet

 facet normal 0.103020966 0.958181739 -0.26697284
  outer loop
  vertex 0.007828 0.0031669999 -0.0393580012
  vertex 0.00101899996 0.00398099981 -0.0390640013
  vertex -0.00110899995 0.0103829997 -0.0169079993
  endloop
 endfacet

 facet normal 0.221625745 0.966442466 -0.129888803
  outer loop
  vertex -0.0201440006 0.0202389993 0.0239470005
  vertex 0.00344699994 0.00936200004 -0.0167309996
  vertex -0.00110899995 0.0103829997 -0.0169079993
  endloop
 endfacet

 facet normal 0.391827852 0.919433117 -0.0333705768
  outer loop
  vertex -0.0160029996 0.0192050003 0.0260889996
  vertex 0.00745599996 0.00765699986 -0.0166350007
  vertex 0.00344699994 0.00936200004 -0.0167309996
  endloop
 endfacet

 facet normal 0.389945447 0.908390045 -0.150897965
  outer loop
  vertex 0.00344699994 0.00936200004 -0.0167309996
  vertex 0.00745599996 0.00765699986 -0.0166350007
  vertex 0.0124220001 0.00197899994 -0.0379830003
  endloop
 endfacet

 facet normal 0.663681686 0.747393906 -0.0304786749
  outer loop
  vertex 0.00909399986 0.00644299993 -0.0167350005
  vertex 0.0101159997 0.00553599978 -0.0167219993
  vertex 0.0153010003 9.99999975e-05 -0.037117999
  endloop
 endfacet

 facet normal 0.488868773 0.872114301 0.0205900464
  outer loop
  vertex -0.00397300022 0.0132600004 0.0174020007
  vertex 0.00745599996 0.00765699986 -0.0166350007
  vertex -0.0113059999 0.0171440002 0.0269980002
  endloop
 endfacet

 facet normal 0.535533607 0.841727257 0.0685493723
  outer loop
  vertex -0.00397300022 0.0132600004 0.0174020007
  vertex -0.0113059999 0.0171440002 0.0269980002
  vertex -0.00830600038 0.0151660005 0.0278489999
  endloop
 endfacet

 facet normal 0.623472631 0.772954762 0.117570154
  outer loop
  vertex -0.00221000006 0.0114839999 0.0197289996
  vertex -0.00397300022 0.0132600004 0.0174020007
  vertex -0.00830600038 0.0151660005 0.0278489999
  endloop
 endfacet

 facet normal 0.596735477 0.79948616 0.0687654242
  outer loop
  vertex 0.00745599996 0.00765699986 -0.0166350007
  vertex -0.00397300022 0.0132600004 0.0174020007
  vertex 0.00909399986 0.00644299993 -0.0167350005
  endloop
 endfacet

 facet normal 0.768537641 0.639316738 0.0249824338
  outer loop
  vertex 0.0101159997 0.00553599978 -0.0167219993
  vertex 0.0113679999 0.00401999988 -0.0164420009
  vertex 0.0153010003 9.99999975e-05 -0.037117999
  endloop
 endfacet

 facet normal 0.583720207 0.808508992 -0.074726209
  outer loop
  vertex 0.0134899998 0.0013 -0.0382810012
  vertex 0.00745599996 0.00765699986 -0.0166350007
  vertex 0.0153010003 9.99999975e-05 -0.037117999
  endloop
 endfacet

 facet normal 0.511841357 0.852311492 -0.107626945
  outer loop
  vertex 0.0134899998 0.0013 -0.0382810012
  vertex 0.0124220001 0.00197899994 -0.0379830003
  vertex 0.00745599996 0.00765699986 -0.0166350007
  endloop
 endfacet

 facet normal 0.591216385 0.803469896 -0.0699959546
  outer loop
  vertex 0.0153010003 9.99999975e-05 -0.037117999
  vertex 0.00745599996 0.00765699986 -0.0166350007
  vertex 0.00909399986 0.00644299993 -0.0167350005
  endloop
 endfacet

 facet normal 0.286628991 0.953891695 -0.0890757218
  outer loop
  vertex 0.00344699994 0.00936200004 -0.0167309996
  vertex -0.0196640007 0.0202440005 0.0254350007
  vertex -0.0160029996 0.0192050003 0.0260889996
  endloop
 endfacet

 facet normal 0.300382227 0.933182478 -0.197334632
  outer loop
  vertex 0.007828 0.0031669999 -0.0393580012
  vertex 0.00344699994 0.00936200004 -0.0167309996
  vertex 0.0124220001 0.00197899994 -0.0379830003
  endloop
 endfacet

 facet normal 0.457699716 0.836299598 -0.301851094
  outer loop
  vertex 0.0154400002 -0.00475500012 -0.052099999
  vertex 0.0106490003 -0.00290099997 -0.0542280003
  vertex 0.0134899998 0.0013 -0.0382810012
  endloop
 endfacet

 facet normal 0.450180173 0.84045881 -0.301607192
  outer loop
  vertex 0.0124220001 0.00197899994 -0.0379830003
  vertex 0.0134899998 0.0013 -0.0382810012
  vertex 0.0106490003 -0.00290099997 -0.0542280003
  endloop
 endfacet

 facet normal 0.428612649 0.585699081 0.687930107
  outer loop
  vertex -0.00754699996 0.0115630003 0.0312259998
  vertex -0.00657500001 0.0120649999 0.0301929992
  vertex -0.0110579999 0.0155229997 0.0300420001
  endloop
 endfacet

 facet normal 0.485200465 -0.842219353 0.235047087
  outer loop
  vertex 0.00975899957 -0.0202290006 -0.00819199998
  vertex -0.0148910005 -0.0239519998 0.029352
  vertex 0.0158450007 -0.0272470005 -0.0459019989
  endloop
 endfacet

 facet normal 0.0359870009 -0.970731735 0.237454861
  outer loop
  vertex -0.0212580003 -0.0263509993 0.0278849993
  vertex -0.0294000003 -0.0265319999 0.0283790007
  vertex -0.0292130001 -0.0268120002 0.0272059999
  endloop
 endfacet

 facet normal -0.0964349806 -0.992511332 0.0749776065
  outer loop
  vertex -0.0299290009 -0.0268159993 0.0267389994
  vertex -0.0322780013 -0.0324500017 -0.0508619994
  vertex -0.0207410008 -0.033826001 -0.054237999
  endloop
 endfacet

 facet normal -0.140385196 -0.987064123 -0.0774361938
  outer loop
  vertex -0.0396989994 -0.0313900001 -0.0509199984
  vertex -0.0207410008 -0.033826001 -0.054237999
  vertex -0.0322780013 -0.0324500017 -0.0508619994
  endloop
 endfacet

 facet normal -0.141576231 -0.987009943 0.0759446323
  outer loop
  vertex -0.0396989994 -0.0313900001 -0.0509199984
  vertex -0.0322780013 -0.0324500017 -0.0508619994
  vertex -0.0299290009 -0.0268159993 0.0267389994
  endloop
 endfacet

 facet normal -0.177313268 -0.926014483 -0.333252758
  outer loop
  vertex -0.0396989994 -0.0313900001 -0.0509199984
  vertex -0.0517040007 -0.0290920008 -0.0509180017
  vertex -0.0207410008 -0.033826001 -0.054237999
  endloop
 endfacet

 facet normal -0.187372372 -0.978924513 0.0812298581
  outer loop
  vertex -0.0396989994 -0.0313900001 -0.0509199984
  vertex -0.0299290009 -0.0268159993 0.0267389994
  vertex -0.0517040007 -0.0290920008 -0.0509180017
  endloop
 endfacet

 facet normal -0.168698266 -0.513218224 -0.841515243
  outer loop
  vertex -0.0517040007 -0.0290920008 -0.0509180017
  vertex -0.0566749983 -0.0274580009 -0.0509180017
  vertex -0.0207410008 -0.033826001 -0.054237999
  endloop
 endfacet

 facet normal -0.2939713 -0.949433804 0.110255837
  outer loop
  vertex -0.0382689983 -0.0241839997 0.0271669999
  vertex -0.0517040007 -0.0290920008 -0.0509180017
  vertex -0.0299290009 -0.0268159993 0.0267389994
  endloop
 endfacet

 facet normal -0.310279191 -0.943939567 0.112716377
  outer loop
  vertex -0.0382689983 -0.0241839997 0.0271669999
  vertex -0.0566749983 -0.0274580009 -0.0509180017
  vertex -0.0517040007 -0.0290920008 -0.0509180017
  endloop
 endfacet

 facet normal -0.29900676 -0.953522563 0.0372792855
  outer loop
  vertex -0.0382689983 -0.0241839997 0.0271669999
  vertex -0.0299290009 -0.0268159993 0.0267389994
  vertex -0.0365560018 -0.024704 0.0276059993
  endloop
 endfacet

 facet normal -0.516991735 -0.813905597 0.265098631
  outer loop
  vertex -0.0382689983 -0.0241839997 0.0271669999
  vertex -0.0460469984 -0.0193470009 0.0268489998
  vertex -0.0466030017 -0.0204109997 0.0224980004
  endloop
 endfacet

 facet normal -0.504891515 -0.788836181 0.350459874
  outer loop
  vertex -0.0454230011 -0.0193070006 0.0278379992
  vertex -0.0460469984 -0.0193470009 0.0268489998
  vertex -0.0382689983 -0.0241839997 0.0271669999
  endloop
 endfacet

 facet normal -0.513265848 -0.796779156 0.318906337
  outer loop
  vertex -0.0454230011 -0.0193070006 0.0278379992
  vertex -0.0382689983 -0.0241839997 0.0271669999
  vertex -0.0387180001 -0.0236269999 0.0278360005
  endloop
 endfacet

 facet normal -0.280056834 -0.435067594 0.855736196
  outer loop
  vertex -0.0454230011 -0.0193070006 0.0278379992
  vertex -0.0387180001 -0.0236269999 0.0278360005
  vertex -0.031787999 -0.0252889991 0.029259
  endloop
 endfacet

 facet normal -0.599760413 -0.756220341 0.261568964
  outer loop
  vertex -0.0466030017 -0.0204109997 0.0224980004
  vertex -0.0460469984 -0.0193470009 0.0268489998
  vertex -0.0499179997 -0.0182629991 0.0211069994
  endloop
 endfacet

 facet normal -0.653860748 -0.617291749 0.437512159
  outer loop
  vertex -0.0460469984 -0.0193470009 0.0268489998
  vertex -0.0454230011 -0.0193070006 0.0278379992
  vertex -0.0507420003 -0.0144659998 0.0267190002
  endloop
 endfacet

 facet normal -0.682768762 -0.647748232 0.33800739
  outer loop
  vertex -0.0507420003 -0.0144659998 0.0267190002
  vertex -0.0499179997 -0.0182629991 0.0211069994
  vertex -0.0460469984 -0.0193470009 0.0268489998
  endloop
 endfacet

 facet normal -0.492595673 -0.157708198 0.855849028
  outer loop
  vertex -0.0519490018 -0.00837600045 0.0274410006
  vertex -0.0524200015 -0.0112300003 0.0266440008
  vertex -0.0515380017 -0.0123840002 0.0269389991
  endloop
 endfacet

 facet normal -0.89180249 -0.00728198886 0.452366292
  outer loop
  vertex -0.0539820008 -0.00665700017 0.0258789994
  vertex -0.0604030006 -0.00252799992 0.0132870004
  vertex -0.0608510002 -0.00406900002 0.012379
  endloop
 endfacet

 facet normal -0.871520877 -0.224781096 0.43580386
  outer loop
  vertex -0.0586469993 -0.00788800046 0.0159150008
  vertex -0.0524200015 -0.0112300003 0.0266440008
  vertex -0.0539820008 -0.00665700017 0.0258789994
  endloop
 endfacet

 facet normal -0.894080102 -0.115229577 0.432831258
  outer loop
  vertex -0.0608510002 -0.00406900002 0.012379
  vertex -0.0586469993 -0.00788800046 0.0159150008
  vertex -0.0539820008 -0.00665700017 0.0258789994
  endloop
 endfacet

 facet normal -0.912357271 -0.191506565 0.361841738
  outer loop
  vertex -0.0586469993 -0.00788800046 0.0159150008
  vertex -0.0608510002 -0.00406900002 0.012379
  vertex -0.0614340007 -0.00777800009 0.00894599967
  endloop
 endfacet

 facet normal -0.874907732 -0.340360761 0.344515562
  outer loop
  vertex -0.0614340007 -0.00777800009 0.00894599967
  vertex -0.0581220016 -0.0113500003 0.0138280001
  vertex -0.0586469993 -0.00788800046 0.0159150008
  endloop
 endfacet

 facet normal -0.865879476 -0.430786461 0.254314572
  outer loop
  vertex -0.0612180009 -0.0101060001 0.00573799992
  vertex -0.058952 -0.0137219997 0.00732799992
  vertex -0.0614340007 -0.00777800009 0.00894599967
  endloop
 endfacet

 facet normal -0.768558919 -0.563134253 0.303639501
  outer loop
  vertex -0.058952 -0.0137219997 0.00732799992
  vertex -0.0511990003 -0.0139279999 0.0265699998
  vertex -0.0581220016 -0.0113500003 0.0138280001
  endloop
 endfacet

 facet normal -0.766133189 -0.566974998 0.302620977
  outer loop
  vertex -0.058952 -0.0137219997 0.00732799992
  vertex -0.0507420003 -0.0144659998 0.0267190002
  vertex -0.0511990003 -0.0139279999 0.0265699998
  endloop
 endfacet

 facet normal -0.680166006 -0.700827658 0.214976594
  outer loop
  vertex -0.0587790012 -0.0143309999 0.00589000015
  vertex -0.0499179997 -0.0182629991 0.0211069994
  vertex -0.058952 -0.0137219997 0.00732799992
  endloop
 endfacet

 facet normal -0.686668873 -0.704374313 0.179840773
  outer loop
  vertex -0.0589569993 -0.0189820006 -0.0130059998
  vertex -0.0580650009 -0.0190440007 -0.00984300021
  vertex -0.0587790012 -0.0143309999 0.00589000015
  endloop
 endfacet

 facet normal -0.722473383 -0.669751048 0.171655983
  outer loop
  vertex -0.0587790012 -0.0143309999 0.00589000015
  vertex -0.0604630001 -0.015803 -0.006941
  vertex -0.0589569993 -0.0189820006 -0.0130059998
  endloop
 endfacet

 facet normal -0.763794124 -0.622224033 0.171626717
  outer loop
  vertex -0.0587790012 -0.0143309999 0.00589000015
  vertex -0.058952 -0.0137219997 0.00732799992
  vertex -0.0604630001 -0.015803 -0.006941
  endloop
 endfacet

 facet normal -0.866605878 -0.472419947 0.160666302
  outer loop
  vertex -0.0604630001 -0.015803 -0.006941
  vertex -0.058952 -0.0137219997 0.00732799992
  vertex -0.0612180009 -0.0101060001 0.00573799992
  endloop
 endfacet

 facet normal -0.96362865 -0.246143386 0.104082987
  outer loop
  vertex -0.0618389994 -0.0118589997 -0.00415700022
  vertex -0.0612180009 -0.0101060001 0.00573799992
  vertex -0.0628030002 -0.00622700015 0.000237
  endloop
 endfacet

 facet normal -0.94893074 -0.306132436 0.0762453601
  outer loop
  vertex -0.0626659989 -0.0126120001 -0.0174729992
  vertex -0.0615690015 -0.0161860008 -0.0181699991
  vertex -0.0618389994 -0.0118589997 -0.00415700022
  endloop
 endfacet

 facet normal -0.951989532 -0.301989079 0.0501852334
  outer loop
  vertex -0.0615690015 -0.0161860008 -0.0181699991
  vertex -0.0626659989 -0.0126120001 -0.0174729992
  vertex -0.0617339984 -0.0211089998 -0.0509239994
  endloop
 endfacet

 facet normal -0.999787629 0.0198713411 -0.00548637984
  outer loop
  vertex -0.0630849972 -0.00718799978 -0.0297180004
  vertex -0.0631690025 -0.011771 -0.0310089998
  vertex -0.0630749986 -0.00104100001 -0.00927599985
  endloop
 endfacet

 facet normal -0.998032212 0.0332660489 -0.0531513318
  outer loop
  vertex -0.0630849972 -0.00718799978 -0.0297180004
  vertex -0.0622050017 -0.0146690002 -0.0509239994
  vertex -0.0631690025 -0.011771 -0.0310089998
  endloop
 endfacet

 facet normal -0.993946791 -0.105579734 0.0303757563
  outer loop
  vertex -0.0628030002 -0.00622700015 0.000237
  vertex -0.0631690025 -0.011771 -0.0310089998
  vertex -0.0626659989 -0.0126120001 -0.0174729992
  endloop
 endfacet

 facet normal -0.999601781 -0.0233496558 0.0158518571
  outer loop
  vertex -0.0628030002 -0.00622700015 0.000237
  vertex -0.0630749986 -0.00104100001 -0.00927599985
  vertex -0.0631690025 -0.011771 -0.0310089998
  endloop
 endfacet

 facet normal -0.972007334 -0.223323807 0.0729958415
  outer loop
  vertex -0.0628030002 -0.00622700015 0.000237
  vertex -0.0626659989 -0.0126120001 -0.0174729992
  vertex -0.0618389994 -0.0118589997 -0.00415700022
  endloop
 endfacet

 facet normal -0.999043822 0.0194380395 0.0391615592
  outer loop
  vertex -0.0625139996 -0.00132799998 0.00517799985
  vertex -0.0630749986 -0.00104100001 -0.00927599985
  vertex -0.0628030002 -0.00622700015 0.000237
  endloop
 endfacet

 facet normal -0.979218423 -0.201398239 0.0238751844
  outer loop
  vertex -0.0631690025 -0.011771 -0.0310089998
  vertex -0.0617339984 -0.0211089998 -0.0509239994
  vertex -0.0626659989 -0.0126120001 -0.0174729992
  endloop
 endfacet

 facet normal -0.0913104638 -0.0349903665 -0.995207548
  outer loop
  vertex -0.060304001 -0.0249259993 -0.0509210005
  vertex -0.0617339984 -0.0211089998 -0.0509239994
  vertex -0.0207410008 -0.033826001 -0.054237999
  endloop
 endfacet

 facet normal -0.934913993 -0.350210309 0.0573469773
  outer loop
  vertex -0.060304001 -0.0249259993 -0.0509210005
  vertex -0.0615690015 -0.0161860008 -0.0181699991
  vertex -0.0617339984 -0.0211089998 -0.0509239994
  endloop
 endfacet

 facet normal -0.121283315 -0.174987093 -0.97707212
  outer loop
  vertex -0.0566749983 -0.0274580009 -0.0509180017
  vertex -0.060304001 -0.0249259993 -0.0509210005
  vertex -0.0207410008 -0.033826001 -0.054237999
  endloop
 endfacet

 facet normal -0.475690812 -0.866990209 0.1484804
  outer loop
  vertex -0.0382689983 -0.0241839997 0.0271669999
  vertex -0.0466030017 -0.0204109997 0.0224980004
  vertex -0.0566749983 -0.0274580009 -0.0509180017
  endloop
 endfacet

 facet normal -0.53063637 -0.833708525 0.152823791
  outer loop
  vertex -0.0466030017 -0.0204109997 0.0224980004
  vertex -0.0580650009 -0.0190440007 -0.00984300021
  vertex -0.0566749983 -0.0274580009 -0.0509180017
  endloop
 endfacet

 facet normal -0.575639129 -0.804461062 0.146567374
  outer loop
  vertex -0.0589569993 -0.0189820006 -0.0130059998
  vertex -0.060304001 -0.0249259993 -0.0509210005
  vertex -0.0580650009 -0.0190440007 -0.00984300021
  endloop
 endfacet

 facet normal -0.7853266 -0.606735945 0.123019233
  outer loop
  vertex -0.0589569993 -0.0189820006 -0.0130059998
  vertex -0.0604630001 -0.015803 -0.006941
  vertex -0.060304001 -0.0249259993 -0.0509210005
  endloop
 endfacet

 facet normal -0.90453732 -0.406482428 0.128780156
  outer loop
  vertex -0.0618389994 -0.0118589997 -0.00415700022
  vertex -0.0604630001 -0.015803 -0.006941
  vertex -0.0612180009 -0.0101060001 0.00573799992
  endloop
 endfacet

 facet normal -0.857138336 -0.504957139 0.101647101
  outer loop
  vertex -0.0615690015 -0.0161860008 -0.0181699991
  vertex -0.060304001 -0.0249259993 -0.0509210005
  vertex -0.0604630001 -0.015803 -0.006941
  endloop
 endfacet

 facet normal -0.914164245 -0.391931832 0.103408784
  outer loop
  vertex -0.0604630001 -0.015803 -0.006941
  vertex -0.0618389994 -0.0118589997 -0.00415700022
  vertex -0.0615690015 -0.0161860008 -0.0181699991
  endloop
 endfacet

 facet normal -0.585913837 -0.791428268 0.174201876
  outer loop
  vertex -0.0499179997 -0.0182629991 0.0211069994
  vertex -0.0580650009 -0.0190440007 -0.00984300021
  vertex -0.0466030017 -0.0204109997 0.0224980004
  endloop
 endfacet

 facet normal -0.652240872 -0.73375994 0.190205976
  outer loop
  vertex -0.0580650009 -0.0190440007 -0.00984300021
  vertex -0.0499179997 -0.0182629991 0.0211069994
  vertex -0.0587790012 -0.0143309999 0.00589000015
  endloop
 endfacet

 facet normal -0.566068113 -0.811145544 0.147002861
  outer loop
  vertex -0.0580650009 -0.0190440007 -0.00984300021
  vertex -0.060304001 -0.0249259993 -0.0509210005
  vertex -0.0566749983 -0.0274580009 -0.0509180017
  endloop
 endfacet

 facet normal -0.0824368224 -0.00602919562 -0.996577978
  outer loop
  vertex -0.0617339984 -0.0211089998 -0.0509239994
  vertex -0.0622050017 -0.0146690002 -0.0509239994
  vertex -0.0207410008 -0.033826001 -0.054237999
  endloop
 endfacet

 facet normal -0.996629596 -0.0728906766 -0.0376356803
  outer loop
  vertex -0.0631690025 -0.011771 -0.0310089998
  vertex -0.0622050017 -0.0146690002 -0.0509239994
  vertex -0.0617339984 -0.0211089998 -0.0509239994
  endloop
 endfacet

 facet normal -0.747353435 -0.59606117 0.293553859
  outer loop
  vertex -0.0499179997 -0.0182629991 0.0211069994
  vertex -0.0507420003 -0.0144659998 0.0267190002
  vertex -0.058952 -0.0137219997 0.00732799992
  endloop
 endfacet

 facet normal -0.861010492 -0.432407796 0.267739743
  outer loop
  vertex -0.058952 -0.0137219997 0.00732799992
  vertex -0.0581220016 -0.0113500003 0.0138280001
  vertex -0.0614340007 -0.00777800009 0.00894599967
  endloop
 endfacet

 facet normal -0.839786887 -0.390400499 0.377287149
  outer loop
  vertex -0.0511990003 -0.0139279999 0.0265699998
  vertex -0.0524200015 -0.0112300003 0.0266440008
  vertex -0.0581220016 -0.0113500003 0.0138280001
  endloop
 endfacet

 facet normal -0.851329267 -0.359461963 0.382132828
  outer loop
  vertex -0.0581220016 -0.0113500003 0.0138280001
  vertex -0.0524200015 -0.0112300003 0.0266440008
  vertex -0.0586469993 -0.00788800046 0.0159150008
  endloop
 endfacet

 facet normal -0.362258226 -0.821318567 0.440686703
  outer loop
  vertex -0.0387180001 -0.0236269999 0.0278360005
  vertex -0.0382689983 -0.0241839997 0.0271669999
  vertex -0.0365560018 -0.024704 0.0276059993
  endloop
 endfacet

 facet normal -0.0549687259 -0.995284319 0.079922609
  outer loop
  vertex -0.0299290009 -0.0268159993 0.0267389994
  vertex -0.0207410008 -0.033826001 -0.054237999
  vertex -0.0138959996 -0.0342030004 -0.0542250015
  endloop
 endfacet

 facet normal -0.990237713 0.133617386 -0.0396949872
  outer loop
  vertex -0.0630749986 -0.00104100001 -0.00927599985
  vertex -0.062533997 -0.00236600009 -0.0272320006
  vertex -0.0630849972 -0.00718799978 -0.0297180004
  endloop
 endfacet

 facet normal -0.570206285 0.798986852 -0.191010386
  outer loop
  vertex -0.0591310002 0.00764499977 -0.0057310001
  vertex -0.0581489988 0.00847299956 -0.00519899977
  vertex -0.0601899996 0.00204599998 -0.02599
  endloop
 endfacet

 facet normal -0.44273299 0.872573733 -0.206404135
  outer loop
  vertex -0.0569549985 -0.000220999995 -0.0445140004
  vertex -0.0581489988 0.00847299956 -0.00519899977
  vertex -0.0558959991 0.000132999994 -0.0452889986
  endloop
 endfacet

 facet normal -0.179038167 0.957557499 -0.225896165
  outer loop
  vertex -0.0543310009 0.000361999992 -0.0462759994
  vertex -0.0548480004 0.0098679997 -0.00557099981
  vertex -0.0300520007 0.0195969995 0.0160169993
  endloop
 endfacet

 facet normal -0.335601211 0.916932166 -0.215887636
  outer loop
  vertex -0.0548480004 0.0098679997 -0.00557099981
  vertex -0.0558959991 0.000132999994 -0.0452889986
  vertex -0.056171 0.0094569996 -0.00526000001
  endloop
 endfacet

 facet normal -0.132973909 0.960428119 -0.244736299
  outer loop
  vertex -0.0300520007 0.0195969995 0.0160169993
  vertex -0.0291799996 0.0196129996 0.0156060001
  vertex -0.0543310009 0.000361999992 -0.0462759994
  endloop
 endfacet

 facet normal -0.101545751 0.960886896 -0.257652581
  outer loop
  vertex -0.0543310009 0.000361999992 -0.0462759994
  vertex -0.0291799996 0.0196129996 0.0156060001
  vertex -0.0529490001 -0.000737999973 -0.050923001
  endloop
 endfacet

 facet normal -0.263599843 0.963821352 -0.0395423993
  outer loop
  vertex -0.0474009998 0.0146690002 0.0115529997
  vertex -0.0345639996 0.0188299995 0.0274
  vertex -0.0300520007 0.0195969995 0.0160169993
  endloop
 endfacet

 facet normal -0.401245803 0.91411984 -0.0581966154
  outer loop
  vertex -0.0531399995 0.012042 0.00985800009
  vertex -0.0474009998 0.0146690002 0.0115529997
  vertex -0.0567139983 0.00990399998 0.000916999998
  endloop
 endfacet

 facet normal -0.907963395 0.416264355 0.0482345298
  outer loop
  vertex -0.0616069995 0.00435000006 -0.00520899985
  vertex -0.061976999 0.00250900001 0.00371400011
  vertex -0.0602530017 0.00660800003 0.000791999977
  endloop
 endfacet

 facet normal -0.830216646 0.556996346 -0.0222606342
  outer loop
  vertex -0.0616069995 0.00435000006 -0.00520899985
  vertex -0.0602530017 0.00660800003 0.000791999977
  vertex -0.0601899996 0.0064079999 -0.00656200014
  endloop
 endfacet

 facet normal -0.751273394 0.659541011 -0.024373142
  outer loop
  vertex -0.0591310002 0.00764499977 -0.0057310001
  vertex -0.0601899996 0.0064079999 -0.00656200014
  vertex -0.0602530017 0.00660800003 0.000791999977
  endloop
 endfacet

 facet normal -0.992784262 0.112770014 0.0407718197
  outer loop
  vertex -0.0622350015 0.00163399999 0.0037789999
  vertex -0.0630749986 -0.00104100001 -0.00927599985
  vertex -0.0625139996 -0.00132799998 0.00517799985
  endloop
 endfacet

 facet normal 0.261429965 -0.452533722 0.852565408
  outer loop
  vertex -0.0150149995 -0.0236290004 0.0301210005
  vertex -0.0110069998 -0.021404 0.0300730001
  vertex -0.00877400022 -0.0178079996 0.0312969983
  endloop
 endfacet

 facet normal 0.264605731 -0.87313807 0.409406722
  outer loop
  vertex -0.0150149995 -0.0236290004 0.0301210005
  vertex -0.0187149998 -0.0247169994 0.0301920008
  vertex -0.0148910005 -0.0239519998 0.029352
  endloop
 endfacet

 facet normal 0 0 1
  outer loop
  vertex -0.0209400002 -0.00257600006 -0.0542250015
  vertex -0.020939 -0.0337879993 -0.0542250015
  vertex -0.01394 -0.0342019983 -0.0542250015
  endloop
 endfacet

 facet normal -0.000239308822 -5.29678728e-05 0.99999994
  outer loop
  vertex -0.0209400002 -0.00257600006 -0.0542250015
  vertex -0.01394 -0.0342019983 -0.0542250015
  vertex -0.00567199988 -0.0337890014 -0.054223001
  endloop
 endfacet

 facet normal 0.000127156309 0.000126290455 1
  outer loop
  vertex -0.0209400002 -0.00257600006 -0.0542250015
  vertex -0.00567199988 -0.0337890014 -0.054223001
  vertex 0.000951000024 -0.0325520001 -0.0542239994
  endloop
 endfacet

 facet normal 0.000735313923 0.000570418255 0.999999523
  outer loop
  vertex -0.0209400002 -0.00257600006 -0.0542250015
  vertex 0.000951000024 -0.0325520001 -0.0542239994
  vertex 0.000952999981 -0.00274799997 -0.0542410016
  endloop
 endfacet

 facet normal 0.00777775608 0.997070193 -0.0760957748
  outer loop
  vertex -0.0209400002 -0.00257600006 -0.0542250015
  vertex 0.000952999981 -0.00274799997 -0.0542410016
  vertex -0.0104679996 -0.00386300008 -0.0700180009
  endloop
 endfacet

 facet normal 0.99999994 -6.69400106e-05 0.000286823517
  outer loop
  vertex 0.000952999981 -0.00274799997 -0.0542410016
  vertex 0.000951000024 -0.0325520001 -0.0542239994
  vertex 0.000951999973 -0.0327950008 -0.057767
  endloop
 endfacet

 facet normal 0.99997735 -0.000816816231 0.00667694397
  outer loop
  vertex 0.000952999981 -0.00274799997 -0.0542410016
  vertex 0.000951999973 -0.0327950008 -0.057767
  vertex 0.000979000004 -0.0317840017 -0.0616870001
  endloop
 endfacet

 facet normal 0.999996543 0.00145600911 -0.00218597287
  outer loop
  vertex 0.000952999981 -0.00274799997 -0.0542410016
  vertex 0.000979000004 -0.0317840017 -0.0616870001
  vertex 0.000951999973 -0.0224929992 -0.0678500012
  endloop
 endfacet

 facet normal 0.999996185 -0.00160037191 0.00224846369
  outer loop
  vertex 0.000952999981 -0.00274799997 -0.0542410016
  vertex 0.000951999973 -0.0224929992 -0.0678500012
  vertex 0.000964000006 -0.0150650004 -0.067900002
  endloop
 endfacet

 facet normal 0.999996126 0.00242414442 -0.00138064299
  outer loop
  vertex 0.000952999981 -0.00274799997 -0.0542410016
  vertex 0.000964000006 -0.0150650004 -0.067900002
  vertex 0.000951999973 -0.00532099977 -0.0594829991
  endloop
 endfacet

 facet normal 0.999999702 -0.000814818195 0.000209179707
  outer loop
  vertex 0.000952999981 -0.00274799997 -0.0542410016
  vertex 0.000951999973 -0.00532099977 -0.0594829991
  vertex 0.000952999981 -0.003302 -0.0563989989
  endloop
 endfacet

 facet normal 0.122551613 0.979810894 -0.157961026
  outer loop
  vertex -0.0104679996 -0.00386300008 -0.0700180009
  vertex 0.000952999981 -0.00274799997 -0.0542410016
  vertex -0.00805400033 -0.00437500002 -0.0713210031
  endloop
 endfacet

 facet normal 0.284324348 0.928616226 -0.238393918
  outer loop
  vertex 0.000952999981 -0.00274799997 -0.0542410016
  vertex 0.000952999981 -0.003302 -0.0563989989
  vertex -0.00805400033 -0.00437500002 -0.0713210031
  endloop
 endfacet

 facet normal -0.261951149 0.932228446 -0.249663204
  outer loop
  vertex -0.0209400002 -0.00257600006 -0.0542250015
  vertex -0.0104679996 -0.00386300008 -0.0700180009
  vertex -0.0112990001 -0.00478800014 -0.0725999996
  endloop
 endfacet

 facet normal -0.462149799 0.818608046 -0.34102571
  outer loop
  vertex -0.0209400002 -0.00257600006 -0.0542250015
  vertex -0.0112990001 -0.00478800014 -0.0725999996
  vertex -0.0122910002 -0.00602999981 -0.0742369965
  endloop
 endfacet

 facet normal -0.999999285 0.000854554819 -0.000806075346
  outer loop
  vertex -0.0209400002 -0.00257600006 -0.0542250015
  vertex -0.020939 -0.0055209999 -0.0585879982
  vertex -0.020939 -0.0156469997 -0.0693230033
  endloop
 endfacet

 facet normal -0.999995708 0.00218872819 -0.00196112739
  outer loop
  vertex -0.0209400002 -0.00257600006 -0.0542250015
  vertex -0.020939 -0.0156469997 -0.0693230033
  vertex -0.0209439993 -0.0199570004 -0.0715840012
  endloop
 endfacet

 facet normal -0.999999404 -0.000684584025 0.000915827579
  outer loop
  vertex -0.0209400002 -0.00257600006 -0.0542250015
  vertex -0.0209439993 -0.0199570004 -0.0715840012
  vertex -0.020939 -0.0253359992 -0.0701460019
  endloop
 endfacet

 facet normal -1 8.8034998e-05 -0.000188676408
  outer loop
  vertex -0.0209400002 -0.00257600006 -0.0542250015
  vertex -0.020939 -0.0253359992 -0.0701460019
  vertex -0.0209410004 -0.0329030007 -0.0630740002
  endloop
 endfacet

 facet normal -0.999999344 -0.000308908202 0.00117171451
  outer loop
  vertex -0.0209400002 -0.00257600006 -0.0542250015
  vertex -0.0209410004 -0.0329030007 -0.0630740002
  vertex -0.0209369995 -0.0339750014 -0.0599419996
  endloop
 endfacet

 facet normal -0.99999994 -3.20466643e-05 -0.000348869798
  outer loop
  vertex -0.0209400002 -0.00257600006 -0.0542250015
  vertex -0.0209369995 -0.0339750014 -0.0599419996
  vertex -0.020939 -0.0337879993 -0.0542250015
  endloop
 endfacet

 facet normal 0.281234682 0.877869844 -0.387623012
  outer loop
  vertex -0.00805400033 -0.00437500002 -0.0713210031
  vertex -0.00695700012 -0.0056739999 -0.0734670013
  vertex -0.00883499999 -0.00502600009 -0.0733620003
  endloop
 endfacet

 facet normal 0.0313970782 0.948700547 -0.314613432
  outer loop
  vertex -0.00805400033 -0.00437500002 -0.0713210031
  vertex -0.00883499999 -0.00502600009 -0.0733620003
  vertex -0.0104679996 -0.00386300008 -0.0700180009
  endloop
 endfacet

 facet normal -0.0121722277 0.94257915 -0.333761066
  outer loop
  vertex -0.0104679996 -0.00386300008 -0.0700180009
  vertex -0.00883499999 -0.00502600009 -0.0733620003
  vertex -0.0112990001 -0.00478800014 -0.0725999996
  endloop
 endfacet

 facet normal -0.70252037 0.583646297 -0.407212794
  outer loop
  vertex -0.0122910002 -0.00602999981 -0.0742369965
  vertex -0.0144830002 -0.00938499998 -0.0752639994
  vertex -0.020939 -0.0055209999 -0.0585879982
  endloop
 endfacet

 facet normal -0.693986475 0.596688807 -0.402920902
  outer loop
  vertex -0.0122910002 -0.00602999981 -0.0742369965
  vertex -0.020939 -0.0055209999 -0.0585879982
  vertex -0.0209400002 -0.00257600006 -0.0542250015
  endloop
 endfacet

 facet normal -0.0588882193 -0.995554805 0.0735053122
  outer loop
  vertex -0.020939 -0.0337879993 -0.0542250015
  vertex -0.0133159999 -0.0345290005 -0.0581540018
  vertex -0.01394 -0.0342019983 -0.0542250015
  endloop
 endfacet

 facet normal 0.690174997 0.605335891 -0.396518528
  outer loop
  vertex 0.000952999981 -0.003302 -0.0563989989
  vertex 0.000951999973 -0.00532099977 -0.0594829991
  vertex -0.0055829999 -0.00904900022 -0.076549001
  endloop
 endfacet

 facet normal 0.665313184 0.632718861 -0.396264106
  outer loop
  vertex 0.000952999981 -0.003302 -0.0563989989
  vertex -0.0055829999 -0.00904900022 -0.076549001
  vertex -0.00695700012 -0.0056739999 -0.0734670013
  endloop
 endfacet

 facet normal 0.410435379 0.857788265 -0.309422195
  outer loop
  vertex 0.000952999981 -0.003302 -0.0563989989
  vertex -0.00695700012 -0.0056739999 -0.0734670013
  vertex -0.00805400033 -0.00437500002 -0.0713210031
  endloop
 endfacet

 facet normal 0.216860354 -0.973910451 0.0668579489
  outer loop
  vertex 0.000951999973 -0.0327950008 -0.057767
  vertex 0.000951000024 -0.0325520001 -0.0542239994
  vertex -0.00328100007 -0.0337920003 -0.0585599989
  endloop
 endfacet

 facet normal -0.156448245 0.830195844 -0.535069108
  outer loop
  vertex -0.0122910002 -0.00602999981 -0.0742369965
  vertex -0.0112990001 -0.00478800014 -0.0725999996
  vertex -0.0111440001 -0.00751599995 -0.0768779963
  endloop
 endfacet

 facet normal -0.578760028 0.577173412 -0.576114297
  outer loop
  vertex -0.0122910002 -0.00602999981 -0.0742369965
  vertex -0.0111440001 -0.00751599995 -0.0768779963
  vertex -0.0129310004 -0.00980800018 -0.0773790032
  endloop
 endfacet

 facet normal -0.606045663 0.566795766 -0.558078229
  outer loop
  vertex -0.0122910002 -0.00602999981 -0.0742369965
  vertex -0.0129310004 -0.00980800018 -0.0773790032
  vertex -0.0144830002 -0.00938499998 -0.0752639994
  endloop
 endfacet

 facet normal -0.80079329 0.435693443 -0.410976231
  outer loop
  vertex -0.020939 -0.0055209999 -0.0585879982
  vertex -0.0144830002 -0.00938499998 -0.0752639994
  vertex -0.020939 -0.0156469997 -0.0693230033
  endloop
 endfacet

 facet normal 0.258762151 0.829996645 -0.494113058
  outer loop
  vertex -0.00695700012 -0.0056739999 -0.0734670013
  vertex -0.00802499987 -0.00699899998 -0.0762519985
  vertex -0.00883499999 -0.00502600009 -0.0733620003
  endloop
 endfacet

 facet normal -0.0853392184 0.838677347 -0.537901103
  outer loop
  vertex -0.0112990001 -0.00478800014 -0.0725999996
  vertex -0.00883499999 -0.00502600009 -0.0733620003
  vertex -0.0111440001 -0.00751599995 -0.0768779963
  endloop
 endfacet

 facet normal -0.0223844126 0.822749019 -0.567964017
  outer loop
  vertex -0.0111440001 -0.00751599995 -0.0768779963
  vertex -0.00883499999 -0.00502600009 -0.0733620003
  vertex -0.00802499987 -0.00699899998 -0.0762519985
  endloop
 endfacet

 facet normal 0.0430913828 0.654259622 -0.75504148
  outer loop
  vertex -0.0111440001 -0.00751599995 -0.0768779963
  vertex -0.00802499987 -0.00699899998 -0.0762519985
  vertex -0.00849699974 -0.0102199996 -0.0790700018
  endloop
 endfacet

 facet normal -0.235791311 0.516251087 -0.823339105
  outer loop
  vertex -0.0111440001 -0.00751599995 -0.0768779963
  vertex -0.00989000034 -0.0115379998 -0.0797590017
  vertex -0.0112330001 -0.0117159998 -0.0794859976
  endloop
 endfacet

 facet normal -0.409147918 0.487590611 -0.771267414
  outer loop
  vertex -0.0111440001 -0.00751599995 -0.0768779963
  vertex -0.0112330001 -0.0117159998 -0.0794859976
  vertex -0.0129310004 -0.00980800018 -0.0773790032
  endloop
 endfacet

 facet normal -0.0800606683 -0.99625802 0.0325594321
  outer loop
  vertex -0.0133159999 -0.0345290005 -0.0581540018
  vertex -0.020939 -0.0337879993 -0.0542250015
  vertex -0.0209369995 -0.0339750014 -0.0599419996
  endloop
 endfacet

 facet normal -0.0692401826 -0.997502506 -0.0139463488
  outer loop
  vertex -0.0209369995 -0.0339750014 -0.0599419996
  vertex -0.0146300001 -0.0344039984 -0.060571
  vertex -0.0133159999 -0.0345290005 -0.0581540018
  endloop
 endfacet

 facet normal 0.754522324 0.518580139 -0.402207315
  outer loop
  vertex -0.0055829999 -0.00904900022 -0.076549001
  vertex 0.000951999973 -0.00532099977 -0.0594829991
  vertex -0.003303 -0.0102420002 -0.0738100037
  endloop
 endfacet

 facet normal 0.523736 0.680813551 -0.512048364
  outer loop
  vertex -0.00695700012 -0.0056739999 -0.0734670013
  vertex -0.0055829999 -0.00904900022 -0.076549001
  vertex -0.00652599987 -0.00901100039 -0.077463001
  endloop
 endfacet

 facet normal 0.50385201 0.688973606 -0.521007299
  outer loop
  vertex -0.00695700012 -0.0056739999 -0.0734670013
  vertex -0.00652599987 -0.00901100039 -0.077463001
  vertex -0.00802499987 -0.00699899998 -0.0762519985
  endloop
 endfacet

 facet normal 0.182667449 -0.977933824 0.101381317
  outer loop
  vertex 0.000951000024 -0.0325520001 -0.0542239994
  vertex -0.00567199988 -0.0337890014 -0.054223001
  vertex -0.00328100007 -0.0337920003 -0.0585599989
  endloop
 endfacet

 facet normal -0.116560727 0.554084718 -0.82425946
  outer loop
  vertex -0.00849699974 -0.0102199996 -0.0790700018
  vertex -0.00989000034 -0.0115379998 -0.0797590017
  vertex -0.0111440001 -0.00751599995 -0.0768779963
  endloop
 endfacet

 facet normal -0.724211693 0.34065327 -0.599560499
  outer loop
  vertex -0.0129310004 -0.00980800018 -0.0773790032
  vertex -0.0146399997 -0.0131350001 -0.0772050023
  vertex -0.0144830002 -0.00938499998 -0.0752639994
  endloop
 endfacet

 facet normal 0.0496616736 -0.994642138 0.0906691477
  outer loop
  vertex -0.0133159999 -0.0345290005 -0.0581540018
  vertex -0.00567199988 -0.0337890014 -0.054223001
  vertex -0.01394 -0.0342019983 -0.0542250015
  endloop
 endfacet

 facet normal 0.229331195 0.62165463 -0.748967826
  outer loop
  vertex -0.00802499987 -0.00699899998 -0.0762519985
  vertex -0.00652599987 -0.00901100039 -0.077463001
  vertex -0.00849699974 -0.0102199996 -0.0790700018
  endloop
 endfacet

 facet normal 0.0748697817 -0.996309936 0.0419648401
  outer loop
  vertex -0.00567199988 -0.0337890014 -0.054223001
  vertex -0.0133159999 -0.0345290005 -0.0581540018
  vertex -0.00328100007 -0.0337920003 -0.0585599989
  endloop
 endfacet

 facet normal 0.0693684593 -0.993604183 -0.0890993029
  outer loop
  vertex -0.00328100007 -0.0337920003 -0.0585599989
  vertex -0.0133159999 -0.0345290005 -0.0581540018
  vertex -0.0146300001 -0.0344039984 -0.060571
  endloop
 endfacet

 facet normal 0.114738338 0.36227721 -0.924981296
  outer loop
  vertex -0.00989000034 -0.0115379998 -0.0797590017
  vertex -0.00849699974 -0.0102199996 -0.0790700018
  vertex -0.00803500041 -0.0140199997 -0.0805009976
  endloop
 endfacet

 facet normal -0.228376552 0.305110753 -0.924527824
  outer loop
  vertex -0.00989000034 -0.0115379998 -0.0797590017
  vertex -0.0101960003 -0.013673 -0.0803880021
  vertex -0.0112330001 -0.0117159998 -0.0794859976
  endloop
 endfacet

 facet normal -0.35657537 0.228580698 -0.905872464
  outer loop
  vertex -0.0112330001 -0.0117159998 -0.0794859976
  vertex -0.0101960003 -0.013673 -0.0803880021
  vertex -0.012329 -0.0128589999 -0.0793429986
  endloop
 endfacet

 facet normal -0.509280264 0.39252156 -0.765872419
  outer loop
  vertex -0.0112330001 -0.0117159998 -0.0794859976
  vertex -0.012329 -0.0128589999 -0.0793429986
  vertex -0.0129310004 -0.00980800018 -0.0773790032
  endloop
 endfacet

 facet normal -0.665882826 0.306473613 -0.680201411
  outer loop
  vertex -0.0146399997 -0.0131350001 -0.0772050023
  vertex -0.0129310004 -0.00980800018 -0.0773790032
  vertex -0.012329 -0.0128589999 -0.0793429986
  endloop
 endfacet

 facet normal -0.795924485 0.304233998 -0.523398459
  outer loop
  vertex -0.0144830002 -0.00938499998 -0.0752639994
  vertex -0.0146399997 -0.0131350001 -0.0772050023
  vertex -0.0209439993 -0.0199570004 -0.0715840012
  endloop
 endfacet

 facet normal -0.784737587 0.288655698 -0.548511446
  outer loop
  vertex -0.0144830002 -0.00938499998 -0.0752639994
  vertex -0.0209439993 -0.0199570004 -0.0715840012
  vertex -0.020939 -0.0156469997 -0.0693230033
  endloop
 endfacet

 facet normal -0.0919300169 -0.959125698 -0.267631859
  outer loop
  vertex -0.0209369995 -0.0339750014 -0.0599419996
  vertex -0.0113779996 -0.0310910009 -0.0735609978
  vertex -0.0146300001 -0.0344039984 -0.060571
  endloop
 endfacet

 facet normal 0.87264818 0.319847554 -0.369029552
  outer loop
  vertex -0.003303 -0.0102420002 -0.0738100037
  vertex 0.000951999973 -0.00532099977 -0.0594829991
  vertex 0.000964000006 -0.0150650004 -0.067900002
  endloop
 endfacet

 facet normal 0.872728467 0.312586576 -0.375012964
  outer loop
  vertex -0.003303 -0.0102420002 -0.0738100037
  vertex 0.000964000006 -0.0150650004 -0.067900002
  vertex -0.00313000008 -0.0140589997 -0.0765890032
  endloop
 endfacet

 facet normal 0.784395635 0.387920737 -0.483984619
  outer loop
  vertex -0.003303 -0.0102420002 -0.0738100037
  vertex -0.00313000008 -0.0140589997 -0.0765890032
  vertex -0.0055829999 -0.00904900022 -0.076549001
  endloop
 endfacet

 facet normal 0.0911095589 -0.971574724 -0.218498379
  outer loop
  vertex -0.00328100007 -0.0337920003 -0.0585599989
  vertex -0.0146300001 -0.0344039984 -0.060571
  vertex -0.00477200001 -0.0306700002 -0.0730639994
  endloop
 endfacet

 facet normal 0.264822155 -0.934182107 -0.23910895
  outer loop
  vertex 0.000951999973 -0.0327950008 -0.057767
  vertex -0.00328100007 -0.0337920003 -0.0585599989
  vertex 0.000979000004 -0.0317840017 -0.0616870001
  endloop
 endfacet

 facet normal 0.191671848 0.366207123 -0.910579145
  outer loop
  vertex -0.00803500041 -0.0140199997 -0.0805009976
  vertex -0.00849699974 -0.0102199996 -0.0790700018
  vertex -0.00677999994 -0.0125310002 -0.0796379969
  endloop
 endfacet

 facet normal -0.00466983067 0.283216923 -0.959044456
  outer loop
  vertex -0.00989000034 -0.0115379998 -0.0797590017
  vertex -0.00803500041 -0.0140199997 -0.0805009976
  vertex -0.0101960003 -0.013673 -0.0803880021
  endloop
 endfacet

 facet normal -0.35454756 0.233353779 -0.905451298
  outer loop
  vertex -0.0101960003 -0.013673 -0.0803880021
  vertex -0.0112429997 -0.0164860003 -0.0807029977
  vertex -0.012329 -0.0128589999 -0.0793429986
  endloop
 endfacet

 facet normal -0.17296885 -0.931922376 -0.318751365
  outer loop
  vertex -0.0209369995 -0.0339750014 -0.0599419996
  vertex -0.0209410004 -0.0329030007 -0.0630740002
  vertex -0.0113779996 -0.0310910009 -0.0735609978
  endloop
 endfacet

 facet normal 0.0789852068 -0.970511436 -0.227747709
  outer loop
  vertex -0.0113779996 -0.0310910009 -0.0735609978
  vertex -0.00477200001 -0.0306700002 -0.0730639994
  vertex -0.0146300001 -0.0344039984 -0.060571
  endloop
 endfacet

 facet normal 0.633683741 0.441194028 -0.635446846
  outer loop
  vertex -0.0055829999 -0.00904900022 -0.076549001
  vertex -0.00557699986 -0.0121600004 -0.0787030011
  vertex -0.00652599987 -0.00901100039 -0.077463001
  endloop
 endfacet

 facet normal 0.755257845 0.374087065 -0.538186312
  outer loop
  vertex -0.00313000008 -0.0140589997 -0.0765890032
  vertex -0.00557699986 -0.0121600004 -0.0787030011
  vertex -0.0055829999 -0.00904900022 -0.076549001
  endloop
 endfacet

 facet normal 0.366613269 0.469759405 -0.803069592
  outer loop
  vertex -0.00652599987 -0.00901100039 -0.077463001
  vertex -0.00677999994 -0.0125310002 -0.0796379969
  vertex -0.00849699974 -0.0102199996 -0.0790700018
  endloop
 endfacet

 facet normal 0.272295922 -0.934529305 -0.229150161
  outer loop
  vertex -0.00477200001 -0.0306700002 -0.0730639994
  vertex 0.000979000004 -0.0317840017 -0.0616870001
  vertex -0.00328100007 -0.0337920003 -0.0585599989
  endloop
 endfacet

 facet normal 0.351858795 0.229412109 -0.907505035
  outer loop
  vertex -0.00803500041 -0.0140199997 -0.0805009976
  vertex -0.00677999994 -0.0125310002 -0.0796379969
  vertex -0.00659300014 -0.0167379994 -0.0806289986
  endloop
 endfacet

 facet normal -0.121614836 0.155048013 -0.980392814
  outer loop
  vertex -0.0101960003 -0.013673 -0.0803880021
  vertex -0.00895700045 -0.0169440005 -0.0810590014
  vertex -0.0112429997 -0.0164860003 -0.0807029977
  endloop
 endfacet

 facet normal -0.680132389 0.168931141 -0.713359833
  outer loop
  vertex -0.012329 -0.0128589999 -0.0793429986
  vertex -0.0143630002 -0.0162509996 -0.0782070011
  vertex -0.0146399997 -0.0131350001 -0.0772050023
  endloop
 endfacet

 facet normal -0.741215587 0.14487806 -0.655446291
  outer loop
  vertex -0.0146399997 -0.0131350001 -0.0772050023
  vertex -0.0143630002 -0.0162509996 -0.0782070011
  vertex -0.0209439993 -0.0199570004 -0.0715840012
  endloop
 endfacet

 facet normal -0.199829787 -0.85506928 -0.478460848
  outer loop
  vertex -0.0113779996 -0.0310910009 -0.0735609978
  vertex -0.0129920002 -0.029964 -0.0749009997
  vertex -0.0108759999 -0.0306979995 -0.0744730011
  endloop
 endfacet

 facet normal -0.275671691 -0.873048723 -0.402232647
  outer loop
  vertex -0.0113779996 -0.0310910009 -0.0735609978
  vertex -0.0209410004 -0.0329030007 -0.0630740002
  vertex -0.0129920002 -0.029964 -0.0749009997
  endloop
 endfacet

 facet normal 0.0859829932 -0.931290388 -0.353984505
  outer loop
  vertex -0.0108759999 -0.0306979995 -0.0744730011
  vertex -0.00477200001 -0.0306700002 -0.0730639994
  vertex -0.0113779996 -0.0310910009 -0.0735609978
  endloop
 endfacet

 facet normal 0.902746797 0.128810361 -0.410434037
  outer loop
  vertex 0.000964000006 -0.0150650004 -0.067900002
  vertex -4.89999984e-05 -0.0213450007 -0.0720990002
  vertex -0.00313000008 -0.0140589997 -0.0765890032
  endloop
 endfacet

 facet normal 0.46152553 0.441975892 -0.769188881
  outer loop
  vertex -0.00652599987 -0.00901100039 -0.077463001
  vertex -0.00557699986 -0.0121600004 -0.0787030011
  vertex -0.00677999994 -0.0125310002 -0.0796379969
  endloop
 endfacet

 facet normal 0.557540119 0.213740021 -0.80216223
  outer loop
  vertex -0.00659300014 -0.0167379994 -0.0806289986
  vertex -0.00677999994 -0.0125310002 -0.0796379969
  vertex -0.00557699986 -0.0121600004 -0.0787030011
  endloop
 endfacet

 facet normal 0.577793181 0.204221353 -0.790220678
  outer loop
  vertex -0.00659300014 -0.0167379994 -0.0806289986
  vertex -0.00557699986 -0.0121600004 -0.0787030011
  vertex -0.00520699983 -0.0168169998 -0.0796360001
  endloop
 endfacet

 facet normal -0.0202083047 0.19355914 -0.980880558
  outer loop
  vertex -0.00803500041 -0.0140199997 -0.0805009976
  vertex -0.00895700045 -0.0169440005 -0.0810590014
  vertex -0.0101960003 -0.013673 -0.0803880021
  endloop
 endfacet

 facet normal 0.166021258 0.134089381 -0.976963162
  outer loop
  vertex -0.00803500041 -0.0140199997 -0.0805009976
  vertex -0.00659300014 -0.0167379994 -0.0806289986
  vertex -0.00895700045 -0.0169440005 -0.0810590014
  endloop
 endfacet

 facet normal -0.577627182 0.129268423 -0.806000412
  outer loop
  vertex -0.012232 -0.0168399997 -0.0800509974
  vertex -0.012329 -0.0128589999 -0.0793429986
  vertex -0.0112429997 -0.0164860003 -0.0807029977
  endloop
 endfacet

 facet normal -0.630195856 0.121041484 -0.766943455
  outer loop
  vertex -0.012329 -0.0128589999 -0.0793429986
  vertex -0.012232 -0.0168399997 -0.0800509974
  vertex -0.0143630002 -0.0162509996 -0.0782070011
  endloop
 endfacet

 facet normal -0.159099817 -0.797780216 -0.581578851
  outer loop
  vertex -0.0108759999 -0.0306979995 -0.0744730011
  vertex -0.0129920002 -0.029964 -0.0749009997
  vertex -0.00999299996 -0.0290639997 -0.0769559965
  endloop
 endfacet

 facet normal 0.0563377589 -0.843103826 -0.534791708
  outer loop
  vertex -0.0108759999 -0.0306979995 -0.0744730011
  vertex -0.00999299996 -0.0290639997 -0.0769559965
  vertex -0.00615700008 -0.0293240007 -0.0761419982
  endloop
 endfacet

 facet normal 0.105150044 -0.892911434 -0.437781632
  outer loop
  vertex -0.0108759999 -0.0306979995 -0.0744730011
  vertex -0.00615700008 -0.0293240007 -0.0761419982
  vertex -0.00477200001 -0.0306700002 -0.0730639994
  endloop
 endfacet

 facet normal 0.421966165 -0.74552381 -0.515886486
  outer loop
  vertex -0.00477200001 -0.0306700002 -0.0730639994
  vertex -0.00615700008 -0.0293240007 -0.0761419982
  vertex -0.00293900003 -0.0292719994 -0.0735850036
  endloop
 endfacet

 facet normal 0.485568136 -0.637549222 -0.598125935
  outer loop
  vertex -0.00293900003 -0.0292719994 -0.0735850036
  vertex -0.00615700008 -0.0293240007 -0.0761419982
  vertex -0.004311 -0.0274030007 -0.0766910017
  endloop
 endfacet

 facet normal 0.693095207 -0.467890918 -0.54835856
  outer loop
  vertex -0.00293900003 -0.0292719994 -0.0735850036
  vertex -0.000935000018 -0.0271249991 -0.0728840008
  vertex -0.00118899997 -0.0279970001 -0.0724610016
  endloop
 endfacet

 facet normal 0.509316623 -0.792668581 -0.335072011
  outer loop
  vertex -0.00477200001 -0.0306700002 -0.0730639994
  vertex -0.00293900003 -0.0292719994 -0.0735850036
  vertex 0.000979000004 -0.0317840017 -0.0616870001
  endloop
 endfacet

 facet normal 0.689255595 -0.62889415 -0.359748393
  outer loop
  vertex 0.000979000004 -0.0317840017 -0.0616870001
  vertex -0.00293900003 -0.0292719994 -0.0735850036
  vertex -0.00118899997 -0.0279970001 -0.0724610016
  endloop
 endfacet

 facet normal 0.844233155 -0.429368138 -0.320801467
  outer loop
  vertex 0.000979000004 -0.0317840017 -0.0616870001
  vertex -0.00118899997 -0.0279970001 -0.0724610016
  vertex 0.000319999992 -0.0268559996 -0.0700170025
  endloop
 endfacet

 facet normal 0.187980756 -0.123239145 -0.974410295
  outer loop
  vertex -0.00895700045 -0.0169440005 -0.0810590014
  vertex -0.00659300014 -0.0167379994 -0.0806289986
  vertex -0.00833799969 -0.0225939993 -0.0802249983
  endloop
 endfacet

 facet normal -0.0657833964 -0.152762219 -0.98607111
  outer loop
  vertex -0.00895700045 -0.0169440005 -0.0810590014
  vertex -0.00833799969 -0.0225939993 -0.0802249983
  vertex -0.00987100042 -0.0247029997 -0.0797960013
  endloop
 endfacet

 facet normal -0.179246634 -0.137456581 -0.974154174
  outer loop
  vertex -0.00895700045 -0.0169440005 -0.0810590014
  vertex -0.00987100042 -0.0247029997 -0.0797960013
  vertex -0.0112429997 -0.0164860003 -0.0807029977
  endloop
 endfacet

 facet normal -0.419253647 -0.774201453 -0.474171489
  outer loop
  vertex -0.0129920002 -0.029964 -0.0749009997
  vertex -0.0209410004 -0.0329030007 -0.0630740002
  vertex -0.0151610002 -0.0291520003 -0.0743089989
  endloop
 endfacet

 facet normal -0.416272521 -0.643940806 -0.64191699
  outer loop
  vertex -0.0129920002 -0.029964 -0.0749009997
  vertex -0.0151610002 -0.0291520003 -0.0743089989
  vertex -0.0120280003 -0.028105 -0.0773909986
  endloop
 endfacet

 facet normal -0.213417441 -0.74144125 -0.636174381
  outer loop
  vertex -0.0129920002 -0.029964 -0.0749009997
  vertex -0.0120280003 -0.028105 -0.0773909986
  vertex -0.00999299996 -0.0290639997 -0.0769559965
  endloop
 endfacet

 facet normal 0.8770051 0.0787640959 -0.473981321
  outer loop
  vertex -4.89999984e-05 -0.0213450007 -0.0720990002
  vertex -0.00269800005 -0.0188330002 -0.076582998
  vertex -0.00313000008 -0.0140589997 -0.0765890032
  endloop
 endfacet

 facet normal 0.793122053 0.0710088313 -0.604909301
  outer loop
  vertex -0.00269800005 -0.0188330002 -0.076582998
  vertex -0.00520699983 -0.0168169998 -0.0796360001
  vertex -0.00313000008 -0.0140589997 -0.0765890032
  endloop
 endfacet

 facet normal 0.722265124 0.190580487 -0.664839983
  outer loop
  vertex -0.00313000008 -0.0140589997 -0.0765890032
  vertex -0.00520699983 -0.0168169998 -0.0796360001
  vertex -0.00557699986 -0.0121600004 -0.0787030011
  endloop
 endfacet

 facet normal 0.17117542 -0.655185461 -0.735819995
  outer loop
  vertex -0.00615700008 -0.0293240007 -0.0761419982
  vertex -0.00902100001 -0.0278890003 -0.0780860037
  vertex -0.00636400003 -0.0273150001 -0.0779789984
  endloop
 endfacet

 facet normal 0.409882635 -0.592158496 -0.693790078
  outer loop
  vertex -0.00615700008 -0.0293240007 -0.0761419982
  vertex -0.00636400003 -0.0273150001 -0.0779789984
  vertex -0.004311 -0.0274030007 -0.0766910017
  endloop
 endfacet

 facet normal 0.683851898 -0.451056659 -0.573493361
  outer loop
  vertex -0.000935000018 -0.0271249991 -0.0728840008
  vertex -0.00293900003 -0.0292719994 -0.0735850036
  vertex -0.004311 -0.0274030007 -0.0766910017
  endloop
 endfacet

 facet normal 0.493754566 -0.142101139 -0.857912481
  outer loop
  vertex -0.00659300014 -0.0167379994 -0.0806289986
  vertex -0.00547200022 -0.0248269998 -0.078644
  vertex -0.0067090001 -0.0234379992 -0.0795859993
  endloop
 endfacet

 facet normal 0.291655511 -0.152059466 -0.944359541
  outer loop
  vertex -0.00833799969 -0.0225939993 -0.0802249983
  vertex -0.00659300014 -0.0167379994 -0.0806289986
  vertex -0.0067090001 -0.0234379992 -0.0795859993
  endloop
 endfacet

 facet normal -0.662330627 -0.0577021353 -0.746986389
  outer loop
  vertex -0.012232 -0.0168399997 -0.0800509974
  vertex -0.0135949999 -0.0197069999 -0.0786210001
  vertex -0.0143630002 -0.0162509996 -0.0782070011
  endloop
 endfacet

 facet normal -0.384569645 -0.16447331 -0.908325315
  outer loop
  vertex -0.0112429997 -0.0164860003 -0.0807029977
  vertex -0.00987100042 -0.0247029997 -0.0797960013
  vertex -0.0118150003 -0.0244100001 -0.0790259987
  endloop
 endfacet

 facet normal -0.508570194 -0.142980859 -0.849065959
  outer loop
  vertex -0.0112429997 -0.0164860003 -0.0807029977
  vertex -0.0118150003 -0.0244100001 -0.0790259987
  vertex -0.012232 -0.0168399997 -0.0800509974
  endloop
 endfacet

 facet normal -0.688888907 -0.0666211545 -0.721799016
  outer loop
  vertex -0.0143630002 -0.0162509996 -0.0782070011
  vertex -0.0135949999 -0.0197069999 -0.0786210001
  vertex -0.0209439993 -0.0199570004 -0.0715840012
  endloop
 endfacet

 facet normal -0.681577861 -0.146202654 -0.716991186
  outer loop
  vertex -0.0209439993 -0.0199570004 -0.0715840012
  vertex -0.0135949999 -0.0197069999 -0.0786210001
  vertex -0.0154590001 -0.0273429994 -0.0752919987
  endloop
 endfacet

 facet normal -0.534254372 -0.469858468 -0.702712834
  outer loop
  vertex -0.0151610002 -0.0291520003 -0.0743089989
  vertex -0.0154590001 -0.0273429994 -0.0752919987
  vertex -0.0120280003 -0.028105 -0.0773909986
  endloop
 endfacet

 facet normal -0.132107168 -0.628150165 -0.766795337
  outer loop
  vertex -0.00999299996 -0.0290639997 -0.0769559965
  vertex -0.0120280003 -0.028105 -0.0773909986
  vertex -0.00902100001 -0.0278890003 -0.0780860037
  endloop
 endfacet

 facet normal 0.0943063125 -0.729510486 -0.677436948
  outer loop
  vertex -0.00999299996 -0.0290639997 -0.0769559965
  vertex -0.00902100001 -0.0278890003 -0.0780860037
  vertex -0.00615700008 -0.0293240007 -0.0761419982
  endloop
 endfacet

 facet normal 0.961816669 -0.00339603517 -0.273673654
  outer loop
  vertex 0.000964000006 -0.0150650004 -0.067900002
  vertex 0.000951999973 -0.0224929992 -0.0678500012
  vertex 0.000319999992 -0.0268559996 -0.0700170025
  endloop
 endfacet

 facet normal 0.976913631 -0.0150960656 -0.213100895
  outer loop
  vertex 0.000964000006 -0.0150650004 -0.067900002
  vertex 0.000319999992 -0.0268559996 -0.0700170025
  vertex -4.89999984e-05 -0.0213450007 -0.0720990002
  endloop
 endfacet

 facet normal 0.4791134 -0.382883847 -0.78984195
  outer loop
  vertex -0.004311 -0.0274030007 -0.0766910017
  vertex -0.00636400003 -0.0273150001 -0.0779789984
  vertex -0.00547200022 -0.0248269998 -0.078644
  endloop
 endfacet

 facet normal 0.849372625 -0.409145445 -0.333415836
  outer loop
  vertex 0.000319999992 -0.0268559996 -0.0700170025
  vertex -0.00118899997 -0.0279970001 -0.0724610016
  vertex -0.000935000018 -0.0271249991 -0.0728840008
  endloop
 endfacet

 facet normal 0.573736608 -0.119333081 -0.810299814
  outer loop
  vertex -0.00520699983 -0.0168169998 -0.0796360001
  vertex -0.00547200022 -0.0248269998 -0.078644
  vertex -0.00659300014 -0.0167379994 -0.0806289986
  endloop
 endfacet

 facet normal -0.559434533 -0.141403556 -0.816724002
  outer loop
  vertex -0.0118150003 -0.0244100001 -0.0790259987
  vertex -0.0135949999 -0.0197069999 -0.0786210001
  vertex -0.012232 -0.0168399997 -0.0800509974
  endloop
 endfacet

 facet normal -0.698958457 -0.488218993 -0.522589207
  outer loop
  vertex -0.0209410004 -0.0329030007 -0.0630740002
  vertex -0.020939 -0.0253359992 -0.0701460019
  vertex -0.0151610002 -0.0291520003 -0.0743089989
  endloop
 endfacet

 facet normal -0.545261502 -0.312715709 -0.777752399
  outer loop
  vertex -0.0120280003 -0.028105 -0.0773909986
  vertex -0.0154590001 -0.0273429994 -0.0752919987
  vertex -0.0118150003 -0.0244100001 -0.0790259987
  endloop
 endfacet

 facet normal -0.390048087 -0.353699356 -0.850152493
  outer loop
  vertex -0.0118150003 -0.0244100001 -0.0790259987
  vertex -0.00987100042 -0.0247029997 -0.0797960013
  vertex -0.0120280003 -0.028105 -0.0773909986
  endloop
 endfacet

 facet normal 0.98875159 -0.0806705132 -0.125946149
  outer loop
  vertex 0.000319999992 -0.0268559996 -0.0700170025
  vertex 0.000951999973 -0.0224929992 -0.0678500012
  vertex 0.000979000004 -0.0317840017 -0.0616870001
  endloop
 endfacet

 facet normal 0.915574968 -0.0870231017 -0.392618835
  outer loop
  vertex -4.89999984e-05 -0.0213450007 -0.0720990002
  vertex 0.000319999992 -0.0268559996 -0.0700170025
  vertex -0.000935000018 -0.0271249991 -0.0728840008
  endloop
 endfacet

 facet normal 0.845155001 -0.0573758557 -0.531432927
  outer loop
  vertex -0.00269800005 -0.0188330002 -0.076582998
  vertex -4.89999984e-05 -0.0213450007 -0.0720990002
  vertex -0.000935000018 -0.0271249991 -0.0728840008
  endloop
 endfacet

 facet normal 0.740866303 -0.086608924 -0.66604507
  outer loop
  vertex -0.00269800005 -0.0188330002 -0.076582998
  vertex -0.00301199988 -0.0258639995 -0.0760179982
  vertex -0.00520699983 -0.0168169998 -0.0796360001
  endloop
 endfacet

 facet normal 0.148105994 -0.52990514 -0.835024118
  outer loop
  vertex -0.00636400003 -0.0273150001 -0.0779789984
  vertex -0.00902100001 -0.0278890003 -0.0780860037
  vertex -0.00794799998 -0.0256430004 -0.079320997
  endloop
 endfacet

 facet normal 0.71635896 -0.337629616 -0.610603154
  outer loop
  vertex -0.004311 -0.0274030007 -0.0766910017
  vertex -0.00301199988 -0.0258639995 -0.0760179982
  vertex -0.000935000018 -0.0271249991 -0.0728840008
  endloop
 endfacet

 facet normal 0.657915771 -0.243711725 -0.712566853
  outer loop
  vertex -0.004311 -0.0274030007 -0.0766910017
  vertex -0.00547200022 -0.0248269998 -0.078644
  vertex -0.00301199988 -0.0258639995 -0.0760179982
  endloop
 endfacet

 facet normal 0.703256071 -0.110247299 -0.702336431
  outer loop
  vertex -0.00520699983 -0.0168169998 -0.0796360001
  vertex -0.00301199988 -0.0258639995 -0.0760179982
  vertex -0.00547200022 -0.0248269998 -0.078644
  endloop
 endfacet

 facet normal 0.342178941 -0.299316704 -0.890686929
  outer loop
  vertex -0.0067090001 -0.0234379992 -0.0795859993
  vertex -0.00547200022 -0.0248269998 -0.078644
  vertex -0.00794799998 -0.0256430004 -0.079320997
  endloop
 endfacet

 facet normal 0.239915982 -0.247622833 -0.938681722
  outer loop
  vertex -0.0067090001 -0.0234379992 -0.0795859993
  vertex -0.00794799998 -0.0256430004 -0.079320997
  vertex -0.00833799969 -0.0225939993 -0.0802249983
  endloop
 endfacet

 facet normal -0.707770288 -0.183064073 -0.682311356
  outer loop
  vertex -0.0209439993 -0.0199570004 -0.0715840012
  vertex -0.0154590001 -0.0273429994 -0.0752919987
  vertex -0.020939 -0.0253359992 -0.0701460019
  endloop
 endfacet

 facet normal -0.697072804 -0.427582592 -0.575554252
  outer loop
  vertex -0.0151610002 -0.0291520003 -0.0743089989
  vertex -0.020939 -0.0253359992 -0.0701460019
  vertex -0.0154590001 -0.0273429994 -0.0752919987
  endloop
 endfacet

 facet normal 0.10421633 -0.270435482 -0.957080781
  outer loop
  vertex -0.00987100042 -0.0247029997 -0.0797960013
  vertex -0.00833799969 -0.0225939993 -0.0802249983
  vertex -0.00794799998 -0.0256430004 -0.079320997
  endloop
 endfacet

 facet normal -0.0155193936 -0.476065814 -0.879272699
  outer loop
  vertex -0.00987100042 -0.0247029997 -0.0797960013
  vertex -0.00794799998 -0.0256430004 -0.079320997
  vertex -0.00902100001 -0.0278890003 -0.0780860037
  endloop
 endfacet

 facet normal -0.160823211 -0.499723732 -0.851124048
  outer loop
  vertex -0.00987100042 -0.0247029997 -0.0797960013
  vertex -0.00902100001 -0.0278890003 -0.0780860037
  vertex -0.0120280003 -0.028105 -0.0773909986
  endloop
 endfacet

 facet normal 0.815118968 -0.0824795216 -0.573391855
  outer loop
  vertex -0.000935000018 -0.0271249991 -0.0728840008
  vertex -0.00301199988 -0.0258639995 -0.0760179982
  vertex -0.00269800005 -0.0188330002 -0.076582998
  endloop
 endfacet

 facet normal 0.354185462 -0.357909322 -0.863975465
  outer loop
  vertex -0.00636400003 -0.0273150001 -0.0779789984
  vertex -0.00794799998 -0.0256430004 -0.079320997
  vertex -0.00547200022 -0.0248269998 -0.078644
  endloop
 endfacet

 facet normal -0.632686853 -0.174487159 -0.754494309
  outer loop
  vertex -0.0154590001 -0.0273429994 -0.0752919987
  vertex -0.0135949999 -0.0197069999 -0.0786210001
  vertex -0.0118150003 -0.0244100001 -0.0790259987
  endloop
 endfacet

 facet normal -0.000240158173 -3.36229459e-05 0.99999994
  outer loop
  vertex 0.000954999996 -0.00274399994 -0.0542239994
  vertex 0.000953999988 -0.0325409994 -0.0542250015
  vertex 0.00903800037 -0.030785 -0.054223001
  endloop
 endfacet

 facet normal 0.000108009372 6.67386194e-05 1
  outer loop
  vertex 0.000954999996 -0.00274399994 -0.0542239994
  vertex 0.00903800037 -0.030785 -0.054223001
  vertex 0.0168299992 -0.0284359995 -0.0542239994
  endloop
 endfacet

 facet normal 0.00225922139 0.00139596534 0.999996424
  outer loop
  vertex 0.000954999996 -0.00274399994 -0.0542239994
  vertex 0.0168299992 -0.0284359995 -0.0542239994
  vertex 0.0173540004 -0.0278510004 -0.0542259999
  endloop
 endfacet

 facet normal -9.58996461e-05 -0.000142316436 1
  outer loop
  vertex 0.000954999996 -0.00274399994 -0.0542239994
  vertex 0.0173540004 -0.0278510004 -0.0542259999
  vertex 0.0197020005 -0.0224179998 -0.0542250015
  endloop
 endfacet

 facet normal -3.85714338e-05 -8.76894337e-05 1
  outer loop
  vertex 0.000954999996 -0.00274399994 -0.0542239994
  vertex 0.0197020005 -0.0224179998 -0.0542250015
  vertex 0.0183240008 -0.0103839999 -0.0542239994
  endloop
 endfacet

 facet normal 0 0 1
  outer loop
  vertex 0.000954999996 -0.00274399994 -0.0542239994
  vertex 0.0183240008 -0.0103839999 -0.0542239994
  vertex 0.0157450009 -0.00597500009 -0.0542239994
  endloop
 endfacet

 facet normal 0.000343162392 0.00157083641 0.999998748
  outer loop
  vertex 0.000954999996 -0.00274399994 -0.0542239994
  vertex 0.0157450009 -0.00597500009 -0.0542239994
  vertex 0.0111769997 -0.00306800008 -0.0542269982
  endloop
 endfacet

 facet normal -0.000149612257 -0.013975 0.999902368
  outer loop
  vertex 0.000954999996 -0.00274399994 -0.0542239994
  vertex 0.0111769997 -0.00306800008 -0.0542269982
  vertex 0.0101089999 -0.00284199999 -0.0542239994
  endloop
 endfacet

 facet normal 0.0105763208 0.987914264 0.154640362
  outer loop
  vertex 0.000954999996 -0.00274399994 -0.0542239994
  vertex 0.0101089999 -0.00284199999 -0.0542239994
  vertex 0.00913500041 -0.001422 -0.0632290021
  endloop
 endfacet

 facet normal -0.116267227 0.990894258 -0.0679012984
  outer loop
  vertex 0.00913500041 -0.001422 -0.0632290021
  vertex 0.0089159999 -0.00153999997 -0.064576
  vertex 0.0074649998 -0.00172299996 -0.0647620037
  endloop
 endfacet

 facet normal -0.169283912 0.98552537 -0.00909252185
  outer loop
  vertex 0.00913500041 -0.001422 -0.0632290021
  vertex 0.0074649998 -0.00172299996 -0.0647620037
  vertex 0.000954999996 -0.00274399994 -0.0542239994
  endloop
 endfacet

 facet normal -0.343192875 0.931337118 -0.121777385
  outer loop
  vertex 0.000954999996 -0.00274399994 -0.0542239994
  vertex 0.0074649998 -0.00172299996 -0.0647620037
  vertex 0.00653599994 -0.00214300002 -0.0653560013
  endloop
 endfacet

 facet normal -0.999959469 0.00815561507 -0.00379560236
  outer loop
  vertex 0.000954999996 -0.00274399994 -0.0542239994
  vertex 0.000959000026 -0.0034109999 -0.0567109995
  vertex 0.000956000003 -0.00467099994 -0.0586280003
  endloop
 endfacet

 facet normal -0.999999285 -0.00115386036 0.000277811458
  outer loop
  vertex 0.000954999996 -0.00274399994 -0.0542239994
  vertex 0.000956000003 -0.00467099994 -0.0586280003
  vertex 0.000960999983 -0.0103540001 -0.0642340034
  endloop
 endfacet

 facet normal -0.999942422 0.00824698247 -0.00686904602
  outer loop
  vertex 0.000954999996 -0.00274399994 -0.0542239994
  vertex 0.000960999983 -0.0103540001 -0.0642340034
  vertex 0.000945999986 -0.0153120002 -0.0680029988
  endloop
 endfacet

 facet normal -0.999998987 -0.000656680611 0.00125213491
  outer loop
  vertex 0.000954999996 -0.00274399994 -0.0542239994
  vertex 0.000945999986 -0.0153120002 -0.0680029988
  vertex 0.000951000024 -0.0225600004 -0.0678109974
  endloop
 endfacet

 facet normal -0.999999642 -0.000326508976 0.000770595041
  outer loop
  vertex 0.000954999996 -0.00274399994 -0.0542239994
  vertex 0.000951000024 -0.0225600004 -0.0678109974
  vertex 0.000956000003 -0.0293700006 -0.0642080009
  endloop
 endfacet

 facet normal -0.999999166 0.000415931107 -0.00120939373
  outer loop
  vertex 0.000954999996 -0.00274399994 -0.0542239994
  vertex 0.000956000003 -0.0293700006 -0.0642080009
  vertex 0.000951999973 -0.0317759998 -0.0617280006
  endloop
 endfacet

 facet normal -0.99999994 -2.43874947e-05 0.00049414183
  outer loop
  vertex 0.000954999996 -0.00274399994 -0.0542239994
  vertex 0.000951999973 -0.0317759998 -0.0617280006
  vertex 0.000953999988 -0.0327779986 -0.0577300005
  endloop
 endfacet

 facet normal -1 3.35607619e-05 -2.26928205e-06
  outer loop
  vertex 0.000954999996 -0.00274399994 -0.0542239994
  vertex 0.000953999988 -0.0327779986 -0.0577300005
  vertex 0.000953999988 -0.0325409994 -0.0542250015
  endloop
 endfacet

 facet normal 0.204056606 0.970140934 0.13110067
  outer loop
  vertex 0.00913500041 -0.001422 -0.0632290021
  vertex 0.0111769997 -0.00306800008 -0.0542269982
  vertex 0.0110290004 -0.00174199999 -0.063809
  endloop
 endfacet

 facet normal 0.205601528 0.969868779 0.130700439
  outer loop
  vertex 0.00913500041 -0.001422 -0.0632290021
  vertex 0.0101089999 -0.00284199999 -0.0542239994
  vertex 0.0111769997 -0.00306800008 -0.0542269982
  endloop
 endfacet

 facet normal 0.133378997 0.985164285 -0.107987851
  outer loop
  vertex 0.00913500041 -0.001422 -0.0632290021
  vertex 0.0110290004 -0.00174199999 -0.063809
  vertex 0.0089159999 -0.00153999997 -0.064576
  endloop
 endfacet

 facet normal -0.528493285 0.819747329 -0.220701784
  outer loop
  vertex 0.000954999996 -0.00274399994 -0.0542239994
  vertex 0.00653599994 -0.00214300002 -0.0653560013
  vertex 0.000959000026 -0.0034109999 -0.0567109995
  endloop
 endfacet

 facet normal 0.163770974 0.966715157 -0.196573243
  outer loop
  vertex 0.0089159999 -0.00153999997 -0.064576
  vertex 0.0110290004 -0.00174199999 -0.063809
  vertex 0.0100570004 -0.00233600009 -0.0675399974
  endloop
 endfacet

 facet normal -0.0683828667 0.956611574 -0.283228248
  outer loop
  vertex 0.0089159999 -0.00153999997 -0.064576
  vertex 0.0100570004 -0.00233600009 -0.0675399974
  vertex 0.00773000019 -0.00236999989 -0.0670929998
  endloop
 endfacet

 facet normal -0.0854459926 0.957501352 -0.275481611
  outer loop
  vertex 0.0089159999 -0.00153999997 -0.064576
  vertex 0.00773000019 -0.00236999989 -0.0670929998
  vertex 0.0074649998 -0.00172299996 -0.0647620037
  endloop
 endfacet

 facet normal -0.237747416 0.928640723 -0.28478536
  outer loop
  vertex 0.0074649998 -0.00172299996 -0.0647620037
  vertex 0.00773000019 -0.00236999989 -0.0670929998
  vertex 0.00653599994 -0.00214300002 -0.0653560013
  endloop
 endfacet

 facet normal 0.211791515 -0.975088298 0.0659329817
  outer loop
  vertex 0.00903800037 -0.030785 -0.054223001
  vertex 0.000953999988 -0.0325409994 -0.0542250015
  vertex 0.000953999988 -0.0327779986 -0.0577300005
  endloop
 endfacet

 facet normal 0.533706605 0.838767052 0.107828945
  outer loop
  vertex 0.0110290004 -0.00174199999 -0.063809
  vertex 0.0111769997 -0.00306800008 -0.0542269982
  vertex 0.0157450009 -0.00597500009 -0.0542239994
  endloop
 endfacet

 facet normal 0.491194099 0.854197741 -0.170512572
  outer loop
  vertex 0.0110290004 -0.00174199999 -0.063809
  vertex 0.0123960003 -0.00319200009 -0.0671349987
  vertex 0.0112589998 -0.00242600008 -0.0665730014
  endloop
 endfacet

 facet normal 0.242945611 0.946156859 -0.213926822
  outer loop
  vertex 0.0100570004 -0.00233600009 -0.0675399974
  vertex 0.0110290004 -0.00174199999 -0.063809
  vertex 0.0112589998 -0.00242600008 -0.0665730014
  endloop
 endfacet

 facet normal -0.235586733 0.885478199 -0.400533646
  outer loop
  vertex 0.00773000019 -0.00236999989 -0.0670929998
  vertex 0.00777499983 -0.00359200011 -0.0698210001
  vertex 0.00672500022 -0.00364700006 -0.069325
  endloop
 endfacet

 facet normal -0.339217424 0.874202669 -0.347420871
  outer loop
  vertex 0.00653599994 -0.00214300002 -0.0653560013
  vertex 0.00773000019 -0.00236999989 -0.0670929998
  vertex 0.00672500022 -0.00364700006 -0.069325
  endloop
 endfacet

 facet normal -0.443170011 0.831074893 -0.336028278
  outer loop
  vertex 0.00653599994 -0.00214300002 -0.0653560013
  vertex 0.00672500022 -0.00364700006 -0.069325
  vertex 0.00573999994 -0.00373800006 -0.0682509989
  endloop
 endfacet

 facet normal -0.582875073 0.768730819 -0.263266951
  outer loop
  vertex 0.00573999994 -0.00373800006 -0.0682509989
  vertex 0.000959000026 -0.0034109999 -0.0567109995
  vertex 0.00653599994 -0.00214300002 -0.0653560013
  endloop
 endfacet

 facet normal 0.618415236 0.784713387 0.0422790721
  outer loop
  vertex 0.0110290004 -0.00174199999 -0.063809
  vertex 0.0157450009 -0.00597500009 -0.0542239994
  vertex 0.0145880003 -0.00450900011 -0.0645100027
  endloop
 endfacet

 facet normal 0.59822917 0.794972599 -0.100700907
  outer loop
  vertex 0.0145880003 -0.00450900011 -0.0645100027
  vertex 0.0123960003 -0.00319200009 -0.0671349987
  vertex 0.0110290004 -0.00174199999 -0.063809
  endloop
 endfacet

 facet normal 0.402344733 0.848826528 -0.34294647
  outer loop
  vertex 0.0112589998 -0.00242600008 -0.0665730014
  vertex 0.0123960003 -0.00319200009 -0.0671349987
  vertex 0.0108110001 -0.00323299994 -0.069095999
  endloop
 endfacet

 facet normal 0.339746892 0.876629472 -0.34072417
  outer loop
  vertex 0.0112589998 -0.00242600008 -0.0665730014
  vertex 0.0108110001 -0.00323299994 -0.069095999
  vertex 0.0100570004 -0.00233600009 -0.0675399974
  endloop
 endfacet

 facet normal 0.0151295606 0.86940825 -0.493862838
  outer loop
  vertex 0.0100570004 -0.00233600009 -0.0675399974
  vertex 0.0108110001 -0.00323299994 -0.069095999
  vertex 0.00777499983 -0.00359200011 -0.0698210001
  endloop
 endfacet

 facet normal -0.0917091817 0.908210039 -0.408343017
  outer loop
  vertex 0.0100570004 -0.00233600009 -0.0675399974
  vertex 0.00777499983 -0.00359200011 -0.0698210001
  vertex 0.00773000019 -0.00236999989 -0.0670929998
  endloop
 endfacet

 facet normal 0.438010752 0.818778038 -0.371145755
  outer loop
  vertex 0.0108110001 -0.00323299994 -0.069095999
  vertex 0.0123960003 -0.00319200009 -0.0671349987
  vertex 0.0122959996 -0.00473499997 -0.0706569999
  endloop
 endfacet

 facet normal 0.201061144 0.794421136 -0.573122561
  outer loop
  vertex 0.0108110001 -0.00323299994 -0.069095999
  vertex 0.0122959996 -0.00473499997 -0.0706569999
  vertex 0.0099729998 -0.0048179999 -0.0715869963
  endloop
 endfacet

 facet normal 0.0307281911 0.838576674 -0.543916345
  outer loop
  vertex 0.00777499983 -0.00359200011 -0.0698210001
  vertex 0.0108110001 -0.00323299994 -0.069095999
  vertex 0.0099729998 -0.0048179999 -0.0715869963
  endloop
 endfacet

 facet normal -0.350005358 0.656578779 -0.668132246
  outer loop
  vertex 0.00777499983 -0.00359200011 -0.0698210001
  vertex 0.00785799976 -0.0073210001 -0.0735289976
  vertex 0.00672500022 -0.00364700006 -0.069325
  endloop
 endfacet

 facet normal -0.79673481 0.505581677 -0.331060261
  outer loop
  vertex 0.000959000026 -0.0034109999 -0.0567109995
  vertex 0.00358700007 -0.00732900016 -0.0690189973
  vertex 0.000956000003 -0.00467099994 -0.0586280003
  endloop
 endfacet

 facet normal -0.865978181 0.385956526 -0.317992657
  outer loop
  vertex 0.000956000003 -0.00467099994 -0.0586280003
  vertex 0.00358700007 -0.00732900016 -0.0690189973
  vertex 0.00318 -0.00807000045 -0.068810001
  endloop
 endfacet

 facet normal -0.77437079 0.536139607 -0.336012483
  outer loop
  vertex 0.00573999994 -0.00373800006 -0.0682509989
  vertex 0.00358700007 -0.00732900016 -0.0690189973
  vertex 0.000959000026 -0.0034109999 -0.0567109995
  endloop
 endfacet

 facet normal 0.205368102 -0.967132509 -0.149929211
  outer loop
  vertex 0.000953999988 -0.0327779986 -0.0577300005
  vertex 0.0146199996 -0.0282390006 -0.0682900026
  vertex 0.0159959998 -0.0286699999 -0.0636250004
  endloop
 endfacet

 facet normal 0.133072361 -0.961357117 -0.241006702
  outer loop
  vertex 0.000953999988 -0.0327779986 -0.0577300005
  vertex 0.000951999973 -0.0317759998 -0.0617280006
  vertex 0.0146199996 -0.0282390006 -0.0682900026
  endloop
 endfacet

 facet normal 0.251958907 -0.967237413 -0.031118609
  outer loop
  vertex 0.000953999988 -0.0327779986 -0.0577300005
  vertex 0.0159959998 -0.0286699999 -0.0636250004
  vertex 0.00903800037 -0.030785 -0.054223001
  endloop
 endfacet

 facet normal 0.78769201 0.592397928 -0.169133142
  outer loop
  vertex 0.0145880003 -0.00450900011 -0.0645100027
  vertex 0.0155920004 -0.00641100015 -0.0664959997
  vertex 0.0146080004 -0.00534699997 -0.0673519969
  endloop
 endfacet

 facet normal 0.672619998 0.711046278 -0.204927996
  outer loop
  vertex 0.0123960003 -0.00319200009 -0.0671349987
  vertex 0.0145880003 -0.00450900011 -0.0645100027
  vertex 0.0146080004 -0.00534699997 -0.0673519969
  endloop
 endfacet

 facet normal 0.846637845 0.531814396 -0.0194361974
  outer loop
  vertex 0.0157450009 -0.00597500009 -0.0542239994
  vertex 0.017585 -0.00926200021 -0.0640129969
  vertex 0.0145880003 -0.00450900011 -0.0645100027
  endloop
 endfacet

 facet normal 0.644200206 0.693683028 -0.32219559
  outer loop
  vertex 0.0123960003 -0.00319200009 -0.0671349987
  vertex 0.0146080004 -0.00534699997 -0.0673519969
  vertex 0.0122959996 -0.00473499997 -0.0706569999
  endloop
 endfacet

 facet normal 0.676259577 0.564218462 -0.473635435
  outer loop
  vertex 0.0122959996 -0.00473499997 -0.0706569999
  vertex 0.0157239996 -0.00860700011 -0.0703750029
  vertex 0.0135500003 -0.00774399983 -0.0724510029
  endloop
 endfacet

 facet normal -0.118440703 0.669226289 -0.733558476
  outer loop
  vertex 0.0099729998 -0.0048179999 -0.0715869963
  vertex 0.00942699984 -0.0067090001 -0.0732240006
  vertex 0.00785799976 -0.0073210001 -0.0735289976
  endloop
 endfacet

 facet normal -0.176348746 0.692079961 -0.699947476
  outer loop
  vertex 0.0099729998 -0.0048179999 -0.0715869963
  vertex 0.00785799976 -0.0073210001 -0.0735289976
  vertex 0.00777499983 -0.00359200011 -0.0698210001
  endloop
 endfacet

 facet normal -0.454532951 0.606394708 -0.652445674
  outer loop
  vertex 0.00785799976 -0.0073210001 -0.0735289976
  vertex 0.00586500019 -0.00683300011 -0.071686998
  vertex 0.00672500022 -0.00364700006 -0.069325
  endloop
 endfacet

 facet normal -0.631609142 0.564483345 -0.53144002
  outer loop
  vertex 0.00573999994 -0.00373800006 -0.0682509989
  vertex 0.00672500022 -0.00364700006 -0.069325
  vertex 0.00586500019 -0.00683300011 -0.071686998
  endloop
 endfacet

 facet normal -0.694103181 0.522139311 -0.495571822
  outer loop
  vertex 0.00573999994 -0.00373800006 -0.0682509989
  vertex 0.00586500019 -0.00683300011 -0.071686998
  vertex 0.00358700007 -0.00732900016 -0.0690189973
  endloop
 endfacet

 facet normal 0.847006977 0.526162386 -0.0757129714
  outer loop
  vertex 0.0155920004 -0.00641100015 -0.0664959997
  vertex 0.0145880003 -0.00450900011 -0.0645100027
  vertex 0.017585 -0.00926200021 -0.0640129969
  endloop
 endfacet

 facet normal 0.805526912 0.526993334 -0.270932615
  outer loop
  vertex 0.0146080004 -0.00534699997 -0.0673519969
  vertex 0.0155920004 -0.00641100015 -0.0664959997
  vertex 0.0157239996 -0.00860700011 -0.0703750029
  endloop
 endfacet

 facet normal 0.705322862 0.596554458 -0.382939309
  outer loop
  vertex 0.0122959996 -0.00473499997 -0.0706569999
  vertex 0.0146080004 -0.00534699997 -0.0673519969
  vertex 0.0157239996 -0.00860700011 -0.0703750029
  endloop
 endfacet

 facet normal 0.59484452 0.579833448 -0.556734443
  outer loop
  vertex 0.0122959996 -0.00473499997 -0.0706569999
  vertex 0.0135500003 -0.00774399983 -0.0724510029
  vertex 0.0122750001 -0.00696599996 -0.0730030015
  endloop
 endfacet

 facet normal 0.242996722 0.701838076 -0.669608772
  outer loop
  vertex 0.0099729998 -0.0048179999 -0.0715869963
  vertex 0.0122959996 -0.00473499997 -0.0706569999
  vertex 0.0122750001 -0.00696599996 -0.0730030015
  endloop
 endfacet

 facet normal 0.323148817 -0.928851783 -0.18113333
  outer loop
  vertex 0.0159959998 -0.0286699999 -0.0636250004
  vertex 0.0146199996 -0.0282390006 -0.0682900026
  vertex 0.0172860008 -0.028159 -0.063943997
  endloop
 endfacet

 facet normal 0.863151789 0.504891992 -0.00729199266
  outer loop
  vertex 0.0157450009 -0.00597500009 -0.0542239994
  vertex 0.0183240008 -0.0103839999 -0.0542239994
  vertex 0.017585 -0.00926200021 -0.0640129969
  endloop
 endfacet

 facet normal 0.489121705 0.447327495 -0.748771131
  outer loop
  vertex 0.0122750001 -0.00696599996 -0.0730030015
  vertex 0.01346 -0.0101079997 -0.0741060004
  vertex 0.0123429997 -0.0102089997 -0.0748960003
  endloop
 endfacet

 facet normal 0.116447747 0.630619943 -0.767305911
  outer loop
  vertex 0.0099729998 -0.0048179999 -0.0715869963
  vertex 0.0122750001 -0.00696599996 -0.0730030015
  vertex 0.00942699984 -0.0067090001 -0.0732240006
  endloop
 endfacet

 facet normal -0.583579481 0.361451387 -0.727178097
  outer loop
  vertex 0.00785799976 -0.0073210001 -0.0735289976
  vertex 0.00778499991 -0.0103519997 -0.074977003
  vertex 0.00586500019 -0.00683300011 -0.071686998
  endloop
 endfacet

 facet normal -0.746929586 0.332151264 -0.575996339
  outer loop
  vertex 0.00586500019 -0.00683300011 -0.071686998
  vertex 0.00433399994 -0.0105879996 -0.0718669966
  vertex 0.00358700007 -0.00732900016 -0.0690189973
  endloop
 endfacet

 facet normal -0.794891775 0.285614461 -0.535323679
  outer loop
  vertex 0.00318 -0.00807000045 -0.068810001
  vertex 0.00358700007 -0.00732900016 -0.0690189973
  vertex 0.00433399994 -0.0105879996 -0.0718669966
  endloop
 endfacet

 facet normal -0.846913457 0.206659973 -0.489927977
  outer loop
  vertex 0.00318 -0.00807000045 -0.068810001
  vertex 0.00433399994 -0.0105879996 -0.0718669966
  vertex 0.000945999986 -0.0153120002 -0.0680029988
  endloop
 endfacet

 facet normal -0.909791231 0.291081578 -0.295890957
  outer loop
  vertex 0.00318 -0.00807000045 -0.068810001
  vertex 0.000960999983 -0.0103540001 -0.0642340034
  vertex 0.000956000003 -0.00467099994 -0.0586280003
  endloop
 endfacet

 facet normal 0.100563519 -0.94812113 -0.301584989
  outer loop
  vertex 0.000951999973 -0.0317759998 -0.0617280006
  vertex 0.0100429999 -0.0279970001 -0.0705770031
  vertex 0.0146199996 -0.0282390006 -0.0682900026
  endloop
 endfacet

 facet normal 0.288632154 -0.957438409 -0.00177408417
  outer loop
  vertex 0.00903800037 -0.030785 -0.054223001
  vertex 0.0159959998 -0.0286699999 -0.0636250004
  vertex 0.0168299992 -0.0284359995 -0.0542239994
  endloop
 endfacet

 facet normal 0.872730374 0.454214931 -0.17897062
  outer loop
  vertex 0.0173300002 -0.00928900018 -0.0653249994
  vertex 0.0155920004 -0.00641100015 -0.0664959997
  vertex 0.017585 -0.00926200021 -0.0640129969
  endloop
 endfacet

 facet normal 0.872142315 0.437889308 -0.218221724
  outer loop
  vertex 0.0155920004 -0.00641100015 -0.0664959997
  vertex 0.0173300002 -0.00928900018 -0.0653249994
  vertex 0.0157239996 -0.00860700011 -0.0703750029
  endloop
 endfacet

 facet normal 0.90568465 0.348849624 -0.2409136
  outer loop
  vertex 0.0157239996 -0.00860700011 -0.0703750029
  vertex 0.0173300002 -0.00928900018 -0.0653249994
  vertex 0.0164359994 -0.00994099956 -0.069629997
  endloop
 endfacet

 facet normal 0.572892964 0.455316126 -0.681528389
  outer loop
  vertex 0.0135500003 -0.00774399983 -0.0724510029
  vertex 0.01346 -0.0101079997 -0.0741060004
  vertex 0.0122750001 -0.00696599996 -0.0730030015
  endloop
 endfacet

 facet normal 0.712861657 0.383788913 -0.586970508
  outer loop
  vertex 0.0157239996 -0.00860700011 -0.0703750029
  vertex 0.01346 -0.0101079997 -0.0741060004
  vertex 0.0135500003 -0.00774399983 -0.0724510029
  endloop
 endfacet

 facet normal -0.0177297778 0.482011378 -0.875985563
  outer loop
  vertex 0.00785799976 -0.0073210001 -0.0735289976
  vertex 0.00942699984 -0.0067090001 -0.0732240006
  vertex 0.00988600031 -0.0105539998 -0.0753490031
  endloop
 endfacet

 facet normal -0.117089428 0.430396557 -0.895013332
  outer loop
  vertex 0.00785799976 -0.0073210001 -0.0735289976
  vertex 0.00988600031 -0.0105539998 -0.0753490031
  vertex 0.00778499991 -0.0103519997 -0.074977003
  endloop
 endfacet

 facet normal -0.914625108 0.246424824 -0.320524365
  outer loop
  vertex 0.000945999986 -0.0153120002 -0.0680029988
  vertex 0.000960999983 -0.0103540001 -0.0642340034
  vertex 0.00318 -0.00807000045 -0.068810001
  endloop
 endfacet

 facet normal 0.222737953 -0.816794634 -0.532197595
  outer loop
  vertex 0.0146199996 -0.0282390006 -0.0682900026
  vertex 0.0100429999 -0.0279970001 -0.0705770031
  vertex 0.0156379994 -0.0272160005 -0.069434002
  endloop
 endfacet

 facet normal 0.480007946 -0.831667125 -0.279145479
  outer loop
  vertex 0.0172860008 -0.028159 -0.063943997
  vertex 0.0146199996 -0.0282390006 -0.0682900026
  vertex 0.0182780009 -0.0270370003 -0.0655810013
  endloop
 endfacet

 facet normal 0.602125585 -0.780131698 -0.169821739
  outer loop
  vertex 0.0172860008 -0.028159 -0.063943997
  vertex 0.0182780009 -0.0270370003 -0.0655810013
  vertex 0.0188870002 -0.0269220006 -0.0639500022
  endloop
 endfacet

 facet normal 0.366270036 -0.930461824 -0.00933310762
  outer loop
  vertex 0.0172860008 -0.028159 -0.063943997
  vertex 0.0168299992 -0.0284359995 -0.0542239994
  vertex 0.0159959998 -0.0286699999 -0.0636250004
  endloop
 endfacet

 facet normal 0.935193121 0.30015412 -0.187940344
  outer loop
  vertex 0.017585 -0.00926200021 -0.0640129969
  vertex 0.0201660004 -0.0177669991 -0.0647530034
  vertex 0.0173300002 -0.00928900018 -0.0653249994
  endloop
 endfacet

 facet normal 0.926067173 0.293804318 -0.236809686
  outer loop
  vertex 0.0173300002 -0.00928900018 -0.0653249994
  vertex 0.0201660004 -0.0177669991 -0.0647530034
  vertex 0.0164359994 -0.00994099956 -0.069629997
  endloop
 endfacet

 facet normal 0.885071456 0.254886538 -0.389462918
  outer loop
  vertex 0.0164359994 -0.00994099956 -0.069629997
  vertex 0.017004 -0.0139699997 -0.0709759966
  vertex 0.0157239996 -0.00860700011 -0.0703750029
  endloop
 endfacet

 facet normal 0.847990394 0.254491746 -0.464915395
  outer loop
  vertex 0.0157239996 -0.00860700011 -0.0703750029
  vertex 0.017004 -0.0139699997 -0.0709759966
  vertex 0.0158590004 -0.0128530003 -0.0724529997
  endloop
 endfacet

 facet normal 0.753181279 0.308327585 -0.581078351
  outer loop
  vertex 0.0157239996 -0.00860700011 -0.0703750029
  vertex 0.0158590004 -0.0128530003 -0.0724529997
  vertex 0.01346 -0.0101079997 -0.0741060004
  endloop
 endfacet

 facet normal 0.529473066 0.312659532 -0.788607955
  outer loop
  vertex 0.01346 -0.0101079997 -0.0741060004
  vertex 0.013061 -0.0114930002 -0.0749230012
  vertex 0.0123429997 -0.0102089997 -0.0748960003
  endloop
 endfacet

 facet normal 0.280089647 0.17646639 -0.943615079
  outer loop
  vertex 0.0123429997 -0.0102089997 -0.0748960003
  vertex 0.013061 -0.0114930002 -0.0749230012
  vertex 0.0116060004 -0.0149640003 -0.0760039985
  endloop
 endfacet

 facet normal 0.150031015 0.202253982 -0.967772782
  outer loop
  vertex 0.0123429997 -0.0102089997 -0.0748960003
  vertex 0.0116060004 -0.0149640003 -0.0760039985
  vertex 0.00988600031 -0.0105539998 -0.0753490031
  endloop
 endfacet

 facet normal 0.0877623931 0.503545821 -0.859499454
  outer loop
  vertex 0.0122750001 -0.00696599996 -0.0730030015
  vertex 0.0123429997 -0.0102089997 -0.0748960003
  vertex 0.00988600031 -0.0105539998 -0.0753490031
  endloop
 endfacet

 facet normal 0.111346111 0.490850776 -0.864099264
  outer loop
  vertex 0.0122750001 -0.00696599996 -0.0730030015
  vertex 0.00988600031 -0.0105539998 -0.0753490031
  vertex 0.00942699984 -0.0067090001 -0.0732240006
  endloop
 endfacet

 facet normal -0.65010649 0.298557609 -0.698730946
  outer loop
  vertex 0.00586500019 -0.00683300011 -0.071686998
  vertex 0.00778499991 -0.0103519997 -0.074977003
  vertex 0.00433399994 -0.0105879996 -0.0718669966
  endloop
 endfacet

 facet normal -0.157296643 0.158916578 -0.974681199
  outer loop
  vertex 0.00778499991 -0.0103519997 -0.074977003
  vertex 0.00988600031 -0.0105539998 -0.0753490031
  vertex 0.0100459997 -0.0150140002 -0.0761020035
  endloop
 endfacet

 facet normal -0.800133109 0.0886037797 -0.593242228
  outer loop
  vertex 0.00433399994 -0.0105879996 -0.0718669966
  vertex 0.00488799997 -0.0125350002 -0.0729049966
  vertex 0.000945999986 -0.0153120002 -0.0680029988
  endloop
 endfacet

 facet normal -0.788291812 0.0345708132 -0.614329696
  outer loop
  vertex 0.000945999986 -0.0153120002 -0.0680029988
  vertex 0.00488799997 -0.0125350002 -0.0729049966
  vertex 0.00510000018 -0.0141160004 -0.0732659996
  endloop
 endfacet

 facet normal -0.192535385 -0.815359235 -0.546003163
  outer loop
  vertex 0.000951999973 -0.0317759998 -0.0617280006
  vertex 0.00784900039 -0.0269719996 -0.071333997
  vertex 0.0100429999 -0.0279970001 -0.0705770031
  endloop
 endfacet

 facet normal -0.495241851 -0.55717957 -0.666548133
  outer loop
  vertex 0.000956000003 -0.0293700006 -0.0642080009
  vertex 0.00478099985 -0.0253539998 -0.0704070032
  vertex 0.00784900039 -0.0269719996 -0.071333997
  endloop
 endfacet

 facet normal -0.425878644 -0.64904815 -0.630368054
  outer loop
  vertex 0.000956000003 -0.0293700006 -0.0642080009
  vertex 0.00784900039 -0.0269719996 -0.071333997
  vertex 0.000951999973 -0.0317759998 -0.0617280006
  endloop
 endfacet

 facet normal 0.221605688 -0.823690534 -0.521943271
  outer loop
  vertex 0.0100429999 -0.0279970001 -0.0705770031
  vertex 0.010981 -0.0271489993 -0.0715169981
  vertex 0.0156379994 -0.0272160005 -0.069434002
  endloop
 endfacet

 facet normal 0.255378664 -0.7617172 -0.595456719
  outer loop
  vertex 0.0156379994 -0.0272160005 -0.069434002
  vertex 0.010981 -0.0271489993 -0.0715169981
  vertex 0.0137120001 -0.0252999999 -0.0727109984
  endloop
 endfacet

 facet normal 0.514122486 -0.522952974 -0.679851651
  outer loop
  vertex 0.0137120001 -0.0252999999 -0.0727109984
  vertex 0.0146599999 -0.0242640004 -0.0727910027
  vertex 0.0161370002 -0.0258799996 -0.0704310015
  endloop
 endfacet

 facet normal 0.441904396 -0.636662126 -0.63196671
  outer loop
  vertex 0.0137120001 -0.0252999999 -0.0727109984
  vertex 0.0161370002 -0.0258799996 -0.0704310015
  vertex 0.0156379994 -0.0272160005 -0.069434002
  endloop
 endfacet

 facet normal 0.612124324 -0.689371705 -0.387389362
  outer loop
  vertex 0.0156379994 -0.0272160005 -0.069434002
  vertex 0.0188759994 -0.0258210003 -0.0667999983
  vertex 0.0182780009 -0.0270370003 -0.0655810013
  endloop
 endfacet

 facet normal 0.489562899 -0.819699049 -0.297357947
  outer loop
  vertex 0.0146199996 -0.0282390006 -0.0682900026
  vertex 0.0156379994 -0.0272160005 -0.069434002
  vertex 0.0182780009 -0.0270370003 -0.0655810013
  endloop
 endfacet

 facet normal 0.611408114 -0.791291654 0.00613330351
  outer loop
  vertex 0.0172860008 -0.028159 -0.063943997
  vertex 0.0188870002 -0.0269220006 -0.0639500022
  vertex 0.0168299992 -0.0284359995 -0.0542239994
  endloop
 endfacet

 facet normal 0.947213054 0.297785342 -0.118791603
  outer loop
  vertex 0.017585 -0.00926200021 -0.0640129969
  vertex 0.0201709997 -0.0173780005 -0.0637380034
  vertex 0.0201660004 -0.0177669991 -0.0647530034
  endloop
 endfacet

 facet normal 0.7201249 0.236567229 -0.652269959
  outer loop
  vertex 0.01346 -0.0101079997 -0.0741060004
  vertex 0.0158590004 -0.0128530003 -0.0724529997
  vertex 0.0147700002 -0.01449 -0.0742489994
  endloop
 endfacet

 facet normal -0.281562746 0.0938852727 -0.954938769
  outer loop
  vertex 0.0100459997 -0.0150140002 -0.0761020035
  vertex 0.00912700035 -0.0155119998 -0.0758799985
  vertex 0.00778499991 -0.0103519997 -0.074977003
  endloop
 endfacet

 facet normal -0.452536821 0.0382166356 -0.89092648
  outer loop
  vertex 0.00912700035 -0.0155119998 -0.0758799985
  vertex 0.00719599985 -0.015718 -0.0749080032
  vertex 0.00778499991 -0.0103519997 -0.074977003
  endloop
 endfacet

 facet normal -0.589701056 0.0543672405 -0.805789649
  outer loop
  vertex 0.00778499991 -0.0103519997 -0.074977003
  vertex 0.00719599985 -0.015718 -0.0749080032
  vertex 0.00510000018 -0.0141160004 -0.0732659996
  endloop
 endfacet

 facet normal -0.624739289 0.0932455361 -0.775245845
  outer loop
  vertex 0.00778499991 -0.0103519997 -0.074977003
  vertex 0.00510000018 -0.0141160004 -0.0732659996
  vertex 0.00488799997 -0.0125350002 -0.0729049966
  endloop
 endfacet

 facet normal -0.663840413 0.195901319 -0.72176075
  outer loop
  vertex 0.00778499991 -0.0103519997 -0.074977003
  vertex 0.00488799997 -0.0125350002 -0.0729049966
  vertex 0.00433399994 -0.0105879996 -0.0718669966
  endloop
 endfacet

 facet normal -0.782957971 -0.017012924 -0.621842086
  outer loop
  vertex 0.00510000018 -0.0141160004 -0.0732659996
  vertex 0.000951000024 -0.0225600004 -0.0678109974
  vertex 0.000945999986 -0.0153120002 -0.0680029988
  endloop
 endfacet

 facet normal -0.117469281 -0.740299881 -0.661934376
  outer loop
  vertex 0.00784900039 -0.0269719996 -0.071333997
  vertex 0.0101450002 -0.0259199999 -0.0729179978
  vertex 0.0100429999 -0.0279970001 -0.0705770031
  endloop
 endfacet

 facet normal 0.0116852038 -0.748226881 -0.663339972
  outer loop
  vertex 0.0100429999 -0.0279970001 -0.0705770031
  vertex 0.0101450002 -0.0259199999 -0.0729179978
  vertex 0.010981 -0.0271489993 -0.0715169981
  endloop
 endfacet

 facet normal 0.161146373 -0.692257762 -0.703428149
  outer loop
  vertex 0.010981 -0.0271489993 -0.0715169981
  vertex 0.0101450002 -0.0259199999 -0.0729179978
  vertex 0.0137120001 -0.0252999999 -0.0727109984
  endloop
 endfacet

 facet normal 0.35037145 -0.38649404 -0.85314846
  outer loop
  vertex 0.0137120001 -0.0252999999 -0.0727109984
  vertex 0.0122800004 -0.0241059996 -0.0738399997
  vertex 0.0146599999 -0.0242640004 -0.0727910027
  endloop
 endfacet

 facet normal 0.538775444 -0.498918802 -0.678823411
  outer loop
  vertex 0.0146599999 -0.0242640004 -0.0727910027
  vertex 0.0163049996 -0.0247380007 -0.0711370036
  vertex 0.0161370002 -0.0258799996 -0.0704310015
  endloop
 endfacet

 facet normal 0.674655795 -0.542902827 -0.500096202
  outer loop
  vertex 0.0161370002 -0.0258799996 -0.0704310015
  vertex 0.0179280005 -0.0247450005 -0.0692469999
  vertex 0.0188759994 -0.0258210003 -0.0667999983
  endloop
 endfacet

 facet normal 0.64514941 -0.596900761 -0.476961046
  outer loop
  vertex 0.0161370002 -0.0258799996 -0.0704310015
  vertex 0.0188759994 -0.0258210003 -0.0667999983
  vertex 0.0156379994 -0.0272160005 -0.069434002
  endloop
 endfacet

 facet normal 0.754976988 -0.610708356 -0.238840804
  outer loop
  vertex 0.0182780009 -0.0270370003 -0.0655810013
  vertex 0.0188759994 -0.0258210003 -0.0667999983
  vertex 0.0188870002 -0.0269220006 -0.0639500022
  endloop
 endfacet

 facet normal 0.74389267 -0.666143477 0.0536342934
  outer loop
  vertex 0.0188870002 -0.0269220006 -0.0639500022
  vertex 0.0173540004 -0.0278510004 -0.0542259999
  vertex 0.0168299992 -0.0284359995 -0.0542239994
  endloop
 endfacet

 facet normal 0.952505112 0.302233875 -0.0372658893
  outer loop
  vertex 0.0183240008 -0.0103839999 -0.0542239994
  vertex 0.0201709997 -0.0173780005 -0.0637380034
  vertex 0.017585 -0.00926200021 -0.0640129969
  endloop
 endfacet

 facet normal 0.816945434 0.0827220231 -0.570751548
  outer loop
  vertex 0.017004 -0.0139699997 -0.0709759966
  vertex 0.0147700002 -0.01449 -0.0742489994
  vertex 0.0158590004 -0.0128530003 -0.0724529997
  endloop
 endfacet

 facet normal 0.82021451 0.0582036749 -0.569087505
  outer loop
  vertex 0.017004 -0.0139699997 -0.0709759966
  vertex 0.0185279995 -0.0179740004 -0.0691889971
  vertex 0.0147700002 -0.01449 -0.0742489994
  endloop
 endfacet

 facet normal 0.671029747 0.223672569 -0.706887305
  outer loop
  vertex 0.01346 -0.0101079997 -0.0741060004
  vertex 0.0147700002 -0.01449 -0.0742489994
  vertex 0.013061 -0.0114930002 -0.0749230012
  endloop
 endfacet

 facet normal 0.361870587 0.135552973 -0.922320485
  outer loop
  vertex 0.013061 -0.0114930002 -0.0749230012
  vertex 0.0138090001 -0.0147010004 -0.0751010031
  vertex 0.0116060004 -0.0149640003 -0.0760039985
  endloop
 endfacet

 facet normal 0.0564368144 0.168180957 -0.984139204
  outer loop
  vertex 0.00988600031 -0.0105539998 -0.0753490031
  vertex 0.0116060004 -0.0149640003 -0.0760039985
  vertex 0.0100459997 -0.0150140002 -0.0761020035
  endloop
 endfacet

 facet normal -0.431046814 -0.154311329 -0.889037013
  outer loop
  vertex 0.00912700035 -0.0155119998 -0.0758799985
  vertex 0.00863900036 -0.0175480004 -0.0752900019
  vertex 0.00719599985 -0.015718 -0.0749080032
  endloop
 endfacet

 facet normal -0.631684899 -0.0325930715 -0.774539828
  outer loop
  vertex 0.00719599985 -0.015718 -0.0749080032
  vertex 0.00646100007 -0.0162780005 -0.0742850006
  vertex 0.00510000018 -0.0141160004 -0.0732659996
  endloop
 endfacet

 facet normal -0.701712787 -0.109959446 -0.703923404
  outer loop
  vertex 0.00510000018 -0.0141160004 -0.0732659996
  vertex 0.00646100007 -0.0162780005 -0.0742850006
  vertex 0.000951000024 -0.0225600004 -0.0678109974
  endloop
 endfacet

 facet normal -0.308492392 -0.523032129 -0.794524968
  outer loop
  vertex 0.00784900039 -0.0269719996 -0.071333997
  vertex 0.00885100011 -0.0236620009 -0.0739020035
  vertex 0.0101450002 -0.0259199999 -0.0729179978
  endloop
 endfacet

 facet normal -0.192407668 -0.48261565 -0.854436338
  outer loop
  vertex 0.0101450002 -0.0259199999 -0.0729179978
  vertex 0.00885100011 -0.0236620009 -0.0739020035
  vertex 0.0105400002 -0.0241299998 -0.0740180016
  endloop
 endfacet

 facet normal -0.467086911 -0.449396014 -0.761493981
  outer loop
  vertex 0.00478099985 -0.0253539998 -0.0704070032
  vertex 0.00885100011 -0.0236620009 -0.0739020035
  vertex 0.00784900039 -0.0269719996 -0.071333997
  endloop
 endfacet

 facet normal 0.147370428 -0.580483854 -0.800824821
  outer loop
  vertex 0.0137120001 -0.0252999999 -0.0727109984
  vertex 0.0101450002 -0.0259199999 -0.0729179978
  vertex 0.0122800004 -0.0241059996 -0.0738399997
  endloop
 endfacet

 facet normal 0.346650004 -0.32698378 -0.879156053
  outer loop
  vertex 0.0122800004 -0.0241059996 -0.0738399997
  vertex 0.0120649999 -0.0213709995 -0.0749420002
  vertex 0.0145990001 -0.0218679998 -0.0737579986
  endloop
 endfacet

 facet normal 0.360043615 -0.341260612 -0.868279815
  outer loop
  vertex 0.0122800004 -0.0241059996 -0.0738399997
  vertex 0.0145990001 -0.0218679998 -0.0737579986
  vertex 0.0146599999 -0.0242640004 -0.0727910027
  endloop
 endfacet

 facet normal 0.62464869 -0.319149703 -0.712711334
  outer loop
  vertex 0.0146599999 -0.0242640004 -0.0727910027
  vertex 0.0156539995 -0.0225530006 -0.0726860017
  vertex 0.0163049996 -0.0247380007 -0.0711370036
  endloop
 endfacet

 facet normal 0.6736601 -0.457782984 -0.580186963
  outer loop
  vertex 0.0161370002 -0.0258799996 -0.0704310015
  vertex 0.0163049996 -0.0247380007 -0.0711370036
  vertex 0.0179280005 -0.0247450005 -0.0692469999
  endloop
 endfacet

 facet normal 0.750779688 -0.141404524 -0.645239949
  outer loop
  vertex 0.0179280005 -0.0247450005 -0.0692469999
  vertex 0.0163049996 -0.0247380007 -0.0711370036
  vertex 0.0186379999 -0.0234849993 -0.0686969981
  endloop
 endfacet

 facet normal 0.827376544 -0.245774373 -0.505017877
  outer loop
  vertex 0.0179280005 -0.0247450005 -0.0692469999
  vertex 0.0186379999 -0.0234849993 -0.0686969981
  vertex 0.0191179998 -0.0244520009 -0.0674400032
  endloop
 endfacet

 facet normal 0.895829439 -0.308083802 -0.320271641
  outer loop
  vertex 0.0188759994 -0.0258210003 -0.0667999983
  vertex 0.0191179998 -0.0244520009 -0.0674400032
  vertex 0.0201730002 -0.023294 -0.0656030029
  endloop
 endfacet

 facet normal 0.901952505 -0.332295716 -0.275791973
  outer loop
  vertex 0.0188759994 -0.0258210003 -0.0667999983
  vertex 0.0201730002 -0.023294 -0.0656030029
  vertex 0.0202229992 -0.0248290002 -0.0635899976
  endloop
 endfacet

 facet normal 0.804320037 -0.362341434 -0.47093302
  outer loop
  vertex 0.0188759994 -0.0258210003 -0.0667999983
  vertex 0.0179280005 -0.0247450005 -0.0692469999
  vertex 0.0191179998 -0.0244520009 -0.0674400032
  endloop
 endfacet

 facet normal 0.841357172 -0.503066778 -0.19759053
  outer loop
  vertex 0.0188759994 -0.0258210003 -0.0667999983
  vertex 0.0202229992 -0.0248290002 -0.0635899976
  vertex 0.0188870002 -0.0269220006 -0.0639500022
  endloop
 endfacet

 facet normal 0.83401531 -0.546009898 0.07931941
  outer loop
  vertex 0.0188870002 -0.0269220006 -0.0639500022
  vertex 0.0202229992 -0.0248290002 -0.0635899976
  vertex 0.0173540004 -0.0278510004 -0.0542259999
  endloop
 endfacet

 facet normal 0.907346427 -0.392159164 0.151438624
  outer loop
  vertex 0.0202229992 -0.0248290002 -0.0635899976
  vertex 0.0197020005 -0.0224179998 -0.0542250015
  vertex 0.0173540004 -0.0278510004 -0.0542259999
  endloop
 endfacet

 facet normal 0.986971319 0.113007426 0.114529893
  outer loop
  vertex 0.0183240008 -0.0103839999 -0.0542239994
  vertex 0.0197020005 -0.0224179998 -0.0542250015
  vertex 0.0206780005 -0.0225859992 -0.0624700002
  endloop
 endfacet

 facet normal 0.987318277 0.121106803 0.102643967
  outer loop
  vertex 0.0183240008 -0.0103839999 -0.0542239994
  vertex 0.0206780005 -0.0225859992 -0.0624700002
  vertex 0.0201709997 -0.0173780005 -0.0637380034
  endloop
 endfacet

 facet normal 0.916867495 0.236656591 -0.321477205
  outer loop
  vertex 0.017004 -0.0139699997 -0.0709759966
  vertex 0.0164359994 -0.00994099956 -0.069629997
  vertex 0.0201660004 -0.0177669991 -0.0647530034
  endloop
 endfacet

 facet normal 0.917304635 0.193934351 -0.347766668
  outer loop
  vertex 0.017004 -0.0139699997 -0.0709759966
  vertex 0.0201660004 -0.0177669991 -0.0647530034
  vertex 0.0185279995 -0.0179740004 -0.0691889971
  endloop
 endfacet

 facet normal 0.628050268 0.188335374 -0.755038142
  outer loop
  vertex 0.0147700002 -0.01449 -0.0742489994
  vertex 0.0138090001 -0.0147010004 -0.0751010031
  vertex 0.013061 -0.0114930002 -0.0749230012
  endloop
 endfacet

 facet normal 0.379315466 -0.000455428555 -0.925267339
  outer loop
  vertex 0.0138090001 -0.0147010004 -0.0751010031
  vertex 0.0130829997 -0.0159820002 -0.0753979981
  vertex 0.0116060004 -0.0149640003 -0.0760039985
  endloop
 endfacet

 facet normal -0.538246751 -0.203431815 -0.817866743
  outer loop
  vertex 0.00719599985 -0.015718 -0.0749080032
  vertex 0.00791599974 -0.0223629996 -0.073729001
  vertex 0.00646100007 -0.0162780005 -0.0742850006
  endloop
 endfacet

 facet normal -0.644317985 -0.196526691 -0.739074826
  outer loop
  vertex 0.00646100007 -0.0162780005 -0.0742850006
  vertex 0.00478099985 -0.0253539998 -0.0704070032
  vertex 0.000951000024 -0.0225600004 -0.0678109974
  endloop
 endfacet

 facet normal 0.0932212621 -0.536138952 -0.838966489
  outer loop
  vertex 0.0105400002 -0.0241299998 -0.0740180016
  vertex 0.0122800004 -0.0241059996 -0.0738399997
  vertex 0.0101450002 -0.0259199999 -0.0729179978
  endloop
 endfacet

 facet normal -0.685094953 -0.341057807 -0.643680394
  outer loop
  vertex 0.000956000003 -0.0293700006 -0.0642080009
  vertex 0.000951000024 -0.0225600004 -0.0678109974
  vertex 0.00478099985 -0.0253539998 -0.0704070032
  endloop
 endfacet

 facet normal -0.60627532 -0.214928091 -0.765660644
  outer loop
  vertex 0.00478099985 -0.0253539998 -0.0704070032
  vertex 0.00646100007 -0.0162780005 -0.0742850006
  vertex 0.00791599974 -0.0223629996 -0.073729001
  endloop
 endfacet

 facet normal 0.582034528 -0.291546315 -0.759102523
  outer loop
  vertex 0.0146599999 -0.0242640004 -0.0727910027
  vertex 0.0145990001 -0.0218679998 -0.0737579986
  vertex 0.0156539995 -0.0225530006 -0.0726860017
  endloop
 endfacet

 facet normal 0.758372724 -0.211210057 -0.616653204
  outer loop
  vertex 0.0163049996 -0.0247380007 -0.0711370036
  vertex 0.0156539995 -0.0225530006 -0.0726860017
  vertex 0.0186379999 -0.0234849993 -0.0686969981
  endloop
 endfacet

 facet normal 0.959871292 -0.254034311 0.118800752
  outer loop
  vertex 0.0206780005 -0.0225859992 -0.0624700002
  vertex 0.0197020005 -0.0224179998 -0.0542250015
  vertex 0.0202229992 -0.0248290002 -0.0635899976
  endloop
 endfacet

 facet normal 0.995418429 0.0875420719 -0.0384533703
  outer loop
  vertex 0.0201660004 -0.0177669991 -0.0647530034
  vertex 0.0201709997 -0.0173780005 -0.0637380034
  vertex 0.0206780005 -0.0225859992 -0.0624700002
  endloop
 endfacet

 facet normal 0.935851812 0.0547225848 -0.348118991
  outer loop
  vertex 0.0185279995 -0.0179740004 -0.0691889971
  vertex 0.0201660004 -0.0177669991 -0.0647530034
  vertex 0.0201730002 -0.023294 -0.0656030029
  endloop
 endfacet

 facet normal 0.669928253 -0.0647466332 -0.739597201
  outer loop
  vertex 0.0138090001 -0.0147010004 -0.0751010031
  vertex 0.0147700002 -0.01449 -0.0742489994
  vertex 0.0145990001 -0.0218679998 -0.0737579986
  endloop
 endfacet

 facet normal 0.294588834 -0.135691002 -0.945941567
  outer loop
  vertex 0.0116060004 -0.0149640003 -0.0760039985
  vertex 0.0130829997 -0.0159820002 -0.0753979981
  vertex 0.0120649999 -0.0213709995 -0.0749420002
  endloop
 endfacet

 facet normal 0.066966489 -0.158486634 -0.985087574
  outer loop
  vertex 0.0100459997 -0.0150140002 -0.0761020035
  vertex 0.0116060004 -0.0149640003 -0.0760039985
  vertex 0.0120649999 -0.0213709995 -0.0749420002
  endloop
 endfacet

 facet normal 0.0120069599 -0.175807565 -0.984351337
  outer loop
  vertex 0.0100459997 -0.0150140002 -0.0761020035
  vertex 0.0120649999 -0.0213709995 -0.0749420002
  vertex 0.0104799997 -0.0216920003 -0.0749040022
  endloop
 endfacet

 facet normal -0.135767296 -0.183483034 -0.973602176
  outer loop
  vertex 0.0100459997 -0.0150140002 -0.0761020035
  vertex 0.0104799997 -0.0216920003 -0.0749040022
  vertex 0.00912700035 -0.0155119998 -0.0758799985
  endloop
 endfacet

 facet normal -0.483401388 -0.203444287 -0.851430357
  outer loop
  vertex 0.00719599985 -0.015718 -0.0749080032
  vertex 0.00863900036 -0.0175480004 -0.0752900019
  vertex 0.00791599974 -0.0223629996 -0.073729001
  endloop
 endfacet

 facet normal -0.454767317 -0.212135598 -0.864977002
  outer loop
  vertex 0.00791599974 -0.0223629996 -0.073729001
  vertex 0.00863900036 -0.0175480004 -0.0752900019
  vertex 0.00885100011 -0.0236620009 -0.0739020035
  endloop
 endfacet

 facet normal -0.550346196 -0.291952193 -0.782229483
  outer loop
  vertex 0.00885100011 -0.0236620009 -0.0739020035
  vertex 0.00478099985 -0.0253539998 -0.0704070032
  vertex 0.00791599974 -0.0223629996 -0.073729001
  endloop
 endfacet

 facet normal -0.302999467 -0.220958456 -0.927021444
  outer loop
  vertex 0.00885100011 -0.0236620009 -0.0739020035
  vertex 0.00863900036 -0.0175480004 -0.0752900019
  vertex 0.0104799997 -0.0216920003 -0.0749040022
  endloop
 endfacet

 facet normal -0.158053562 -0.340698123 -0.926792264
  outer loop
  vertex 0.00885100011 -0.0236620009 -0.0739020035
  vertex 0.0104799997 -0.0216920003 -0.0749040022
  vertex 0.0105400002 -0.0241299998 -0.0740180016
  endloop
 endfacet

 facet normal 0.0997255668 -0.365110964 -0.925607204
  outer loop
  vertex 0.0122800004 -0.0241059996 -0.0738399997
  vertex 0.0105400002 -0.0241299998 -0.0740180016
  vertex 0.0120649999 -0.0213709995 -0.0749420002
  endloop
 endfacet

 facet normal 0.393968463 -0.151136294 -0.906612813
  outer loop
  vertex 0.0120649999 -0.0213709995 -0.0749420002
  vertex 0.0130829997 -0.0159820002 -0.0753979981
  vertex 0.0145990001 -0.0218679998 -0.0737579986
  endloop
 endfacet

 facet normal 0.690543354 -0.0639507398 -0.720458329
  outer loop
  vertex 0.0156539995 -0.0225530006 -0.0726860017
  vertex 0.0145990001 -0.0218679998 -0.0737579986
  vertex 0.0147700002 -0.01449 -0.0742489994
  endloop
 endfacet

 facet normal 0.795880735 -0.0380595773 -0.604256153
  outer loop
  vertex 0.0186379999 -0.0234849993 -0.0686969981
  vertex 0.0156539995 -0.0225530006 -0.0726860017
  vertex 0.0185279995 -0.0179740004 -0.0691889971
  endloop
 endfacet

 facet normal 0.892042756 -0.122648261 -0.434991002
  outer loop
  vertex 0.0186379999 -0.0234849993 -0.0686969981
  vertex 0.0201730002 -0.023294 -0.0656030029
  vertex 0.0191179998 -0.0244520009 -0.0674400032
  endloop
 endfacet

 facet normal 0.982505262 -0.135519311 -0.127742559
  outer loop
  vertex 0.0202229992 -0.0248290002 -0.0635899976
  vertex 0.0201730002 -0.023294 -0.0656030029
  vertex 0.0206780005 -0.0225859992 -0.0624700002
  endloop
 endfacet

 facet normal 0.985945106 0.0266142711 -0.1649362
  outer loop
  vertex 0.0206780005 -0.0225859992 -0.0624700002
  vertex 0.0201730002 -0.023294 -0.0656030029
  vertex 0.0201660004 -0.0177669991 -0.0647530034
  endloop
 endfacet

 facet normal 0.896134019 -0.0216848608 -0.443253487
  outer loop
  vertex 0.0185279995 -0.0179740004 -0.0691889971
  vertex 0.0201730002 -0.023294 -0.0656030029
  vertex 0.0186379999 -0.0234849993 -0.0686969981
  endloop
 endfacet

 facet normal 0.523815989 -0.100762777 -0.845850885
  outer loop
  vertex 0.0138090001 -0.0147010004 -0.0751010031
  vertex 0.0145990001 -0.0218679998 -0.0737579986
  vertex 0.0130829997 -0.0159820002 -0.0753979981
  endloop
 endfacet

 facet normal 0.0463787429 -0.340181679 -0.939215362
  outer loop
  vertex 0.0120649999 -0.0213709995 -0.0749420002
  vertex 0.0105400002 -0.0241299998 -0.0740180016
  vertex 0.0104799997 -0.0216920003 -0.0749040022
  endloop
 endfacet

 facet normal -0.270287693 -0.207646206 -0.940121055
  outer loop
  vertex 0.0104799997 -0.0216920003 -0.0749040022
  vertex 0.00863900036 -0.0175480004 -0.0752900019
  vertex 0.00912700035 -0.0155119998 -0.0758799985
  endloop
 endfacet

 facet normal 0.791951776 -0.0313773081 -0.609776914
  outer loop
  vertex 0.0185279995 -0.0179740004 -0.0691889971
  vertex 0.0156539995 -0.0225530006 -0.0726860017
  vertex 0.0147700002 -0.01449 -0.0742489994
  endloop
 endfacet

 facet normal 0.000787035096 -0.00127386767 0.999998927
  outer loop
  vertex -0.0526029989 -0.000609999988 -0.0509269983
  vertex -0.0570859984 -0.00259599998 -0.0509259999
  vertex -0.0600359999 -0.0059890002 -0.0509280004
  endloop
 endfacet

 facet normal 0.00124856271 -0.00191163167 0.999997377
  outer loop
  vertex -0.0526029989 -0.000609999988 -0.0509269983
  vertex -0.0600359999 -0.0059890002 -0.0509280004
  vertex -0.0619300008 -0.0114099998 -0.0509359986
  endloop
 endfacet

 facet normal -0.00486601004 0.00336899469 0.999982476
  outer loop
  vertex -0.0526029989 -0.000609999988 -0.0509269983
  vertex -0.0619300008 -0.0114099998 -0.0509359986
  vertex -0.0622050017 -0.0147749996 -0.0509259999
  endloop
 endfacet

 facet normal 0.00446766382 -0.00295800669 0.999985635
  outer loop
  vertex -0.0526029989 -0.000609999988 -0.0509269983
  vertex -0.0622050017 -0.0147749996 -0.0509259999
  vertex -0.0617620014 -0.0212050006 -0.0509469993
  endloop
 endfacet

 facet normal -0.00610343274 0.00174317404 0.999979913
  outer loop
  vertex -0.0526029989 -0.000609999988 -0.0509269983
  vertex -0.0617620014 -0.0212050006 -0.0509469993
  vertex -0.0602310002 -0.0250230003 -0.0509309992
  endloop
 endfacet

 facet normal 0.000376439129 -0.000281507353 0.99999994
  outer loop
  vertex -0.0526029989 -0.000609999988 -0.0509269983
  vertex -0.0602310002 -0.0250230003 -0.0509309992
  vertex -0.0567249991 -0.0274410006 -0.0509329997
  endloop
 endfacet

 facet normal -0.00096561684 -7.53295462e-05 0.999999523
  outer loop
  vertex -0.0526029989 -0.000609999988 -0.0509269983
  vertex -0.0567249991 -0.0274410006 -0.0509329997
  vertex -0.0514129996 -0.0291670002 -0.0509280004
  endloop
 endfacet

 facet normal -6.74355033e-06 -3.53723408e-05 1
  outer loop
  vertex -0.0526029989 -0.000609999988 -0.0509269983
  vertex -0.0514129996 -0.0291670002 -0.0509280004
  vertex -0.040403001 -0.0312660001 -0.0509280004
  endloop
 endfacet

 facet normal 8.2139617e-05 0 1
  outer loop
  vertex -0.0526029989 -0.000609999988 -0.0509269983
  vertex -0.040403001 -0.0312660001 -0.0509280004
  vertex -0.040403001 -0.00067899999 -0.0509280004
  endloop
 endfacet

 facet normal 0.00563925132 0.995749354 0.0919319093
  outer loop
  vertex -0.0491660014 0.000581 -0.064038001
  vertex -0.0526029989 -0.000609999988 -0.0509269983
  vertex -0.040403001 -0.00067899999 -0.0509280004
  endloop
 endfacet

 facet normal -0.109873794 0.992052555 0.0613148026
  outer loop
  vertex -0.0491660014 0.000581 -0.064038001
  vertex -0.0509740002 0.000308999995 -0.0628769994
  vertex -0.0526029989 -0.000609999988 -0.0509269983
  endloop
 endfacet

 facet normal 0.539672971 0.81951952 -0.192719728
  outer loop
  vertex -0.040403001 -0.00067899999 -0.0509280004
  vertex -0.0404019989 -0.00143499998 -0.0541400015
  vertex -0.0454679988 -4.70000014e-05 -0.0624240004
  endloop
 endfacet

 facet normal 0.177620783 0.98380208 -0.0241723992
  outer loop
  vertex -0.040403001 -0.00067899999 -0.0509280004
  vertex -0.0454679988 -4.70000014e-05 -0.0624240004
  vertex -0.0491660014 0.000581 -0.064038001
  endloop
 endfacet

 facet normal 0.999999702 0 0.000811060308
  outer loop
  vertex -0.040403001 -0.00067899999 -0.0509280004
  vertex -0.040403001 -0.0312660001 -0.0509280004
  vertex -0.0403949991 -0.0315969996 -0.0607939996
  endloop
 endfacet

 facet normal 0.999984384 0.00193487597 -0.0052524535
  outer loop
  vertex -0.040403001 -0.00067899999 -0.0509280004
  vertex -0.0403949991 -0.0315969996 -0.0607939996
  vertex -0.040403001 -0.0308519993 -0.062043
  endloop
 endfacet

 facet normal 1 0 0
  outer loop
  vertex -0.040403001 -0.00067899999 -0.0509280004
  vertex -0.040403001 -0.0308519993 -0.062043
  vertex -0.040403001 -0.0237980001 -0.0680989996
  endloop
 endfacet

 facet normal 0.999986172 -0.00313575729 0.0042219772
  outer loop
  vertex -0.040403001 -0.00067899999 -0.0509280004
  vertex -0.040403001 -0.0237980001 -0.0680989996
  vertex -0.0403879993 -0.0204249993 -0.0691469982
  endloop
 endfacet

 facet normal 0.999997497 0.00187068898 -0.00120406807
  outer loop
  vertex -0.040403001 -0.00067899999 -0.0509280004
  vertex -0.0403879993 -0.0204249993 -0.0691469982
  vertex -0.0404059999 -0.00441499986 -0.059223
  endloop
 endfacet

 facet normal 0.999994516 -0.00313224527 0.00104921346
  outer loop
  vertex -0.040403001 -0.00067899999 -0.0509280004
  vertex -0.0404059999 -0.00441499986 -0.059223
  vertex -0.0404019989 -0.00143499998 -0.0541400015
  endloop
 endfacet

 facet normal -0.200790271 0.976024449 -0.0840222538
  outer loop
  vertex -0.0491660014 0.000581 -0.064038001
  vertex -0.0500850007 0.000226999997 -0.0659539998
  vertex -0.0509740002 0.000308999995 -0.0628769994
  endloop
 endfacet

 facet normal 0.55217886 0.808845758 -0.202156037
  outer loop
  vertex -0.0404019989 -0.00143499998 -0.0541400015
  vertex -0.0453869998 -0.00118300004 -0.0667480007
  vertex -0.0454679988 -4.70000014e-05 -0.0624240004
  endloop
 endfacet

 facet normal 0.514289379 0.831787348 -0.208893046
  outer loop
  vertex -0.0454679988 -4.70000014e-05 -0.0624240004
  vertex -0.0453869998 -0.00118300004 -0.0667480007
  vertex -0.0471189991 -0.000197000001 -0.0670860037
  endloop
 endfacet

 facet normal 0.211311907 0.971643329 -0.106096566
  outer loop
  vertex -0.0454679988 -4.70000014e-05 -0.0624240004
  vertex -0.0471189991 -0.000197000001 -0.0670860037
  vertex -0.0491660014 0.000581 -0.064038001
  endloop
 endfacet

 facet normal -0.331257492 0.935795546 -0.12064442
  outer loop
  vertex -0.0509740002 0.000308999995 -0.0628769994
  vertex -0.0500850007 0.000226999997 -0.0659539998
  vertex -0.0515770018 -9.50000031e-05 -0.0643550009
  endloop
 endfacet

 facet normal -0.404991716 0.914195716 0.0150974868
  outer loop
  vertex -0.0509740002 0.000308999995 -0.0628769994
  vertex -0.0570859984 -0.00259599998 -0.0509259999
  vertex -0.0526029989 -0.000609999988 -0.0509269983
  endloop
 endfacet

 facet normal 0.0597649626 0.97608608 -0.20900771
  outer loop
  vertex -0.0500850007 0.000226999997 -0.0659539998
  vertex -0.0491660014 0.000581 -0.064038001
  vertex -0.0471189991 -0.000197000001 -0.0670860037
  endloop
 endfacet

 facet normal -0.489359528 0.871232271 -0.0384933949
  outer loop
  vertex -0.0515770018 -9.50000031e-05 -0.0643550009
  vertex -0.0570859984 -0.00259599998 -0.0509259999
  vertex -0.0509740002 0.000308999995 -0.0628769994
  endloop
 endfacet

 facet normal 0.728516996 0.627182782 -0.275508225
  outer loop
  vertex -0.0404019989 -0.00143499998 -0.0541400015
  vertex -0.0445949994 -0.00317699998 -0.0691929981
  vertex -0.0453869998 -0.00118300004 -0.0667480007
  endloop
 endfacet

 facet normal 0.638279796 0.684766889 -0.351700604
  outer loop
  vertex -0.0453869998 -0.00118300004 -0.0667480007
  vertex -0.0445949994 -0.00317699998 -0.0691929981
  vertex -0.0456329994 -0.00260700006 -0.0699670017
  endloop
 endfacet

 facet normal 0.51252681 0.770091593 -0.379835755
  outer loop
  vertex -0.0453869998 -0.00118300004 -0.0667480007
  vertex -0.0456329994 -0.00260700006 -0.0699670017
  vertex -0.0471189991 -0.000197000001 -0.0670860037
  endloop
 endfacet

 facet normal -0.439642996 0.866696775 -0.235692143
  outer loop
  vertex -0.0500850007 0.000226999997 -0.0659539998
  vertex -0.0515399985 -0.00113300001 -0.0682410002
  vertex -0.0515770018 -9.50000031e-05 -0.0643550009
  endloop
 endfacet

 facet normal -0.592603922 0.776785254 -0.213132113
  outer loop
  vertex -0.0515399985 -0.00113300001 -0.0682410002
  vertex -0.0541069992 -0.00267100008 -0.0667089969
  vertex -0.0515770018 -9.50000031e-05 -0.0643550009
  endloop
 endfacet

 facet normal -0.18703346 -0.981056809 0.050458543
  outer loop
  vertex -0.040403001 -0.0312660001 -0.0509280004
  vertex -0.0514129996 -0.0291670002 -0.0509280004
  vertex -0.0535410009 -0.02905 -0.0565409996
  endloop
 endfacet

 facet normal -0.179857537 -0.983144403 0.0328381397
  outer loop
  vertex -0.040403001 -0.0312660001 -0.0509280004
  vertex -0.0535410009 -0.02905 -0.0565409996
  vertex -0.0403949991 -0.0315969996 -0.0607939996
  endloop
 endfacet

 facet normal 0.825132132 0.487075806 -0.286206543
  outer loop
  vertex -0.0404019989 -0.00143499998 -0.0541400015
  vertex -0.0404059999 -0.00441499986 -0.059223
  vertex -0.0445949994 -0.00317699998 -0.0691929981
  endloop
 endfacet

 facet normal 0.455708027 0.784273207 -0.421005607
  outer loop
  vertex -0.0456329994 -0.00260700006 -0.0699670017
  vertex -0.0468039997 -0.00228999997 -0.0706439987
  vertex -0.0471189991 -0.000197000001 -0.0670860037
  endloop
 endfacet

 facet normal 0.214614972 0.850028992 -0.481031358
  outer loop
  vertex -0.0471189991 -0.000197000001 -0.0670860037
  vertex -0.0468039997 -0.00228999997 -0.0706439987
  vertex -0.0481129996 -0.00125099998 -0.0693920031
  endloop
 endfacet

 facet normal -0.014336382 0.923451126 -0.383448303
  outer loop
  vertex -0.0500850007 0.000226999997 -0.0659539998
  vertex -0.0471189991 -0.000197000001 -0.0670860037
  vertex -0.0500859991 -0.001299 -0.0696289986
  endloop
 endfacet

 facet normal -0.252162933 0.893724382 -0.371040016
  outer loop
  vertex -0.0500850007 0.000226999997 -0.0659539998
  vertex -0.0500859991 -0.001299 -0.0696289986
  vertex -0.0515399985 -0.00113300001 -0.0682410002
  endloop
 endfacet

 facet normal -0.571382284 0.656591415 -0.492351592
  outer loop
  vertex -0.0515399985 -0.00113300001 -0.0682410002
  vertex -0.0514930002 -0.00431199977 -0.0725350007
  vertex -0.0538079999 -0.00402900018 -0.0694710016
  endloop
 endfacet

 facet normal -0.634105265 0.664523423 -0.395372212
  outer loop
  vertex -0.0515399985 -0.00113300001 -0.0682410002
  vertex -0.0538079999 -0.00402900018 -0.0694710016
  vertex -0.0541069992 -0.00267100008 -0.0667089969
  endloop
 endfacet

 facet normal 0.0291581992 0.904301882 -0.425896704
  outer loop
  vertex -0.0481129996 -0.00125099998 -0.0693920031
  vertex -0.0500859991 -0.001299 -0.0696289986
  vertex -0.0471189991 -0.000197000001 -0.0670860037
  endloop
 endfacet

 facet normal 0.831515729 0.473438084 -0.290582091
  outer loop
  vertex -0.0404059999 -0.00441499986 -0.059223
  vertex -0.0428790003 -0.00584900007 -0.0686360002
  vertex -0.0445949994 -0.00317699998 -0.0691929981
  endloop
 endfacet

 facet normal 0.803004146 0.429591864 -0.413080156
  outer loop
  vertex -0.0445949994 -0.00317699998 -0.0691929981
  vertex -0.0428790003 -0.00584900007 -0.0686360002
  vertex -0.042741999 -0.00713300006 -0.069705002
  endloop
 endfacet

 facet normal -0.432562441 0.722360313 -0.539523244
  outer loop
  vertex -0.0500859991 -0.001299 -0.0696289986
  vertex -0.0514930002 -0.00431199977 -0.0725350007
  vertex -0.0515399985 -0.00113300001 -0.0682410002
  endloop
 endfacet

 facet normal -0.647857606 0.75129354 -0.125851512
  outer loop
  vertex -0.0515770018 -9.50000031e-05 -0.0643550009
  vertex -0.0541069992 -0.00267100008 -0.0667089969
  vertex -0.0570859984 -0.00259599998 -0.0509259999
  endloop
 endfacet

 facet normal -0.671172261 0.633894324 -0.384325355
  outer loop
  vertex -0.0538079999 -0.00402900018 -0.0694710016
  vertex -0.0546730012 -0.00457199989 -0.0688560009
  vertex -0.0541069992 -0.00267100008 -0.0667089969
  endloop
 endfacet

 facet normal -0.835917413 0.501293898 -0.223487601
  outer loop
  vertex -0.0541069992 -0.00267100008 -0.0667089969
  vertex -0.0546730012 -0.00457199989 -0.0688560009
  vertex -0.0573900007 -0.00784900039 -0.0660440028
  endloop
 endfacet

 facet normal -0.830510676 0.493363917 -0.25854221
  outer loop
  vertex -0.0541069992 -0.00267100008 -0.0667089969
  vertex -0.0573900007 -0.00784900039 -0.0660440028
  vertex -0.0574470013 -0.00566799985 -0.0616989993
  endloop
 endfacet

 facet normal 0.0317039043 0.764469981 -0.643879294
  outer loop
  vertex -0.0468039997 -0.00228999997 -0.0706439987
  vertex -0.0493489988 -0.00406099996 -0.072871998
  vertex -0.0500859991 -0.001299 -0.0696289986
  endloop
 endfacet

 facet normal 0.0532288216 0.795079827 -0.604164541
  outer loop
  vertex -0.0468039997 -0.00228999997 -0.0706439987
  vertex -0.0500859991 -0.001299 -0.0696289986
  vertex -0.0481129996 -0.00125099998 -0.0693920031
  endloop
 endfacet

 facet normal 0.516913533 0.594896674 -0.61554718
  outer loop
  vertex -0.0468039997 -0.00228999997 -0.0706439987
  vertex -0.0456329994 -0.00260700006 -0.0699670017
  vertex -0.0468580015 -0.00498299999 -0.0732920021
  endloop
 endfacet

 facet normal 0.137217194 0.693092465 -0.707668245
  outer loop
  vertex -0.0468580015 -0.00498299999 -0.0732920021
  vertex -0.0493489988 -0.00406099996 -0.072871998
  vertex -0.0468039997 -0.00228999997 -0.0706439987
  endloop
 endfacet

 facet normal 0.769430339 0.422411561 -0.47910893
  outer loop
  vertex -0.0445949994 -0.00317699998 -0.0691929981
  vertex -0.042741999 -0.00713300006 -0.069705002
  vertex -0.0448869988 -0.00682700006 -0.0728799999
  endloop
 endfacet

 facet normal 0.677480102 0.495193809 -0.543878555
  outer loop
  vertex -0.0445949994 -0.00317699998 -0.0691929981
  vertex -0.0448869988 -0.00682700006 -0.0728799999
  vertex -0.0456329994 -0.00260700006 -0.0699670017
  endloop
 endfacet

 facet normal -0.188927636 0.725988865 -0.661246181
  outer loop
  vertex -0.0500859991 -0.001299 -0.0696289986
  vertex -0.0493489988 -0.00406099996 -0.072871998
  vertex -0.0514930002 -0.00431199977 -0.0725350007
  endloop
 endfacet

 facet normal -0.55066216 0.425732195 -0.717999578
  outer loop
  vertex -0.0514930002 -0.00431199977 -0.0725350007
  vertex -0.0515550002 -0.00874000043 -0.0751129985
  vertex -0.0532729998 -0.00791800022 -0.0733079985
  endloop
 endfacet

 facet normal -0.610398889 0.442182392 -0.657181799
  outer loop
  vertex -0.0514930002 -0.00431199977 -0.0725350007
  vertex -0.0532729998 -0.00791800022 -0.0733079985
  vertex -0.054738 -0.00733199995 -0.0715529993
  endloop
 endfacet

 facet normal -0.654257953 0.526453853 -0.542948365
  outer loop
  vertex -0.0514930002 -0.00431199977 -0.0725350007
  vertex -0.054738 -0.00733199995 -0.0715529993
  vertex -0.0538079999 -0.00402900018 -0.0694710016
  endloop
 endfacet

 facet normal -0.746742547 0.649330914 -0.144031256
  outer loop
  vertex -0.0541069992 -0.00267100008 -0.0667089969
  vertex -0.0600359999 -0.0059890002 -0.0509280004
  vertex -0.0570859984 -0.00259599998 -0.0509259999
  endloop
 endfacet

 facet normal -0.7881037 0.591076016 -0.17181915
  outer loop
  vertex -0.0541069992 -0.00267100008 -0.0667089969
  vertex -0.0574470013 -0.00566799985 -0.0616989993
  vertex -0.0600359999 -0.0059890002 -0.0509280004
  endloop
 endfacet

 facet normal -0.307649404 -0.946552336 0.0969056785
  outer loop
  vertex -0.0514129996 -0.0291670002 -0.0509280004
  vertex -0.0567249991 -0.0274410006 -0.0509329997
  vertex -0.0535410009 -0.02905 -0.0565409996
  endloop
 endfacet

 facet normal -0.29471913 -0.949778676 0.105172604
  outer loop
  vertex -0.0535410009 -0.02905 -0.0565409996
  vertex -0.0567249991 -0.0274410006 -0.0509329997
  vertex -0.0562629998 -0.0281140003 -0.0557160005
  endloop
 endfacet

 facet normal -0.250292718 -0.945719123 -0.207289442
  outer loop
  vertex -0.0535410009 -0.02905 -0.0565409996
  vertex -0.0564429983 -0.0262490008 -0.0658160001
  vertex -0.0403949991 -0.0315969996 -0.0607939996
  endloop
 endfacet

 facet normal 0.611190975 0.519958913 -0.596731484
  outer loop
  vertex -0.0456329994 -0.00260700006 -0.0699670017
  vertex -0.0448869988 -0.00682700006 -0.0728799999
  vertex -0.0468580015 -0.00498299999 -0.0732920021
  endloop
 endfacet

 facet normal -0.19170332 0.648943603 -0.736289382
  outer loop
  vertex -0.0514930002 -0.00431199977 -0.0725350007
  vertex -0.0493489988 -0.00406099996 -0.072871998
  vertex -0.0495700017 -0.00512700016 -0.0737539977
  endloop
 endfacet

 facet normal -0.314941466 0.48082763 -0.818301141
  outer loop
  vertex -0.0514930002 -0.00431199977 -0.0725350007
  vertex -0.0495700017 -0.00512700016 -0.0737539977
  vertex -0.0515550002 -0.00874000043 -0.0751129985
  endloop
 endfacet

 facet normal -0.687356651 0.515838742 -0.511323094
  outer loop
  vertex -0.0538079999 -0.00402900018 -0.0694710016
  vertex -0.054738 -0.00733199995 -0.0715529993
  vertex -0.0546730012 -0.00457199989 -0.0688560009
  endloop
 endfacet

 facet normal -0.900043964 0.384637177 -0.204878315
  outer loop
  vertex -0.0573900007 -0.00784900039 -0.0660440028
  vertex -0.0600359999 -0.0059890002 -0.0509280004
  vertex -0.0574470013 -0.00566799985 -0.0616989993
  endloop
 endfacet

 facet normal -0.364603907 -0.91682142 -0.162796393
  outer loop
  vertex -0.0562629998 -0.0281140003 -0.0557160005
  vertex -0.0564429983 -0.0262490008 -0.0658160001
  vertex -0.0535410009 -0.02905 -0.0565409996
  endloop
 endfacet

 facet normal 0.897669733 0.334561884 -0.286805391
  outer loop
  vertex -0.0404059999 -0.00441499986 -0.059223
  vertex -0.042741999 -0.00713300006 -0.069705002
  vertex -0.0428790003 -0.00584900007 -0.0686360002
  endloop
 endfacet

 facet normal 0.0992799401 0.622030497 -0.776673436
  outer loop
  vertex -0.0468580015 -0.00498299999 -0.0732920021
  vertex -0.0495700017 -0.00512700016 -0.0737539977
  vertex -0.0493489988 -0.00406099996 -0.072871998
  endloop
 endfacet

 facet normal 0.547842145 0.424509853 -0.720874786
  outer loop
  vertex -0.0448869988 -0.00682700006 -0.0728799999
  vertex -0.0456099994 -0.00748000015 -0.0738139972
  vertex -0.0468580015 -0.00498299999 -0.0732920021
  endloop
 endfacet

 facet normal 0.31051445 0.401456654 -0.861634135
  outer loop
  vertex -0.0468580015 -0.00498299999 -0.0732920021
  vertex -0.0468799993 -0.008928 -0.0751380026
  vertex -0.0484719984 -0.00783399958 -0.0752020031
  endloop
 endfacet

 facet normal 0.812472343 0.254876852 -0.52433449
  outer loop
  vertex -0.0448869988 -0.00682700006 -0.0728799999
  vertex -0.042741999 -0.00713300006 -0.069705002
  vertex -0.0433509983 -0.0098059997 -0.0719479993
  endloop
 endfacet

 facet normal -0.845944822 0.382758975 -0.371312559
  outer loop
  vertex -0.0546730012 -0.00457199989 -0.0688560009
  vertex -0.054738 -0.00733199995 -0.0715529993
  vertex -0.0573900007 -0.00784900039 -0.0660440028
  endloop
 endfacet

 facet normal -0.874890268 0.28047049 -0.394846141
  outer loop
  vertex -0.0573900007 -0.00784900039 -0.0660440028
  vertex -0.054738 -0.00733199995 -0.0715529993
  vertex -0.0594719984 -0.0158399995 -0.0671069995
  endloop
 endfacet

 facet normal -0.924559534 0.323322147 -0.20162493
  outer loop
  vertex -0.0573900007 -0.00784900039 -0.0660440028
  vertex -0.0619300008 -0.0114099998 -0.0509359986
  vertex -0.0600359999 -0.0059890002 -0.0509280004
  endloop
 endfacet

 facet normal -0.430613101 -0.898540497 0.0848368183
  outer loop
  vertex -0.0562629998 -0.0281140003 -0.0557160005
  vertex -0.0567249991 -0.0274410006 -0.0509329997
  vertex -0.0576759987 -0.0274020005 -0.0553469993
  endloop
 endfacet

 facet normal -0.245081231 -0.943773568 -0.221871123
  outer loop
  vertex -0.0403949991 -0.0315969996 -0.0607939996
  vertex -0.0564429983 -0.0262490008 -0.0658160001
  vertex -0.0544230007 -0.0260649994 -0.0688299984
  endloop
 endfacet

 facet normal 0.00318196509 -0.858811557 -0.512281895
  outer loop
  vertex -0.0403949991 -0.0315969996 -0.0607939996
  vertex -0.0488380007 -0.0251640007 -0.0716309994
  vertex -0.040403001 -0.0308519993 -0.062043
  endloop
 endfacet

 facet normal -0.119024351 -0.902642131 -0.413606703
  outer loop
  vertex -0.0403949991 -0.0315969996 -0.0607939996
  vertex -0.0544230007 -0.0260649994 -0.0688299984
  vertex -0.0499750003 -0.0259169992 -0.0704329982
  endloop
 endfacet

 facet normal 0.0172580946 -0.853818417 -0.520284712
  outer loop
  vertex -0.0403949991 -0.0315969996 -0.0607939996
  vertex -0.0499750003 -0.0259169992 -0.0704329982
  vertex -0.0488380007 -0.0251640007 -0.0716309994
  endloop
 endfacet

 facet normal -0.476063192 -0.866267443 -0.151475027
  outer loop
  vertex -0.0564429983 -0.0262490008 -0.0658160001
  vertex -0.0562629998 -0.0281140003 -0.0557160005
  vertex -0.0576759987 -0.0274020005 -0.0553469993
  endloop
 endfacet

 facet normal 0.421260476 0.382458299 -0.822353482
  outer loop
  vertex -0.0456099994 -0.00748000015 -0.0738139972
  vertex -0.0468799993 -0.008928 -0.0751380026
  vertex -0.0468580015 -0.00498299999 -0.0732920021
  endloop
 endfacet

 facet normal 0.118766189 0.505360484 -0.854696155
  outer loop
  vertex -0.0468580015 -0.00498299999 -0.0732920021
  vertex -0.0484719984 -0.00783399958 -0.0752020031
  vertex -0.0495700017 -0.00512700016 -0.0737539977
  endloop
 endfacet

 facet normal 0.695860207 0.211299881 -0.686389863
  outer loop
  vertex -0.0456099994 -0.00748000015 -0.0738139972
  vertex -0.0448869988 -0.00682700006 -0.0728799999
  vertex -0.0459449999 -0.00998899993 -0.0749259964
  endloop
 endfacet

 facet normal 0.512268186 0.289896846 -0.80841893
  outer loop
  vertex -0.0456099994 -0.00748000015 -0.0738139972
  vertex -0.0459449999 -0.00998899993 -0.0749259964
  vertex -0.0468799993 -0.008928 -0.0751380026
  endloop
 endfacet

 facet normal 0.954230607 0.158342138 -0.253716409
  outer loop
  vertex -0.042741999 -0.00713300006 -0.069705002
  vertex -0.0404059999 -0.00441499986 -0.059223
  vertex -0.0403879993 -0.0204249993 -0.0691469982
  endloop
 endfacet

 facet normal 0.899439335 0.141936958 -0.413355529
  outer loop
  vertex -0.042741999 -0.00713300006 -0.069705002
  vertex -0.0403879993 -0.0204249993 -0.0691469982
  vertex -0.0433509983 -0.0098059997 -0.0719479993
  endloop
 endfacet

 facet normal -0.148924232 0.418767154 -0.895798922
  outer loop
  vertex -0.0495700017 -0.00512700016 -0.0737539977
  vertex -0.0484719984 -0.00783399958 -0.0752020031
  vertex -0.0515550002 -0.00874000043 -0.0751129985
  endloop
 endfacet

 facet normal -0.106196553 0.267284662 -0.957748055
  outer loop
  vertex -0.0515550002 -0.00874000043 -0.0751129985
  vertex -0.0484719984 -0.00783399958 -0.0752020031
  vertex -0.0507120006 -0.0116729997 -0.0760250017
  endloop
 endfacet

 facet normal -0.638522506 0.257789791 -0.72514379
  outer loop
  vertex -0.0532729998 -0.00791800022 -0.0733079985
  vertex -0.0515550002 -0.00874000043 -0.0751129985
  vertex -0.0548320003 -0.0108850002 -0.0729900002
  endloop
 endfacet

 facet normal -0.685448408 0.288515747 -0.668520153
  outer loop
  vertex -0.054738 -0.00733199995 -0.0715529993
  vertex -0.0532729998 -0.00791800022 -0.0733079985
  vertex -0.0548320003 -0.0108850002 -0.0729900002
  endloop
 endfacet

 facet normal -0.937142849 0.273065656 -0.217251867
  outer loop
  vertex -0.0573900007 -0.00784900039 -0.0660440028
  vertex -0.0594719984 -0.0158399995 -0.0671069995
  vertex -0.0619300008 -0.0114099998 -0.0509359986
  endloop
 endfacet

 facet normal -0.443390191 -0.739367485 -0.506696105
  outer loop
  vertex -0.0544230007 -0.0260649994 -0.0688299984
  vertex -0.0568590015 -0.0247699991 -0.0685880035
  vertex -0.0535130017 -0.0247220006 -0.0715859979
  endloop
 endfacet

 facet normal 0.223101139 -0.739577651 -0.635020375
  outer loop
  vertex -0.0488380007 -0.0251640007 -0.0716309994
  vertex -0.0481409989 -0.024193 -0.0725170001
  vertex -0.040403001 -0.0308519993 -0.062043
  endloop
 endfacet

 facet normal -0.573051393 -0.804515958 -0.156096965
  outer loop
  vertex -0.0564429983 -0.0262490008 -0.0658160001
  vertex -0.0576759987 -0.0274020005 -0.0553469993
  vertex -0.0582920015 -0.0248269998 -0.0663570017
  endloop
 endfacet

 facet normal -0.506475985 -0.790007532 -0.345499933
  outer loop
  vertex -0.0564429983 -0.0262490008 -0.0658160001
  vertex -0.0582920015 -0.0248269998 -0.0663570017
  vertex -0.0568590015 -0.0247699991 -0.0685880035
  endloop
 endfacet

 facet normal 0.171266064 0.192704216 -0.966195107
  outer loop
  vertex -0.0468799993 -0.008928 -0.0751380026
  vertex -0.0480550006 -0.0130479997 -0.0761680007
  vertex -0.0484719984 -0.00783399958 -0.0752020031
  endloop
 endfacet

 facet normal 0.736935019 0.175765097 -0.652712345
  outer loop
  vertex -0.0448869988 -0.00682700006 -0.0728799999
  vertex -0.0433509983 -0.0098059997 -0.0719479993
  vertex -0.0459449999 -0.00998899993 -0.0749259964
  endloop
 endfacet

 facet normal 0.0108333826 0.203556046 -0.97900337
  outer loop
  vertex -0.0507120006 -0.0116729997 -0.0760250017
  vertex -0.0484719984 -0.00783399958 -0.0752020031
  vertex -0.0504629984 -0.0125759998 -0.0762099996
  endloop
 endfacet

 facet normal -0.473572314 0.134539157 -0.870418549
  outer loop
  vertex -0.0515550002 -0.00874000043 -0.0751129985
  vertex -0.0507120006 -0.0116729997 -0.0760250017
  vertex -0.0525100008 -0.0136089996 -0.0753460005
  endloop
 endfacet

 facet normal -0.824986815 0.230521351 -0.516000628
  outer loop
  vertex -0.054738 -0.00733199995 -0.0715529993
  vertex -0.0548320003 -0.0108850002 -0.0729900002
  vertex -0.0558030009 -0.0119000003 -0.0718910024
  endloop
 endfacet

 facet normal -0.563633621 -0.817344546 0.119436346
  outer loop
  vertex -0.0602310002 -0.0250230003 -0.0509309992
  vertex -0.0595629998 -0.025959 -0.0541840009
  vertex -0.0567249991 -0.0274410006 -0.0509329997
  endloop
 endfacet

 facet normal -0.558630884 -0.82166934 0.113097548
  outer loop
  vertex -0.0567249991 -0.0274410006 -0.0509329997
  vertex -0.0595629998 -0.025959 -0.0541840009
  vertex -0.0576759987 -0.0274020005 -0.0553469993
  endloop
 endfacet

 facet normal -0.465429038 -0.808001637 -0.361260653
  outer loop
  vertex -0.0564429983 -0.0262490008 -0.0658160001
  vertex -0.0568590015 -0.0247699991 -0.0685880035
  vertex -0.0544230007 -0.0260649994 -0.0688299984
  endloop
 endfacet

 facet normal -0.67481631 -0.586126447 -0.448417991
  outer loop
  vertex -0.0568590015 -0.0247699991 -0.0685880035
  vertex -0.0582920015 -0.0248269998 -0.0663570017
  vertex -0.057438001 -0.0236259997 -0.0692119971
  endloop
 endfacet

 facet normal -0.0819219872 -0.806927621 -0.584941506
  outer loop
  vertex -0.0488380007 -0.0251640007 -0.0716309994
  vertex -0.0499750003 -0.0259169992 -0.0704329982
  vertex -0.0535130017 -0.0247220006 -0.0715859979
  endloop
 endfacet

 facet normal -0.0769412443 -0.746512353 -0.660908043
  outer loop
  vertex -0.0488380007 -0.0251640007 -0.0716309994
  vertex -0.0535130017 -0.0247220006 -0.0715859979
  vertex -0.0515119992 -0.023054 -0.0737029985
  endloop
 endfacet

 facet normal -0.140712783 -0.870914578 -0.470858455
  outer loop
  vertex -0.0544230007 -0.0260649994 -0.0688299984
  vertex -0.0535130017 -0.0247220006 -0.0715859979
  vertex -0.0499750003 -0.0259169992 -0.0704329982
  endloop
 endfacet

 facet normal -0.653750777 -0.744120717 -0.137456745
  outer loop
  vertex -0.0582920015 -0.0248269998 -0.0663570017
  vertex -0.0576759987 -0.0274020005 -0.0553469993
  vertex -0.0595629998 -0.025959 -0.0541840009
  endloop
 endfacet

 facet normal -0.76228404 -0.632275105 -0.138388008
  outer loop
  vertex -0.0582920015 -0.0248269998 -0.0663570017
  vertex -0.0595629998 -0.025959 -0.0541840009
  vertex -0.0592069998 -0.0238090008 -0.0659679994
  endloop
 endfacet

 facet normal 0.3567743 0.12954089 -0.925165594
  outer loop
  vertex -0.0459449999 -0.00998899993 -0.0749259964
  vertex -0.0480550006 -0.0130479997 -0.0761680007
  vertex -0.0468799993 -0.008928 -0.0751380026
  endloop
 endfacet

 facet normal 0.0535796136 0.186049476 -0.981078386
  outer loop
  vertex -0.0484719984 -0.00783399958 -0.0752020031
  vertex -0.0480550006 -0.0130479997 -0.0761680007
  vertex -0.0504629984 -0.0125759998 -0.0762099996
  endloop
 endfacet

 facet normal 0.762703657 0.0425916314 -0.645344257
  outer loop
  vertex -0.0433509983 -0.0098059997 -0.0719479993
  vertex -0.0403879993 -0.0204249993 -0.0691469982
  vertex -0.0455899984 -0.0136519996 -0.0748480037
  endloop
 endfacet

 facet normal 0.750953555 0.0587745719 -0.657734275
  outer loop
  vertex -0.0433509983 -0.0098059997 -0.0719479993
  vertex -0.0455899984 -0.0136519996 -0.0748480037
  vertex -0.0459449999 -0.00998899993 -0.0749259964
  endloop
 endfacet

 facet normal 0.528024077 0.033105664 -0.848583877
  outer loop
  vertex -0.0459449999 -0.00998899993 -0.0749259964
  vertex -0.0455899984 -0.0136519996 -0.0748480037
  vertex -0.0467559993 -0.01351 -0.075567998
  endloop
 endfacet

 facet normal 0.436868757 0.0629874766 -0.89731729
  outer loop
  vertex -0.0459449999 -0.00998899993 -0.0749259964
  vertex -0.0467559993 -0.01351 -0.075567998
  vertex -0.0480550006 -0.0130479997 -0.0761680007
  endloop
 endfacet

 facet normal -0.417824626 0.0703563318 -0.905799389
  outer loop
  vertex -0.0507120006 -0.0116729997 -0.0760250017
  vertex -0.0504629984 -0.0125759998 -0.0762099996
  vertex -0.0525100008 -0.0136089996 -0.0753460005
  endloop
 endfacet

 facet normal -0.60708493 0.156356335 -0.779102504
  outer loop
  vertex -0.0515550002 -0.00874000043 -0.0751129985
  vertex -0.0525100008 -0.0136089996 -0.0753460005
  vertex -0.0548320003 -0.0108850002 -0.0729900002
  endloop
 endfacet

 facet normal -0.854884803 0.233589262 -0.463258207
  outer loop
  vertex -0.0558030009 -0.0119000003 -0.0718910024
  vertex -0.0594719984 -0.0158399995 -0.0671069995
  vertex -0.054738 -0.00733199995 -0.0715529993
  endloop
 endfacet

 facet normal -0.983189583 0.0700211301 -0.16862753
  outer loop
  vertex -0.0619300008 -0.0114099998 -0.0509359986
  vertex -0.0594719984 -0.0158399995 -0.0671069995
  vertex -0.0604390018 -0.0213479996 -0.0637559965
  endloop
 endfacet

 facet normal -0.9811849 0.0796636865 -0.175869226
  outer loop
  vertex -0.0619300008 -0.0114099998 -0.0509359986
  vertex -0.0604390018 -0.0213479996 -0.0637559965
  vertex -0.0622050017 -0.0147749996 -0.0509259999
  endloop
 endfacet

 facet normal -0.530661702 -0.596837997 -0.601816058
  outer loop
  vertex -0.0568590015 -0.0247699991 -0.0685880035
  vertex -0.057438001 -0.0236259997 -0.0692119971
  vertex -0.0535130017 -0.0247220006 -0.0715859979
  endloop
 endfacet

 facet normal 0.0255422331 -0.683757961 -0.729261756
  outer loop
  vertex -0.0488380007 -0.0251640007 -0.0716309994
  vertex -0.0515119992 -0.023054 -0.0737029985
  vertex -0.0481409989 -0.024193 -0.0725170001
  endloop
 endfacet

 facet normal 0.422726631 -0.590330124 -0.687613726
  outer loop
  vertex -0.040403001 -0.0308519993 -0.062043
  vertex -0.0481409989 -0.024193 -0.0725170001
  vertex -0.040403001 -0.0237980001 -0.0680989996
  endloop
 endfacet

 facet normal 0.200552136 -0.495224357 -0.84529984
  outer loop
  vertex -0.0481409989 -0.024193 -0.0725170001
  vertex -0.0502609983 -0.0226670001 -0.0739139989
  vertex -0.0468150005 -0.0217749998 -0.0736190006
  endloop
 endfacet

 facet normal -0.783467412 -0.606732428 -0.13436766
  outer loop
  vertex -0.0592069998 -0.0238090008 -0.0659679994
  vertex -0.0595629998 -0.025959 -0.0541840009
  vertex -0.0604269989 -0.0249060001 -0.0539010018
  endloop
 endfacet

 facet normal -0.927737474 -0.351414144 -0.125742957
  outer loop
  vertex -0.0592069998 -0.0238090008 -0.0659679994
  vertex -0.0604269989 -0.0249060001 -0.0539010018
  vertex -0.0604390018 -0.0213479996 -0.0637559965
  endloop
 endfacet

 facet normal -0.745934546 -0.504157126 -0.435209483
  outer loop
  vertex -0.0592069998 -0.0238090008 -0.0659679994
  vertex -0.057438001 -0.0236259997 -0.0692119971
  vertex -0.0582920015 -0.0248269998 -0.0663570017
  endloop
 endfacet

 facet normal -0.769430101 -0.638216317 0.0256349538
  outer loop
  vertex -0.0602310002 -0.0250230003 -0.0509309992
  vertex -0.0604269989 -0.0249060001 -0.0539010018
  vertex -0.0595629998 -0.025959 -0.0541840009
  endloop
 endfacet

 facet normal -0.340940714 -0.105688982 -0.934124887
  outer loop
  vertex -0.0504629984 -0.0125759998 -0.0762099996
  vertex -0.0514100008 -0.0203569997 -0.0749839991
  vertex -0.0525100008 -0.0136089996 -0.0753460005
  endloop
 endfacet

 facet normal 0.00154857396 -0.0807894692 -0.99672997
  outer loop
  vertex -0.0504629984 -0.0125759998 -0.0762099996
  vertex -0.0480550006 -0.0130479997 -0.0761680007
  vertex -0.0495680012 -0.0149769997 -0.0760139972
  endloop
 endfacet

 facet normal -0.785002172 0.086835064 -0.613377035
  outer loop
  vertex -0.0548320003 -0.0108850002 -0.0729900002
  vertex -0.0562650003 -0.0154619999 -0.0718040019
  vertex -0.0558030009 -0.0119000003 -0.0718910024
  endloop
 endfacet

 facet normal -0.825728893 0.0935123861 -0.556261897
  outer loop
  vertex -0.0594719984 -0.0158399995 -0.0671069995
  vertex -0.0558030009 -0.0119000003 -0.0718910024
  vertex -0.0562650003 -0.0154619999 -0.0718040019
  endloop
 endfacet

 facet normal -0.977891862 0.0478342623 -0.203567013
  outer loop
  vertex -0.059785001 -0.0204939991 -0.0666970015
  vertex -0.0604390018 -0.0213479996 -0.0637559965
  vertex -0.0594719984 -0.0158399995 -0.0671069995
  endloop
 endfacet

 facet normal -0.789901137 -0.4122383 -0.453999758
  outer loop
  vertex -0.057438001 -0.0236259997 -0.0692119971
  vertex -0.0592069998 -0.0238090008 -0.0659679994
  vertex -0.0594800003 -0.0223629996 -0.0668060035
  endloop
 endfacet

 facet normal 0.0623051189 -0.625459075 -0.777765453
  outer loop
  vertex -0.0515119992 -0.023054 -0.0737029985
  vertex -0.0502609983 -0.0226670001 -0.0739139989
  vertex -0.0481409989 -0.024193 -0.0725170001
  endloop
 endfacet

 facet normal 0.432339162 -0.559401214 -0.707215011
  outer loop
  vertex -0.0481409989 -0.024193 -0.0725170001
  vertex -0.0468150005 -0.0217749998 -0.0736190006
  vertex -0.040403001 -0.0237980001 -0.0680989996
  endloop
 endfacet

 facet normal 0.20074144 -0.496150076 -0.844711781
  outer loop
  vertex -0.0468150005 -0.0217749998 -0.0736190006
  vertex -0.0502609983 -0.0226670001 -0.0739139989
  vertex -0.0489850007 -0.0203120001 -0.0749939978
  endloop
 endfacet

 facet normal -0.936082065 -0.291150749 -0.197437584
  outer loop
  vertex -0.0592069998 -0.0238090008 -0.0659679994
  vertex -0.0604390018 -0.0213479996 -0.0637559965
  vertex -0.0594800003 -0.0223629996 -0.0668060035
  endloop
 endfacet

 facet normal -0.956866622 -0.141346931 -0.253825426
  outer loop
  vertex -0.0594800003 -0.0223629996 -0.0668060035
  vertex -0.0604390018 -0.0213479996 -0.0637559965
  vertex -0.059785001 -0.0204939991 -0.0666970015
  endloop
 endfacet

 facet normal -0.799043357 -0.25132829 -0.546226799
  outer loop
  vertex -0.0594800003 -0.0223629996 -0.0668060035
  vertex -0.0574229993 -0.0213959999 -0.0702600032
  vertex -0.057438001 -0.0236259997 -0.0692119971
  endloop
 endfacet

 facet normal -0.927218914 -0.371615678 0.0465503298
  outer loop
  vertex -0.0602310002 -0.0250230003 -0.0509309992
  vertex -0.0617620014 -0.0212050006 -0.0509469993
  vertex -0.0604269989 -0.0249060001 -0.0539010018
  endloop
 endfacet

 facet normal 0.353956908 -0.19321233 -0.915086687
  outer loop
  vertex -0.0480550006 -0.0130479997 -0.0761680007
  vertex -0.0467559993 -0.01351 -0.075567998
  vertex -0.0489850007 -0.0203120001 -0.0749939978
  endloop
 endfacet

 facet normal 0.587707758 -0.206969306 -0.78215301
  outer loop
  vertex -0.0403879993 -0.0204249993 -0.0691469982
  vertex -0.0468150005 -0.0217749998 -0.0736190006
  vertex -0.0455899984 -0.0136519996 -0.0748480037
  endloop
 endfacet

 facet normal -0.15036954 -0.135990113 -0.979232252
  outer loop
  vertex -0.0504629984 -0.0125759998 -0.0762099996
  vertex -0.0495680012 -0.0149769997 -0.0760139972
  vertex -0.0514100008 -0.0203569997 -0.0749839991
  endloop
 endfacet

 facet normal -0.693851411 0.0308087859 -0.719458997
  outer loop
  vertex -0.0548320003 -0.0108850002 -0.0729900002
  vertex -0.0525100008 -0.0136089996 -0.0753460005
  vertex -0.0562650003 -0.0154619999 -0.0718040019
  endloop
 endfacet

 facet normal -0.832623661 0.00721092802 -0.553792238
  outer loop
  vertex -0.0594719984 -0.0158399995 -0.0671069995
  vertex -0.0574229993 -0.0213959999 -0.0702600032
  vertex -0.059785001 -0.0204939991 -0.0666970015
  endloop
 endfacet

 facet normal -0.634047747 -0.325407237 -0.701493919
  outer loop
  vertex -0.057438001 -0.0236259997 -0.0692119971
  vertex -0.0574229993 -0.0213959999 -0.0702600032
  vertex -0.0542550012 -0.0211769994 -0.073224999
  endloop
 endfacet

 facet normal -0.443546712 -0.45094189 -0.774543643
  outer loop
  vertex -0.0535130017 -0.0247220006 -0.0715859979
  vertex -0.0542550012 -0.0211769994 -0.073224999
  vertex -0.0515119992 -0.023054 -0.0737029985
  endloop
 endfacet

 facet normal -0.0198646784 -0.428338736 -0.903399885
  outer loop
  vertex -0.0515119992 -0.023054 -0.0737029985
  vertex -0.0514100008 -0.0203569997 -0.0749839991
  vertex -0.0502609983 -0.0226670001 -0.0739139989
  endloop
 endfacet

 facet normal 0.587912738 -0.242399782 -0.771751821
  outer loop
  vertex -0.040403001 -0.0237980001 -0.0680989996
  vertex -0.0468150005 -0.0217749998 -0.0736190006
  vertex -0.0403879993 -0.0204249993 -0.0691469982
  endloop
 endfacet

 facet normal 0.41747281 -0.211382896 -0.883761168
  outer loop
  vertex -0.0468150005 -0.0217749998 -0.0736190006
  vertex -0.0489850007 -0.0203120001 -0.0749939978
  vertex -0.0467559993 -0.01351 -0.075567998
  endloop
 endfacet

 facet normal 0.496522993 -0.202583402 -0.844052672
  outer loop
  vertex -0.0468150005 -0.0217749998 -0.0736190006
  vertex -0.0467559993 -0.01351 -0.075567998
  vertex -0.0455899984 -0.0136519996 -0.0748480037
  endloop
 endfacet

 facet normal 0.121777378 -0.173536628 -0.977269351
  outer loop
  vertex -0.0489850007 -0.0203120001 -0.0749939978
  vertex -0.0495680012 -0.0149769997 -0.0760139972
  vertex -0.0480550006 -0.0130479997 -0.0761680007
  endloop
 endfacet

 facet normal -0.958325028 -0.269074857 -0.0959783345
  outer loop
  vertex -0.0604269989 -0.0249060001 -0.0539010018
  vertex -0.0617620014 -0.0212050006 -0.0509469993
  vertex -0.0604390018 -0.0213479996 -0.0637559965
  endloop
 endfacet

 facet normal -0.840946674 -0.106289677 -0.530576229
  outer loop
  vertex -0.0594800003 -0.0223629996 -0.0668060035
  vertex -0.059785001 -0.0204939991 -0.0666970015
  vertex -0.0574229993 -0.0213959999 -0.0702600032
  endloop
 endfacet

 facet normal -0.404823631 -0.379771918 -0.831799984
  outer loop
  vertex -0.0514100008 -0.0203569997 -0.0749839991
  vertex -0.0515119992 -0.023054 -0.0737029985
  vertex -0.0542550012 -0.0211769994 -0.073224999
  endloop
 endfacet

 facet normal -0.494941384 -0.126796246 -0.859625459
  outer loop
  vertex -0.0514100008 -0.0203569997 -0.0749839991
  vertex -0.0542550012 -0.0211769994 -0.073224999
  vertex -0.0525100008 -0.0136089996 -0.0753460005
  endloop
 endfacet

 facet normal -0.671441257 -0.0523510389 -0.739206433
  outer loop
  vertex -0.0525100008 -0.0136089996 -0.0753460005
  vertex -0.0542550012 -0.0211769994 -0.073224999
  vertex -0.0562650003 -0.0154619999 -0.0718040019
  endloop
 endfacet

 facet normal -0.826322079 0.0147627527 -0.563004375
  outer loop
  vertex -0.0594719984 -0.0158399995 -0.0671069995
  vertex -0.0562650003 -0.0154619999 -0.0718040019
  vertex -0.0574229993 -0.0213959999 -0.0702600032
  endloop
 endfacet

 facet normal -0.99248004 -0.0680454522 -0.101750389
  outer loop
  vertex -0.0622050017 -0.0147749996 -0.0509259999
  vertex -0.0604390018 -0.0213479996 -0.0637559965
  vertex -0.0617620014 -0.0212050006 -0.0509469993
  endloop
 endfacet

 facet normal -0.551347136 -0.442418754 -0.707306266
  outer loop
  vertex -0.057438001 -0.0236259997 -0.0692119971
  vertex -0.0542550012 -0.0211769994 -0.073224999
  vertex -0.0535130017 -0.0247220006 -0.0715859979
  endloop
 endfacet

 facet normal 0.00402431656 -0.418651104 -0.908138275
  outer loop
  vertex -0.0514100008 -0.0203569997 -0.0749839991
  vertex -0.0489850007 -0.0203120001 -0.0749939978
  vertex -0.0502609983 -0.0226670001 -0.0739139989
  endloop
 endfacet

 facet normal -0.000563951151 -0.187848181 -0.98219794
  outer loop
  vertex -0.0489850007 -0.0203120001 -0.0749939978
  vertex -0.0514100008 -0.0203569997 -0.0749839991
  vertex -0.0495680012 -0.0149769997 -0.0760139972
  endloop
 endfacet

 facet normal -0.680078149 -0.0574578643 -0.730884612
  outer loop
  vertex -0.0542550012 -0.0211769994 -0.073224999
  vertex -0.0574229993 -0.0213959999 -0.0702600032
  vertex -0.0562650003 -0.0154619999 -0.0718040019
  endloop
 endfacet

 facet normal -0.000366188906 -3.26451154e-05 0.99999994
  outer loop
  vertex -0.040403001 -0.000677999982 -0.0509259999
  vertex -0.0404019989 -0.0312720016 -0.0509269983
  vertex -0.0321060009 -0.0324679986 -0.0509239994
  endloop
 endfacet

 facet normal 0.0022156178 0.000641190854 0.999997437
  outer loop
  vertex -0.040403001 -0.000677999982 -0.0509259999
  vertex -0.0321060009 -0.0324679986 -0.0509239994
  vertex -0.0209430009 -0.0336080007 -0.0509480014
  endloop
 endfacet

 facet normal -0.000166494283 -0.000766521029 0.999999702
  outer loop
  vertex -0.040403001 -0.000677999982 -0.0509259999
  vertex -0.0209430009 -0.0336080007 -0.0509480014
  vertex -0.0209410004 -0.000992999994 -0.050923001
  endloop
 endfacet

 facet normal 0.0161112491 0.994427562 -0.104183197
  outer loop
  vertex -0.040403001 -0.000677999982 -0.0509259999
  vertex -0.0209410004 -0.000992999994 -0.050923001
  vertex -0.0300399996 -0.0027689999 -0.0692820027
  endloop
 endfacet

 facet normal -0.199491337 0.954568863 -0.221362621
  outer loop
  vertex -0.040403001 -0.000677999982 -0.0509259999
  vertex -0.0300399996 -0.0027689999 -0.0692820027
  vertex -0.040403001 -0.00140499999 -0.0540609993
  endloop
 endfacet

 facet normal -1 0 0
  outer loop
  vertex -0.040403001 -0.000677999982 -0.0509259999
  vertex -0.040403001 -0.00140499999 -0.0540609993
  vertex -0.040403001 -0.00427399995 -0.0589790009
  endloop
 endfacet

 facet normal -1 0 0
  outer loop
  vertex -0.040403001 -0.000677999982 -0.0509259999
  vertex -0.040403001 -0.00427399995 -0.0589790009
  vertex -0.040403001 -0.0190210007 -0.0689140037
  endloop
 endfacet

 facet normal -0.999999881 -0.000289785617 0.000295504607
  outer loop
  vertex -0.040403001 -0.000677999982 -0.0509259999
  vertex -0.040403001 -0.0190210007 -0.0689140037
  vertex -0.0404019989 -0.0224229991 -0.0688590035
  endloop
 endfacet

 facet normal -0.999993086 0.00233481056 -0.00288699847
  outer loop
  vertex -0.040403001 -0.000677999982 -0.0509259999
  vertex -0.0404019989 -0.0224229991 -0.0688590035
  vertex -0.0404470004 -0.031622 -0.0607110001
  endloop
 endfacet

 facet normal -0.99998945 -3.29046779e-05 0.00460062781
  outer loop
  vertex -0.040403001 -0.000677999982 -0.0509259999
  vertex -0.0404470004 -0.031622 -0.0607110001
  vertex -0.0404019989 -0.0312720016 -0.0509269983
  endloop
 endfacet

 facet normal 0.140519232 0.97638458 -0.164096251
  outer loop
  vertex -0.0300399996 -0.0027689999 -0.0692820027
  vertex -0.0209410004 -0.000992999994 -0.050923001
  vertex -0.0278910007 -0.00324500003 -0.0702740029
  endloop
 endfacet

 facet normal -0.15971911 0.967619598 -0.195453763
  outer loop
  vertex -0.0300399996 -0.0027689999 -0.0692820027
  vertex -0.0312440004 -0.00343999988 -0.0716200024
  vertex -0.040403001 -0.00140499999 -0.0540609993
  endloop
 endfacet

 facet normal 0.450246751 0.853882432 -0.261079967
  outer loop
  vertex -0.0209410004 -0.000992999994 -0.050923001
  vertex -0.0265679993 -0.00470700022 -0.0727740005
  vertex -0.0278910007 -0.00324500003 -0.0702740029
  endloop
 endfacet

 facet normal 0.99999994 -6.16071411e-05 0.000353448937
  outer loop
  vertex -0.0209410004 -0.000992999994 -0.050923001
  vertex -0.0209430009 -0.0336080007 -0.0509480014
  vertex -0.0209400002 -0.0340449996 -0.059514001
  endloop
 endfacet

 facet normal 0.999999046 -0.000313174503 0.00132129958
  outer loop
  vertex -0.0209410004 -0.000992999994 -0.050923001
  vertex -0.0209400002 -0.0340449996 -0.059514001
  vertex -0.0209350009 -0.0329199992 -0.0630310029
  endloop
 endfacet

 facet normal 0.999941707 0.0039935587 -0.010034943
  outer loop
  vertex -0.0209410004 -0.000992999994 -0.050923001
  vertex -0.0209350009 -0.0329199992 -0.0630310029
  vertex -0.02104 -0.0256210007 -0.0705889985
  endloop
 endfacet

 facet normal 0.999752581 -0.0161968134 0.0152506894
  outer loop
  vertex -0.0209410004 -0.000992999994 -0.050923001
  vertex -0.02104 -0.0256210007 -0.0705889985
  vertex -0.0209309999 -0.0198430009 -0.0715980008
  endloop
 endfacet

 facet normal 0.9999578 0.00702313427 -0.00591951422
  outer loop
  vertex -0.0209410004 -0.000992999994 -0.050923001
  vertex -0.0209309999 -0.0198430009 -0.0715980008
  vertex -0.0209490005 -0.0152099999 -0.0691419989
  endloop
 endfacet

 facet normal 0.99996084 -0.00719000306 0.0051715537
  outer loop
  vertex -0.0209410004 -0.000992999994 -0.050923001
  vertex -0.0209490005 -0.0152099999 -0.0691419989
  vertex -0.0209340006 -0.00310300011 -0.0552100018
  endloop
 endfacet

 facet normal 0.078221038 0.954293251 -0.288454354
  outer loop
  vertex -0.0300399996 -0.0027689999 -0.0692820027
  vertex -0.0278910007 -0.00324500003 -0.0702740029
  vertex -0.0288830008 -0.00373800006 -0.0721739978
  endloop
 endfacet

 facet normal 0.050052166 0.95286274 -0.299244583
  outer loop
  vertex -0.0300399996 -0.0027689999 -0.0692820027
  vertex -0.0288830008 -0.00373800006 -0.0721739978
  vertex -0.0312440004 -0.00343999988 -0.0716200024
  endloop
 endfacet

 facet normal -0.253640264 0.814890742 -0.521171629
  outer loop
  vertex -0.0312440004 -0.00343999988 -0.0716200024
  vertex -0.029693 -0.00458300021 -0.0741619989
  vertex -0.0325159989 -0.00476199994 -0.0730680004
  endloop
 endfacet

 facet normal -0.465691924 0.817974925 -0.337710023
  outer loop
  vertex -0.0312440004 -0.00343999988 -0.0716200024
  vertex -0.0325159989 -0.00476199994 -0.0730680004
  vertex -0.040403001 -0.00140499999 -0.0540609993
  endloop
 endfacet

 facet normal 0.0221603736 0.916806042 -0.398717701
  outer loop
  vertex -0.0288830008 -0.00373800006 -0.0721739978
  vertex -0.029693 -0.00458300021 -0.0741619989
  vertex -0.0312440004 -0.00343999988 -0.0716200024
  endloop
 endfacet

 facet normal 0.0757559463 0.90618515 -0.416040421
  outer loop
  vertex -0.029693 -0.00458300021 -0.0741619989
  vertex -0.0288830008 -0.00373800006 -0.0721739978
  vertex -0.0280109998 -0.00460699992 -0.0739080012
  endloop
 endfacet

 facet normal -0.179074273 0.758523881 -0.62655735
  outer loop
  vertex -0.029693 -0.00458300021 -0.0741619989
  vertex -0.0304300003 -0.00690300018 -0.0767600015
  vertex -0.0323279984 -0.00623100018 -0.0754040033
  endloop
 endfacet

 facet normal -0.256384999 0.808801949 -0.529250562
  outer loop
  vertex -0.029693 -0.00458300021 -0.0741619989
  vertex -0.0323279984 -0.00623100018 -0.0754040033
  vertex -0.0325159989 -0.00476199994 -0.0730680004
  endloop
 endfacet

 facet normal -0.646179557 0.659213781 -0.384563625
  outer loop
  vertex -0.0325159989 -0.00476199994 -0.0730680004
  vertex -0.040403001 -0.00427399995 -0.0589790009
  vertex -0.040403001 -0.00140499999 -0.0540609993
  endloop
 endfacet

 facet normal 0.328952223 0.88065815 -0.340927631
  outer loop
  vertex -0.0265679993 -0.00470700022 -0.0727740005
  vertex -0.0280109998 -0.00460699992 -0.0739080012
  vertex -0.0278910007 -0.00324500003 -0.0702740029
  endloop
 endfacet

 facet normal 0.215066135 0.912125587 -0.348960757
  outer loop
  vertex -0.0278910007 -0.00324500003 -0.0702740029
  vertex -0.0280109998 -0.00460699992 -0.0739080012
  vertex -0.0288830008 -0.00373800006 -0.0721739978
  endloop
 endfacet

 facet normal -0.685360253 0.605435908 -0.404634148
  outer loop
  vertex -0.0325159989 -0.00476199994 -0.0730680004
  vertex -0.0355370007 -0.00852600019 -0.0735829994
  vertex -0.040403001 -0.00427399995 -0.0589790009
  endloop
 endfacet

 facet normal -0.174252346 -0.984042585 0.0360031612
  outer loop
  vertex -0.0404019989 -0.0312720016 -0.0509269983
  vertex -0.0404470004 -0.031622 -0.0607110001
  vertex -0.0321509987 -0.0330159999 -0.0586600006
  endloop
 endfacet

 facet normal 0.744888246 0.599092782 -0.293648601
  outer loop
  vertex -0.0209410004 -0.000992999994 -0.050923001
  vertex -0.0209340006 -0.00310300011 -0.0552100018
  vertex -0.0265679993 -0.00470700022 -0.0727740005
  endloop
 endfacet

 facet normal 0.739631355 0.606077969 -0.292600304
  outer loop
  vertex -0.0265679993 -0.00470700022 -0.0727740005
  vertex -0.0209340006 -0.00310300011 -0.0552100018
  vertex -0.0234689992 -0.00785499997 -0.0714609995
  endloop
 endfacet

 facet normal 0.732315898 0.558294058 -0.389898926
  outer loop
  vertex -0.0265679993 -0.00470700022 -0.0727740005
  vertex -0.0234689992 -0.00785499997 -0.0714609995
  vertex -0.0256859995 -0.0077229999 -0.0754360035
  endloop
 endfacet

 facet normal 0.47631669 0.689777315 -0.545279503
  outer loop
  vertex -0.0265679993 -0.00470700022 -0.0727740005
  vertex -0.0268280003 -0.00753299985 -0.0765760019
  vertex -0.0280109998 -0.00460699992 -0.0739080012
  endloop
 endfacet

 facet normal 0.323058277 0.705643475 -0.630635083
  outer loop
  vertex -0.0280109998 -0.00460699992 -0.0739080012
  vertex -0.0268280003 -0.00753299985 -0.0765760019
  vertex -0.0280150007 -0.00779299997 -0.0774749964
  endloop
 endfacet

 facet normal 0.603863358 0.619399548 -0.501690507
  outer loop
  vertex -0.0265679993 -0.00470700022 -0.0727740005
  vertex -0.0256859995 -0.0077229999 -0.0754360035
  vertex -0.0268280003 -0.00753299985 -0.0765760019
  endloop
 endfacet

 facet normal -0.101188496 -0.992338955 0.0708836913
  outer loop
  vertex -0.0209430009 -0.0336080007 -0.0509480014
  vertex -0.0321060009 -0.0324679986 -0.0509239994
  vertex -0.0321509987 -0.0330159999 -0.0586600006
  endloop
 endfacet

 facet normal 0.110564612 0.741180539 -0.662138104
  outer loop
  vertex -0.029693 -0.00458300021 -0.0741619989
  vertex -0.0280109998 -0.00460699992 -0.0739080012
  vertex -0.0280150007 -0.00779299997 -0.0774749964
  endloop
 endfacet

 facet normal 0.0705214739 0.734007776 -0.675469816
  outer loop
  vertex -0.029693 -0.00458300021 -0.0741619989
  vertex -0.0280150007 -0.00779299997 -0.0774749964
  vertex -0.0304300003 -0.00690300018 -0.0767600015
  endloop
 endfacet

 facet normal -0.306692213 0.609295547 -0.731231034
  outer loop
  vertex -0.0304300003 -0.00690300018 -0.0767600015
  vertex -0.0307550002 -0.00910800043 -0.0784609988
  vertex -0.0323279984 -0.00623100018 -0.0754040033
  endloop
 endfacet

 facet normal -0.390324205 0.561704695 -0.729475677
  outer loop
  vertex -0.0323279984 -0.00623100018 -0.0754040033
  vertex -0.0307550002 -0.00910800043 -0.0784609988
  vertex -0.0329639986 -0.00938200019 -0.0774900019
  endloop
 endfacet

 facet normal -0.673825502 0.599846184 -0.431443751
  outer loop
  vertex -0.0323279984 -0.00623100018 -0.0754040033
  vertex -0.0355370007 -0.00852600019 -0.0735829994
  vertex -0.0325159989 -0.00476199994 -0.0730680004
  endloop
 endfacet

 facet normal -0.142357677 -0.987282455 0.0707649738
  outer loop
  vertex -0.0321509987 -0.0330159999 -0.0586600006
  vertex -0.0321060009 -0.0324679986 -0.0509239994
  vertex -0.0404019989 -0.0312720016 -0.0509269983
  endloop
 endfacet

 facet normal -0.0874507129 -0.994876683 0.0507235192
  outer loop
  vertex -0.0209430009 -0.0336080007 -0.0509480014
  vertex -0.0321509987 -0.0330159999 -0.0586600006
  vertex -0.0209400002 -0.0340449996 -0.059514001
  endloop
 endfacet

 facet normal -0.396975696 0.519846082 -0.75641942
  outer loop
  vertex -0.0329639986 -0.00938200019 -0.0774900019
  vertex -0.0307550002 -0.00910800043 -0.0784609988
  vertex -0.0321209989 -0.0102850003 -0.0785529986
  endloop
 endfacet

 facet normal -0.669312179 0.499321073 -0.550181508
  outer loop
  vertex -0.0329639986 -0.00938200019 -0.0774900019
  vertex -0.0355370007 -0.00852600019 -0.0735829994
  vertex -0.0323279984 -0.00623100018 -0.0754040033
  endloop
 endfacet

 facet normal -0.140694454 -0.984954 -0.100353174
  outer loop
  vertex -0.0404470004 -0.031622 -0.0607110001
  vertex -0.0301120002 -0.0331959985 -0.0597519986
  vertex -0.0321509987 -0.0330159999 -0.0586600006
  endloop
 endfacet

 facet normal 0.913259983 0.315751821 -0.257404298
  outer loop
  vertex -0.0234689992 -0.00785499997 -0.0714609995
  vertex -0.0217579994 -0.011647 -0.0700419992
  vertex -0.0234370008 -0.00994400028 -0.0739099979
  endloop
 endfacet

 facet normal 0.766396463 0.493630558 -0.411054134
  outer loop
  vertex -0.0234689992 -0.00785499997 -0.0714609995
  vertex -0.0234370008 -0.00994400028 -0.0739099979
  vertex -0.0256859995 -0.0077229999 -0.0754360035
  endloop
 endfacet

 facet normal 0.915645242 0.324224323 -0.237639174
  outer loop
  vertex -0.0234689992 -0.00785499997 -0.0714609995
  vertex -0.0209340006 -0.00310300011 -0.0552100018
  vertex -0.0217579994 -0.011647 -0.0700419992
  endloop
 endfacet

 facet normal 0.45257324 0.49604544 -0.741023958
  outer loop
  vertex -0.0268280003 -0.00753299985 -0.0765760019
  vertex -0.0264679994 -0.00991700031 -0.0779519975
  vertex -0.0280150007 -0.00779299997 -0.0774749964
  endloop
 endfacet

 facet normal -0.0919722021 -0.995732665 -0.0076013892
  outer loop
  vertex -0.0321509987 -0.0330159999 -0.0586600006
  vertex -0.0301120002 -0.0331959985 -0.0597519986
  vertex -0.0209400002 -0.0340449996 -0.059514001
  endloop
 endfacet

 facet normal -0.0833635256 -0.967511058 -0.238690138
  outer loop
  vertex -0.0301120002 -0.0331959985 -0.0597519986
  vertex -0.0327589996 -0.0295739993 -0.0735090002
  vertex -0.0209400002 -0.0340449996 -0.059514001
  endloop
 endfacet

 facet normal -0.00883187167 0.611594856 -0.7911219
  outer loop
  vertex -0.0280150007 -0.00779299997 -0.0774749964
  vertex -0.0307550002 -0.00910800043 -0.0784609988
  vertex -0.0304300003 -0.00690300018 -0.0767600015
  endloop
 endfacet

 facet normal -0.274740309 0.387635708 -0.879918456
  outer loop
  vertex -0.0321209989 -0.0102850003 -0.0785529986
  vertex -0.0307550002 -0.00910800043 -0.0784609988
  vertex -0.0306889992 -0.0112539995 -0.0794269964
  endloop
 endfacet

 facet normal -0.675121307 0.331156015 -0.659201801
  outer loop
  vertex -0.0329639986 -0.00938200019 -0.0774900019
  vertex -0.0348029993 -0.0123110004 -0.0770779997
  vertex -0.0356829986 -0.0117819998 -0.0759110004
  endloop
 endfacet

 facet normal -0.706746817 0.432171106 -0.560122371
  outer loop
  vertex -0.0329639986 -0.00938200019 -0.0774900019
  vertex -0.0356829986 -0.0117819998 -0.0759110004
  vertex -0.0355370007 -0.00852600019 -0.0735829994
  endloop
 endfacet

 facet normal -0.125643775 -0.965067029 -0.229911491
  outer loop
  vertex -0.0404470004 -0.031622 -0.0607110001
  vertex -0.0327589996 -0.0295739993 -0.0735090002
  vertex -0.0301120002 -0.0331959985 -0.0597519986
  endloop
 endfacet

 facet normal 0.970806539 0.180534348 -0.157930776
  outer loop
  vertex -0.0209340006 -0.00310300011 -0.0552100018
  vertex -0.0209490005 -0.0152099999 -0.0691419989
  vertex -0.0217579994 -0.011647 -0.0700419992
  endloop
 endfacet

 facet normal 0.74391216 0.371713966 -0.555358946
  outer loop
  vertex -0.0234370008 -0.00994400028 -0.0739099979
  vertex -0.0264679994 -0.00991700031 -0.0779519975
  vertex -0.0256859995 -0.0077229999 -0.0754360035
  endloop
 endfacet

 facet normal 0.668722868 0.444840521 -0.595757246
  outer loop
  vertex -0.0256859995 -0.0077229999 -0.0754360035
  vertex -0.0264679994 -0.00991700031 -0.0779519975
  vertex -0.0268280003 -0.00753299985 -0.0765760019
  endloop
 endfacet

 facet normal 0.470146865 0.322465539 -0.821570396
  outer loop
  vertex -0.0264679994 -0.00991700031 -0.0779519975
  vertex -0.0265190005 -0.0132210003 -0.0792779997
  vertex -0.0280789994 -0.0114230001 -0.0794650018
  endloop
 endfacet

 facet normal 0.356563985 0.444275379 -0.821876884
  outer loop
  vertex -0.0280150007 -0.00779299997 -0.0774749964
  vertex -0.0264679994 -0.00991700031 -0.0779519975
  vertex -0.0280789994 -0.0114230001 -0.0794650018
  endloop
 endfacet

 facet normal -0.0136592556 -0.95576781 -0.293804854
  outer loop
  vertex -0.0209400002 -0.0340449996 -0.059514001
  vertex -0.0327589996 -0.0295739993 -0.0735090002
  vertex -0.0280639995 -0.0295000002 -0.0739680007
  endloop
 endfacet

 facet normal 0.0104607213 -0.952410936 -0.304637402
  outer loop
  vertex -0.0209400002 -0.0340449996 -0.059514001
  vertex -0.0280639995 -0.0295000002 -0.0739680007
  vertex -0.0209350009 -0.0329199992 -0.0630310029
  endloop
 endfacet

 facet normal -0.193878829 -0.943849266 -0.267506212
  outer loop
  vertex -0.0327589996 -0.0295739993 -0.0735090002
  vertex -0.0404470004 -0.031622 -0.0607110001
  vertex -0.0338479988 -0.0293349996 -0.073563002
  endloop
 endfacet

 facet normal -0.351423621 0.285010219 -0.891779542
  outer loop
  vertex -0.03266 -0.0147449998 -0.0797659978
  vertex -0.0321209989 -0.0102850003 -0.0785529986
  vertex -0.0306889992 -0.0112539995 -0.0794269964
  endloop
 endfacet

 facet normal -0.626427829 0.274157166 -0.729675293
  outer loop
  vertex -0.0321209989 -0.0102850003 -0.0785529986
  vertex -0.03266 -0.0147449998 -0.0797659978
  vertex -0.0329639986 -0.00938200019 -0.0774900019
  endloop
 endfacet

 facet normal -0.611198068 0.279592723 -0.740449071
  outer loop
  vertex -0.0329639986 -0.00938200019 -0.0774900019
  vertex -0.03266 -0.0147449998 -0.0797659978
  vertex -0.0348029993 -0.0123110004 -0.0770779997
  endloop
 endfacet

 facet normal -0.870713651 0.311271518 -0.380746394
  outer loop
  vertex -0.040403001 -0.00427399995 -0.0589790009
  vertex -0.0355370007 -0.00852600019 -0.0735829994
  vertex -0.0356829986 -0.0117819998 -0.0759110004
  endloop
 endfacet

 facet normal 0.951159894 0.147461876 -0.271200716
  outer loop
  vertex -0.0209490005 -0.0152099999 -0.0691419989
  vertex -0.0209309999 -0.0198430009 -0.0715980008
  vertex -0.0217579994 -0.011647 -0.0700419992
  endloop
 endfacet

 facet normal 0.743985295 0.371483237 -0.555415213
  outer loop
  vertex -0.0234370008 -0.00994400028 -0.0739099979
  vertex -0.0234900005 -0.0122509999 -0.0755240023
  vertex -0.0264679994 -0.00991700031 -0.0779519975
  endloop
 endfacet

 facet normal 0.0853148997 0.477804154 -0.874313772
  outer loop
  vertex -0.0280789994 -0.0114230001 -0.0794650018
  vertex -0.0307550002 -0.00910800043 -0.0784609988
  vertex -0.0280150007 -0.00779299997 -0.0774749964
  endloop
 endfacet

 facet normal 0.0133232903 0.410774261 -0.91163969
  outer loop
  vertex -0.0307550002 -0.00910800043 -0.0784609988
  vertex -0.0280789994 -0.0114230001 -0.0794650018
  vertex -0.0306889992 -0.0112539995 -0.0794269964
  endloop
 endfacet

 facet normal -0.18417044 0.197481483 -0.962851167
  outer loop
  vertex -0.0306889992 -0.0112539995 -0.0794269964
  vertex -0.0303300004 -0.0159070008 -0.0804499984
  vertex -0.03266 -0.0147449998 -0.0797659978
  endloop
 endfacet

 facet normal -0.742191732 0.185840353 -0.643905938
  outer loop
  vertex -0.0356829986 -0.0117819998 -0.0759110004
  vertex -0.0348029993 -0.0123110004 -0.0770779997
  vertex -0.0356470011 -0.0147150001 -0.0767989978
  endloop
 endfacet

 facet normal -0.875408173 0.155840129 -0.457574487
  outer loop
  vertex -0.0356829986 -0.0117819998 -0.0759110004
  vertex -0.0380439982 -0.0193189997 -0.0739609972
  vertex -0.0394250005 -0.0196039993 -0.071415998
  endloop
 endfacet

 facet normal -0.410100341 -0.83810842 -0.359711111
  outer loop
  vertex -0.0404470004 -0.031622 -0.0607110001
  vertex -0.0357149988 -0.0282119997 -0.0740510002
  vertex -0.0338479988 -0.0293349996 -0.073563002
  endloop
 endfacet

 facet normal -0.61054486 -0.687923968 -0.392422795
  outer loop
  vertex -0.0404470004 -0.031622 -0.0607110001
  vertex -0.037684001 -0.0270719994 -0.0729859993
  vertex -0.0357149988 -0.0282119997 -0.0740510002
  endloop
 endfacet

 facet normal 0.927926481 0.199139044 -0.315112889
  outer loop
  vertex -0.0234370008 -0.00994400028 -0.0739099979
  vertex -0.0217579994 -0.011647 -0.0700419992
  vertex -0.0234900005 -0.0122509999 -0.0755240023
  endloop
 endfacet

 facet normal 0.937165856 0.153996453 -0.313058227
  outer loop
  vertex -0.0217579994 -0.011647 -0.0700419992
  vertex -0.0209309999 -0.0198430009 -0.0715980008
  vertex -0.0234900005 -0.0122509999 -0.0755240023
  endloop
 endfacet

 facet normal 0.721537471 0.248258218 -0.646337092
  outer loop
  vertex -0.0264679994 -0.00991700031 -0.0779519975
  vertex -0.0234900005 -0.0122509999 -0.0755240023
  vertex -0.0265190005 -0.0132210003 -0.0792779997
  endloop
 endfacet

 facet normal 0.314347297 0.175709739 -0.932905138
  outer loop
  vertex -0.0265190005 -0.0132210003 -0.0792779997
  vertex -0.0282439999 -0.0151469996 -0.0802220032
  vertex -0.0280789994 -0.0114230001 -0.0794650018
  endloop
 endfacet

 facet normal 0.0277117025 0.216686547 -0.9758479
  outer loop
  vertex -0.0282439999 -0.0151469996 -0.0802220032
  vertex -0.0303300004 -0.0159070008 -0.0804499984
  vertex -0.0306889992 -0.0112539995 -0.0794269964
  endloop
 endfacet

 facet normal -0.00136707618 0.199260458 -0.979945719
  outer loop
  vertex -0.0282439999 -0.0151469996 -0.0802220032
  vertex -0.0306889992 -0.0112539995 -0.0794269964
  vertex -0.0280789994 -0.0114230001 -0.0794650018
  endloop
 endfacet

 facet normal 0.169837207 -0.903604448 -0.393261105
  outer loop
  vertex -0.0280639995 -0.0295000002 -0.0739680007
  vertex -0.0265190005 -0.0292540006 -0.0738660023
  vertex -0.0209350009 -0.0329199992 -0.0630310029
  endloop
 endfacet

 facet normal -0.296882123 -0.750269175 -0.590726018
  outer loop
  vertex -0.0338479988 -0.0293349996 -0.073563002
  vertex -0.0357149988 -0.0282119997 -0.0740510002
  vertex -0.0316289999 -0.0276769996 -0.0767839998
  endloop
 endfacet

 facet normal -0.694538653 0.16249983 -0.700863779
  outer loop
  vertex -0.0348029993 -0.0123110004 -0.0770779997
  vertex -0.03266 -0.0147449998 -0.0797659978
  vertex -0.0356470011 -0.0147150001 -0.0767989978
  endloop
 endfacet

 facet normal -0.901767612 0.241495043 -0.358462662
  outer loop
  vertex -0.040403001 -0.00427399995 -0.0589790009
  vertex -0.0356829986 -0.0117819998 -0.0759110004
  vertex -0.040403001 -0.0190210007 -0.0689140037
  endloop
 endfacet

 facet normal -0.856618822 0.139848217 -0.496635407
  outer loop
  vertex -0.0356829986 -0.0117819998 -0.0759110004
  vertex -0.0356470011 -0.0147150001 -0.0767989978
  vertex -0.0380439982 -0.0193189997 -0.0739609972
  endloop
 endfacet

 facet normal -0.80025214 -0.480811179 -0.358353317
  outer loop
  vertex -0.0404470004 -0.031622 -0.0607110001
  vertex -0.0396220013 -0.0261799991 -0.0698549971
  vertex -0.037684001 -0.0270719994 -0.0729859993
  endloop
 endfacet

 facet normal 0.748441398 0.156770825 -0.644405484
  outer loop
  vertex -0.0265190005 -0.0132210003 -0.0792779997
  vertex -0.0234900005 -0.0122509999 -0.0755240023
  vertex -0.0249809995 -0.0156679992 -0.078087002
  endloop
 endfacet

 facet normal 0.65749377 0.0472510457 -0.751976967
  outer loop
  vertex -0.0265190005 -0.0132210003 -0.0792779997
  vertex -0.0249809995 -0.0156679992 -0.078087002
  vertex -0.0265369993 -0.0167900007 -0.0795179978
  endloop
 endfacet

 facet normal 0.428205907 0.058481358 -0.901786923
  outer loop
  vertex -0.0265190005 -0.0132210003 -0.0792779997
  vertex -0.0265369993 -0.0167900007 -0.0795179978
  vertex -0.0282439999 -0.0151469996 -0.0802220032
  endloop
 endfacet

 facet normal 0.319807619 -0.0725281462 -0.944702506
  outer loop
  vertex -0.0282439999 -0.0151469996 -0.0802220032
  vertex -0.0265369993 -0.0167900007 -0.0795179978
  vertex -0.0291729998 -0.0164689999 -0.0804350004
  endloop
 endfacet

 facet normal 0.0674230829 0.112348609 -0.991378844
  outer loop
  vertex -0.0303300004 -0.0159070008 -0.0804499984
  vertex -0.0282439999 -0.0151469996 -0.0802220032
  vertex -0.0291729998 -0.0164689999 -0.0804350004
  endloop
 endfacet

 facet normal -0.155748472 -0.830502748 -0.534796834
  outer loop
  vertex -0.0327589996 -0.0295739993 -0.0735090002
  vertex -0.0338479988 -0.0293349996 -0.073563002
  vertex -0.0316289999 -0.0276769996 -0.0767839998
  endloop
 endfacet

 facet normal -0.0363411456 -0.859256744 -0.510252118
  outer loop
  vertex -0.0327589996 -0.0295739993 -0.0735090002
  vertex -0.0316289999 -0.0276769996 -0.0767839998
  vertex -0.0280639995 -0.0295000002 -0.0739680007
  endloop
 endfacet

 facet normal 0.0454355963 -0.811362743 -0.58277452
  outer loop
  vertex -0.0280639995 -0.0295000002 -0.0739680007
  vertex -0.0316289999 -0.0276769996 -0.0767839998
  vertex -0.0269419998 -0.0282470006 -0.0756250024
  endloop
 endfacet

 facet normal 0.167690635 -0.837632537 -0.519857287
  outer loop
  vertex -0.0265190005 -0.0292540006 -0.0738660023
  vertex -0.0280639995 -0.0295000002 -0.0739680007
  vertex -0.0269419998 -0.0282470006 -0.0756250024
  endloop
 endfacet

 facet normal -0.321998298 -0.0909464285 -0.942361832
  outer loop
  vertex -0.03266 -0.0147449998 -0.0797659978
  vertex -0.0303300004 -0.0159070008 -0.0804499984
  vertex -0.0311280005 -0.0229460001 -0.0794980004
  endloop
 endfacet

 facet normal -0.365924984 -0.0985981375 -0.925406575
  outer loop
  vertex -0.03266 -0.0147449998 -0.0797659978
  vertex -0.0311280005 -0.0229460001 -0.0794980004
  vertex -0.0328539982 -0.0154609997 -0.0796130002
  endloop
 endfacet

 facet normal -0.703987062 0.0392138585 -0.709129393
  outer loop
  vertex -0.0328539982 -0.0154609997 -0.0796130002
  vertex -0.0356470011 -0.0147150001 -0.0767989978
  vertex -0.03266 -0.0147449998 -0.0797659978
  endloop
 endfacet

 facet normal -0.705871105 0.0272115432 -0.707817435
  outer loop
  vertex -0.0328539982 -0.0154609997 -0.0796130002
  vertex -0.0362149999 -0.0181600004 -0.0763650015
  vertex -0.0356470011 -0.0147150001 -0.0767989978
  endloop
 endfacet

 facet normal -0.89572978 0.200463027 -0.39684093
  outer loop
  vertex -0.040403001 -0.0190210007 -0.0689140037
  vertex -0.0356829986 -0.0117819998 -0.0759110004
  vertex -0.0394250005 -0.0196039993 -0.071415998
  endloop
 endfacet

 facet normal -0.808035314 0.0593855605 -0.58613348
  outer loop
  vertex -0.0356470011 -0.0147150001 -0.0767989978
  vertex -0.0362149999 -0.0181600004 -0.0763650015
  vertex -0.0380439982 -0.0193189997 -0.0739609972
  endloop
 endfacet

 facet normal -0.603757083 -0.397009432 -0.691274762
  outer loop
  vertex -0.0357149988 -0.0282119997 -0.0740510002
  vertex -0.037684001 -0.0270719994 -0.0729859993
  vertex -0.034111999 -0.0252119992 -0.0771740004
  endloop
 endfacet

 facet normal -0.849069953 -0.286268413 -0.443994015
  outer loop
  vertex -0.037684001 -0.0270719994 -0.0729859993
  vertex -0.0396220013 -0.0261799991 -0.0698549971
  vertex -0.0392189994 -0.0245060008 -0.0717049986
  endloop
 endfacet

 facet normal -0.803887069 -0.201526567 -0.559600472
  outer loop
  vertex -0.037684001 -0.0270719994 -0.0729859993
  vertex -0.0392189994 -0.0245060008 -0.0717049986
  vertex -0.0371510014 -0.0248080008 -0.0745669976
  endloop
 endfacet

 facet normal 0.893609881 0.0721121058 -0.443013966
  outer loop
  vertex -0.0234900005 -0.0122509999 -0.0755240023
  vertex -0.0209309999 -0.0198430009 -0.0715980008
  vertex -0.0221469998 -0.0198810007 -0.0740569979
  endloop
 endfacet

 facet normal 0.469037861 -0.734597206 -0.490275949
  outer loop
  vertex -0.0209350009 -0.0329199992 -0.0630310029
  vertex -0.0265190005 -0.0292540006 -0.0738660023
  vertex -0.0235450007 -0.0281540006 -0.0726689994
  endloop
 endfacet

 facet normal -0.0495040119 -0.128348231 -0.99049294
  outer loop
  vertex -0.0311280005 -0.0229460001 -0.0794980004
  vertex -0.0303300004 -0.0159070008 -0.0804499984
  vertex -0.0291729998 -0.0164689999 -0.0804350004
  endloop
 endfacet

 facet normal -0.656537533 -0.0844455212 -0.749551475
  outer loop
  vertex -0.0328539982 -0.0154609997 -0.0796130002
  vertex -0.0339980014 -0.0237509999 -0.0776769966
  vertex -0.0362149999 -0.0181600004 -0.0763650015
  endloop
 endfacet

 facet normal -0.878490806 -0.00875571184 -0.477679193
  outer loop
  vertex -0.0394250005 -0.0196039993 -0.071415998
  vertex -0.0380439982 -0.0193189997 -0.0739609972
  vertex -0.0392189994 -0.0245060008 -0.0717049986
  endloop
 endfacet

 facet normal -0.931841016 -0.00614012918 -0.362815052
  outer loop
  vertex -0.0394250005 -0.0196039993 -0.071415998
  vertex -0.0404019989 -0.0224229991 -0.0688590035
  vertex -0.040403001 -0.0190210007 -0.0689140037
  endloop
 endfacet

 facet normal -0.927614272 -0.0169824548 -0.373153329
  outer loop
  vertex -0.0394250005 -0.0196039993 -0.071415998
  vertex -0.0392189994 -0.0245060008 -0.0717049986
  vertex -0.0404019989 -0.0224229991 -0.0688590035
  endloop
 endfacet

 facet normal -0.971621215 -0.1541581 -0.179408967
  outer loop
  vertex -0.0404470004 -0.031622 -0.0607110001
  vertex -0.0404019989 -0.0224229991 -0.0688590035
  vertex -0.0396220013 -0.0261799991 -0.0698549971
  endloop
 endfacet

 facet normal -0.638956487 -0.333607495 -0.693138301
  outer loop
  vertex -0.037684001 -0.0270719994 -0.0729859993
  vertex -0.0371510014 -0.0248080008 -0.0745669976
  vertex -0.034111999 -0.0252119992 -0.0771740004
  endloop
 endfacet

 facet normal 0.875114679 0.0617532693 -0.4799591
  outer loop
  vertex -0.0234900005 -0.0122509999 -0.0755240023
  vertex -0.0221469998 -0.0198810007 -0.0740569979
  vertex -0.0236109998 -0.0174380001 -0.0764119998
  endloop
 endfacet

 facet normal 0.811420321 0.080183737 -0.578936696
  outer loop
  vertex -0.0234900005 -0.0122509999 -0.0755240023
  vertex -0.0236109998 -0.0174380001 -0.0764119998
  vertex -0.0249809995 -0.0156679992 -0.078087002
  endloop
 endfacet

 facet normal 0.712950408 -0.104358219 -0.693405509
  outer loop
  vertex -0.0249809995 -0.0156679992 -0.078087002
  vertex -0.0236109998 -0.0174380001 -0.0764119998
  vertex -0.0265369993 -0.0167900007 -0.0795179978
  endloop
 endfacet

 facet normal 0.311033815 -0.133806616 -0.940932393
  outer loop
  vertex -0.0265369993 -0.0167900007 -0.0795179978
  vertex -0.027919 -0.0203469992 -0.0794690028
  vertex -0.0291729998 -0.0164689999 -0.0804350004
  endloop
 endfacet

 facet normal 0.094475612 -0.687386632 -0.720120847
  outer loop
  vertex -0.0316289999 -0.0276769996 -0.0767839998
  vertex -0.0304770004 -0.0261840001 -0.0780579969
  vertex -0.0269419998 -0.0282470006 -0.0756250024
  endloop
 endfacet

 facet normal 0.529102147 -0.53080976 -0.66203624
  outer loop
  vertex -0.0269419998 -0.0282470006 -0.0756250024
  vertex -0.0265009999 -0.0266500004 -0.076553002
  vertex -0.0235350002 -0.0268539991 -0.0740189999
  endloop
 endfacet

 facet normal 0.527734339 -0.613796532 -0.587154329
  outer loop
  vertex -0.0269419998 -0.0282470006 -0.0756250024
  vertex -0.0235350002 -0.0268539991 -0.0740189999
  vertex -0.0235450007 -0.0281540006 -0.0726689994
  endloop
 endfacet

 facet normal 0.472563356 -0.711028934 -0.520693541
  outer loop
  vertex -0.0269419998 -0.0282470006 -0.0756250024
  vertex -0.0235450007 -0.0281540006 -0.0726689994
  vertex -0.0265190005 -0.0292540006 -0.0738660023
  endloop
 endfacet

 facet normal 0.773515403 -0.459375918 -0.436632246
  outer loop
  vertex -0.0209350009 -0.0329199992 -0.0630310029
  vertex -0.0235450007 -0.0281540006 -0.0726689994
  vertex -0.0235350002 -0.0268539991 -0.0740189999
  endloop
 endfacet

 facet normal 0.796845376 -0.429034323 -0.425402343
  outer loop
  vertex -0.0209350009 -0.0329199992 -0.0630310029
  vertex -0.0235350002 -0.0268539991 -0.0740189999
  vertex -0.02104 -0.0256210007 -0.0705889985
  endloop
 endfacet

 facet normal -0.41895324 -0.537767589 -0.731631279
  outer loop
  vertex -0.0357149988 -0.0282119997 -0.0740510002
  vertex -0.034111999 -0.0252119992 -0.0771740004
  vertex -0.0316289999 -0.0276769996 -0.0767839998
  endloop
 endfacet

 facet normal -0.505068898 -0.129576027 -0.853296876
  outer loop
  vertex -0.0311280005 -0.0229460001 -0.0794980004
  vertex -0.0339980014 -0.0237509999 -0.0776769966
  vertex -0.0328539982 -0.0154609997 -0.0796130002
  endloop
 endfacet

 facet normal 0.0835466906 -0.390856594 -0.916652143
  outer loop
  vertex -0.0311280005 -0.0229460001 -0.0794980004
  vertex -0.0279779993 -0.0245030001 -0.0785470009
  vertex -0.0304770004 -0.0261840001 -0.0780579969
  endloop
 endfacet

 facet normal -0.103275888 -0.421437502 -0.900957525
  outer loop
  vertex -0.0311280005 -0.0229460001 -0.0794980004
  vertex -0.0304770004 -0.0261840001 -0.0780579969
  vertex -0.0318300016 -0.0248840004 -0.0785109997
  endloop
 endfacet

 facet normal -0.228577957 -0.523838282 -0.82057637
  outer loop
  vertex -0.0318300016 -0.0248840004 -0.0785109997
  vertex -0.0304770004 -0.0261840001 -0.0780579969
  vertex -0.0316289999 -0.0276769996 -0.0767839998
  endloop
 endfacet

 facet normal -0.458621681 -0.265734285 -0.847969055
  outer loop
  vertex -0.0318300016 -0.0248840004 -0.0785109997
  vertex -0.034111999 -0.0252119992 -0.0771740004
  vertex -0.0311280005 -0.0229460001 -0.0794980004
  endloop
 endfacet

 facet normal -0.465924174 -0.255317152 -0.847188234
  outer loop
  vertex -0.0311280005 -0.0229460001 -0.0794980004
  vertex -0.034111999 -0.0252119992 -0.0771740004
  vertex -0.0339980014 -0.0237509999 -0.0776769966
  endloop
 endfacet

 facet normal -0.653099656 -0.200455755 -0.73025912
  outer loop
  vertex -0.0339980014 -0.0237509999 -0.0776769966
  vertex -0.034111999 -0.0252119992 -0.0771740004
  vertex -0.0371510014 -0.0248080008 -0.0745669976
  endloop
 endfacet

 facet normal -0.681493938 -0.100116059 -0.72494334
  outer loop
  vertex -0.0339980014 -0.0237509999 -0.0776769966
  vertex -0.0371510014 -0.0248080008 -0.0745669976
  vertex -0.0362149999 -0.0181600004 -0.0763650015
  endloop
 endfacet

 facet normal -0.812060714 -0.0681253299 -0.579582989
  outer loop
  vertex -0.0380439982 -0.0193189997 -0.0739609972
  vertex -0.0371510014 -0.0248080008 -0.0745669976
  vertex -0.0392189994 -0.0245060008 -0.0717049986
  endloop
 endfacet

 facet normal -0.780743241 -0.0583337955 -0.622123241
  outer loop
  vertex -0.0380439982 -0.0193189997 -0.0739609972
  vertex -0.0362149999 -0.0181600004 -0.0763650015
  vertex -0.0371510014 -0.0248080008 -0.0745669976
  endloop
 endfacet

 facet normal -0.94420588 -0.114124209 -0.308951348
  outer loop
  vertex -0.0396220013 -0.0261799991 -0.0698549971
  vertex -0.0404019989 -0.0224229991 -0.0688590035
  vertex -0.0392189994 -0.0245060008 -0.0717049986
  endloop
 endfacet

 facet normal 0.76913774 -0.140150666 -0.623526275
  outer loop
  vertex -0.0236109998 -0.0174380001 -0.0764119998
  vertex -0.0221469998 -0.0198810007 -0.0740569979
  vertex -0.0231599994 -0.0261610001 -0.0738949999
  endloop
 endfacet

 facet normal 0.706074297 -0.139504582 -0.694260538
  outer loop
  vertex -0.0236109998 -0.0174380001 -0.0764119998
  vertex -0.0266440008 -0.0236220006 -0.0782539994
  vertex -0.0265369993 -0.0167900007 -0.0795179978
  endloop
 endfacet

 facet normal 0.339087963 -0.208336517 -0.917395949
  outer loop
  vertex -0.027919 -0.0203469992 -0.0794690028
  vertex -0.0266440008 -0.0236220006 -0.0782539994
  vertex -0.0279779993 -0.0245030001 -0.0785470009
  endloop
 endfacet

 facet normal -0.380737275 -0.505971432 -0.773971558
  outer loop
  vertex -0.0316289999 -0.0276769996 -0.0767839998
  vertex -0.034111999 -0.0252119992 -0.0771740004
  vertex -0.0318300016 -0.0248840004 -0.0785109997
  endloop
 endfacet

 facet normal 0.221418202 -0.561167717 -0.79753679
  outer loop
  vertex -0.0304770004 -0.0261840001 -0.0780579969
  vertex -0.0279779993 -0.0245030001 -0.0785470009
  vertex -0.0269419998 -0.0282470006 -0.0756250024
  endloop
 endfacet

 facet normal 0.285675317 -0.539237559 -0.792219937
  outer loop
  vertex -0.0269419998 -0.0282470006 -0.0756250024
  vertex -0.0279779993 -0.0245030001 -0.0785470009
  vertex -0.0265009999 -0.0266500004 -0.076553002
  endloop
 endfacet

 facet normal 0.450851083 -0.420887798 -0.787138343
  outer loop
  vertex -0.0265009999 -0.0266500004 -0.076553002
  vertex -0.0279779993 -0.0245030001 -0.0785470009
  vertex -0.0266440008 -0.0236220006 -0.0782539994
  endloop
 endfacet

 facet normal 0.811838031 -0.356577575 -0.462354362
  outer loop
  vertex -0.0235350002 -0.0268539991 -0.0740189999
  vertex -0.0231599994 -0.0261610001 -0.0738949999
  vertex -0.02104 -0.0256210007 -0.0705889985
  endloop
 endfacet

 facet normal 0.893016934 -0.0937105641 -0.440158188
  outer loop
  vertex -0.0209309999 -0.0198430009 -0.0715980008
  vertex -0.02104 -0.0256210007 -0.0705889985
  vertex -0.0221469998 -0.0198810007 -0.0740569979
  endloop
 endfacet

 facet normal 0.725279987 -0.155986756 -0.67054987
  outer loop
  vertex -0.0236109998 -0.0174380001 -0.0764119998
  vertex -0.0231599994 -0.0261610001 -0.0738949999
  vertex -0.0266440008 -0.0236220006 -0.0782539994
  endloop
 endfacet

 facet normal 0.161786035 -0.188951582 -0.968567312
  outer loop
  vertex -0.027919 -0.0203469992 -0.0794690028
  vertex -0.0311280005 -0.0229460001 -0.0794980004
  vertex -0.0291729998 -0.0164689999 -0.0804350004
  endloop
 endfacet

 facet normal 0.411113948 -0.172060832 -0.895198584
  outer loop
  vertex -0.0265369993 -0.0167900007 -0.0795179978
  vertex -0.0266440008 -0.0236220006 -0.0782539994
  vertex -0.027919 -0.0203469992 -0.0794690028
  endloop
 endfacet

 facet normal 0.183120087 -0.215397269 -0.959203362
  outer loop
  vertex -0.0279779993 -0.0245030001 -0.0785470009
  vertex -0.0311280005 -0.0229460001 -0.0794980004
  vertex -0.027919 -0.0203469992 -0.0794690028
  endloop
 endfacet

 facet normal 0.587046146 -0.375243306 -0.717334867
  outer loop
  vertex -0.0235350002 -0.0268539991 -0.0740189999
  vertex -0.0265009999 -0.0266500004 -0.076553002
  vertex -0.0266440008 -0.0236220006 -0.0782539994
  endloop
 endfacet

 facet normal 0.843255043 -0.149341539 -0.516350567
  outer loop
  vertex -0.02104 -0.0256210007 -0.0705889985
  vertex -0.0231599994 -0.0261610001 -0.0738949999
  vertex -0.0221469998 -0.0198810007 -0.0740569979
  endloop
 endfacet

 facet normal 0.682214856 -0.245963156 -0.688538432
  outer loop
  vertex -0.0266440008 -0.0236220006 -0.0782539994
  vertex -0.0231599994 -0.0261610001 -0.0738949999
  vertex -0.0235350002 -0.0268539991 -0.0740189999
  endloop
 endfacet

endsolid AssimpScene
