solid AssimpScene
 facet normal -0.999083757 0.0427993014 0
  outer loop
  vertex -0.0585820004 0.0109999999 -0.00215000007
  vertex -0.0585750006 0.0111710001 -0.00215000007
  vertex -0.0585820004 0.0109999999 -0.00215999992
  endloop
 endfacet

 facet normal -0.999079466 0.0428991169 0
  outer loop
  vertex -0.0585820004 0.0109999999 -0.00215999992
  vertex -0.0585750006 0.0111710001 -0.00215000007
  vertex -0.0585750006 0.0111710001 -0.00909600034
  endloop
 endfacet

 facet normal -0.999083757 0.0427993014 0
  outer loop
  vertex -0.0592090003 -0.00361400004 -0.00909600034
  vertex -0.0592090003 -0.00361400004 -0.00215999992
  vertex -0.0592020005 -0.00344299991 -0.00910000037
  endloop
 endfacet

 facet normal -0.999079466 0.0428991169 0
  outer loop
  vertex -0.0592020005 -0.00344299991 -0.00910000037
  vertex -0.0592090003 -0.00361400004 -0.00215999992
  vertex -0.0585820004 0.0109999999 -0.00215999992
  endloop
 endfacet

 facet normal -0.999079466 0.0428991169 0
  outer loop
  vertex -0.0592020005 -0.00344299991 -0.00910000037
  vertex -0.0585820004 0.0109999999 -0.00215999992
  vertex -0.0585820004 0.0109999999 -0.00910000037
  endloop
 endfacet

 facet normal -0.999083757 0.0427993014 0
  outer loop
  vertex -0.0585820004 0.0109999999 -0.00910000037
  vertex -0.0585820004 0.0109999999 -0.00215999992
  vertex -0.0585750006 0.0111710001 -0.00909600034
  endloop
 endfacet

 facet normal -0.0856025219 -0.996329308 0
  outer loop
  vertex -0.00107 -0.0124540003 -0.00215000007
  vertex -0.00107 -0.0124540003 0.00374999992
  vertex -0.0206519999 -0.0107709998 0.00374999992
  endloop
 endfacet

 facet normal -0.0856025219 -0.996329308 0
  outer loop
  vertex -0.0206519999 -0.0107709998 0.00535000023
  vertex -0.0707489997 -0.0064650001 0.00535000023
  vertex -0.0206519999 -0.0107709998 0.00374999992
  endloop
 endfacet

 facet normal -0.0856025219 -0.996329308 0
  outer loop
  vertex -0.0206519999 -0.0107709998 0.00374999992
  vertex -0.0707489997 -0.0064650001 0.00535000023
  vertex -0.0707489997 -0.0064650001 -0.00215000007
  endloop
 endfacet

 facet normal -0.0856025219 -0.996329308 0
  outer loop
  vertex -0.0206519999 -0.0107709998 0.00374999992
  vertex -0.0707489997 -0.0064650001 -0.00215000007
  vertex -0.00107 -0.0124540003 -0.00215000007
  endloop
 endfacet

 facet normal -0.0856025219 -0.996329308 0
  outer loop
  vertex -0.0206519999 -0.0107709998 -0.00215999992
  vertex -0.0555559993 -0.0077709998 -0.00215999992
  vertex -0.0206519999 -0.0107709998 -0.00510000018
  endloop
 endfacet

 facet normal -0.0856025219 -0.996329308 0
  outer loop
  vertex -0.0206519999 -0.0107709998 -0.00510000018
  vertex -0.0555559993 -0.0077709998 -0.00215999992
  vertex -0.0555559993 -0.0077709998 -0.00510000018
  endloop
 endfacet

 facet normal 0.999079466 -0.0428991169 0
  outer loop
  vertex -0.0163129997 -0.00695700012 0.00374999992
  vertex -0.0154790003 0.0125000002 0.00374999992
  vertex -0.0163129997 -0.00695700012 0.00535000023
  endloop
 endfacet

 facet normal 0.999079466 -0.0428991169 0
  outer loop
  vertex -0.0163129997 -0.00695700012 0.00535000023
  vertex -0.0154790003 0.0125000002 0.00374999992
  vertex -0.0154790003 0.0125000002 0.00535000023
  endloop
 endfacet

 facet normal 0 1 0
  outer loop
  vertex -0.0582869984 0.0125000002 -0.00215000007
  vertex -0.0699359998 0.0125000002 -0.00215000007
  vertex -0.0582869984 0.0125000002 0.00535000023
  endloop
 endfacet

 facet normal 0 1 0
  outer loop
  vertex -0.0582869984 0.0125000002 0.00535000023
  vertex -0.0699359998 0.0125000002 -0.00215000007
  vertex -0.0699359998 0.0125000002 0.00535000023
  endloop
 endfacet

 facet normal 0 0 1
  outer loop
  vertex -0.0167009998 -0.00851199962 0.00374999992
  vertex -0.0176689997 -0.00978999957 0.00374999992
  vertex -0.00107 -0.0124540003 0.00374999992
  endloop
 endfacet

 facet normal 0 0 1
  outer loop
  vertex -0.00107 -0.0124540003 0.00374999992
  vertex -0.0176689997 -0.00978999957 0.00374999992
  vertex -0.0190600008 -0.010586 0.00374999992
  endloop
 endfacet

 facet normal 0 0 1
  outer loop
  vertex -0.00107 -0.0124540003 0.00374999992
  vertex -0.0190600008 -0.010586 0.00374999992
  vertex -0.0206519999 -0.0107709998 0.00374999992
  endloop
 endfacet

 facet normal 0 0 1
  outer loop
  vertex 0.00325100007 -0.0094569996 0.00374999992
  vertex 0.000319000013 -0.00999500044 0.00374999992
  vertex -0.00107 -0.0124540003 0.00374999992
  endloop
 endfacet

 facet normal 0 0 1
  outer loop
  vertex -0.00107 -0.0124540003 0.00374999992
  vertex 0.000319000013 -0.00999500044 0.00374999992
  vertex -0.00264100009 -0.0096450001 0.00374999992
  endloop
 endfacet

 facet normal 0 0 1
  outer loop
  vertex -0.00107 -0.0124540003 0.00374999992
  vertex -0.00264100009 -0.0096450001 0.00374999992
  vertex -0.0167009998 -0.00851199962 0.00374999992
  endloop
 endfacet

 facet normal 0 0 1
  outer loop
  vertex -0.00918699987 -0.00394900003 0.00374999992
  vertex -0.0163129997 -0.00695700012 0.00374999992
  vertex -0.00761500001 -0.00648100022 0.00374999992
  endloop
 endfacet

 facet normal 0 0 1
  outer loop
  vertex -0.00761500001 -0.00648100022 0.00374999992
  vertex -0.0163129997 -0.00695700012 0.00374999992
  vertex -0.0167009998 -0.00851199962 0.00374999992
  endloop
 endfacet

 facet normal 0 0 1
  outer loop
  vertex -0.00761500001 -0.00648100022 0.00374999992
  vertex -0.0167009998 -0.00851199962 0.00374999992
  vertex -0.00536700012 -0.00843800046 0.00374999992
  endloop
 endfacet

 facet normal 0 0 1
  outer loop
  vertex -0.00536700012 -0.00843800046 0.00374999992
  vertex -0.0167009998 -0.00851199962 0.00374999992
  vertex -0.00264100009 -0.0096450001 0.00374999992
  endloop
 endfacet

 facet normal 0 0 1
  outer loop
  vertex -0.00881499983 0.00472099986 0.00374999992
  vertex -0.00703199999 0.00711000012 0.00374999992
  vertex -0.0154790003 0.0125000002 0.00374999992
  endloop
 endfacet

 facet normal 0 0 1
  outer loop
  vertex -0.0154790003 0.0125000002 0.00374999992
  vertex -0.00703199999 0.00711000012 0.00374999992
  vertex -0.00462399982 0.00886700023 0.00374999992
  endloop
 endfacet

 facet normal 0 0 1
  outer loop
  vertex -0.0154790003 0.0125000002 0.00374999992
  vertex -0.00462399982 0.00886700023 0.00374999992
  vertex 0 0.0125000002 0.00374999992
  endloop
 endfacet

 facet normal 0 0 1
  outer loop
  vertex -0.00918699987 -0.00394900003 0.00374999992
  vertex -0.00994300004 -0.00106499996 0.00374999992
  vertex -0.0163129997 -0.00695700012 0.00374999992
  endloop
 endfacet

 facet normal 0 0 1
  outer loop
  vertex -0.0163129997 -0.00695700012 0.00374999992
  vertex -0.00994300004 -0.00106499996 0.00374999992
  vertex -0.00999100041 0.000429000007 0.00374999992
  endloop
 endfacet

 facet normal 0 0 1
  outer loop
  vertex -0.0163129997 -0.00695700012 0.00374999992
  vertex -0.00999100041 0.000429000007 0.00374999992
  vertex -0.0154790003 0.0125000002 0.00374999992
  endloop
 endfacet

 facet normal 0 0 1
  outer loop
  vertex -0.0154790003 0.0125000002 0.00374999992
  vertex -0.00999100041 0.000429000007 0.00374999992
  vertex -0.009815 0.00191300001 0.00374999992
  endloop
 endfacet

 facet normal 0 0 1
  outer loop
  vertex -0.0154790003 0.0125000002 0.00374999992
  vertex -0.009815 0.00191300001 0.00374999992
  vertex -0.00881499983 0.00472099986 0.00374999992
  endloop
 endfacet

 facet normal 0 0 1
  outer loop
  vertex -0.00107 -0.0124540003 0.00374999992
  vertex 0.00227700011 -0.0122910002 0.00374999992
  vertex 0.00325100007 -0.0094569996 0.00374999992
  endloop
 endfacet

 facet normal 0 0 1
  outer loop
  vertex 0.00325100007 -0.0094569996 0.00374999992
  vertex 0.00227700011 -0.0122910002 0.00374999992
  vertex 0.00546099991 -0.0112439999 0.00374999992
  endloop
 endfacet

 facet normal 0 0 1
  outer loop
  vertex 0.00325100007 -0.0094569996 0.00374999992
  vertex 0.00546099991 -0.0112439999 0.00374999992
  vertex 0.00589400018 -0.00807799958 0.00374999992
  endloop
 endfacet

 facet normal 0 0 1
  outer loop
  vertex 0.00589400018 -0.00807799958 0.00374999992
  vertex 0.00546099991 -0.0112439999 0.00374999992
  vertex 0.00825299975 -0.00938900001 0.00374999992
  endloop
 endfacet

 facet normal 0 0 1
  outer loop
  vertex 0.00589400018 -0.00807799958 0.00374999992
  vertex 0.00825299975 -0.00938900001 0.00374999992
  vertex 0.00801299978 -0.00598199992 0.00374999992
  endloop
 endfacet

 facet normal 0 0 1
  outer loop
  vertex 0.00801299978 -0.00598199992 0.00374999992
  vertex 0.00825299975 -0.00938900001 0.00374999992
  vertex 0.0104510002 -0.00685800007 0.00374999992
  endloop
 endfacet

 facet normal 0 0 1
  outer loop
  vertex 0.00801299978 -0.00598199992 0.00374999992
  vertex 0.0104510002 -0.00685800007 0.00374999992
  vertex 0.00942100026 -0.00335399993 0.00374999992
  endloop
 endfacet

 facet normal 0 0 1
  outer loop
  vertex 0.00942100026 -0.00335399993 0.00374999992
  vertex 0.0104510002 -0.00685800007 0.00374999992
  vertex 0.0118969996 -0.0038350001 0.00374999992
  endloop
 endfacet

 facet normal 0 0 1
  outer loop
  vertex 0.00942100026 -0.00335399993 0.00374999992
  vertex 0.0118969996 -0.0038350001 0.00374999992
  vertex 0.00999100041 -0.000429000007 0.00374999992
  endloop
 endfacet

 facet normal 0 0 1
  outer loop
  vertex 0.00999100041 -0.000429000007 0.00374999992
  vertex 0.0118969996 -0.0038350001 0.00374999992
  vertex 0.0124890003 -0.000536000007 0.00374999992
  endloop
 endfacet

 facet normal 0 0 1
  outer loop
  vertex 0.00999100041 -0.000429000007 0.00374999992
  vertex 0.0124890003 -0.000536000007 0.00374999992
  vertex 0.00967300031 0.00253499998 0.00374999992
  endloop
 endfacet

 facet normal 0 0 1
  outer loop
  vertex 0.00967300031 0.00253499998 0.00374999992
  vertex 0.0124890003 -0.000536000007 0.00374999992
  vertex 0.0121820001 0.00280199992 0.00374999992
  endloop
 endfacet

 facet normal 0 0 1
  outer loop
  vertex 0.00967300031 0.00253499998 0.00374999992
  vertex 0.0121820001 0.00280199992 0.00374999992
  vertex 0.00849600043 0.00527400011 0.00374999992
  endloop
 endfacet

 facet normal 0 0 1
  outer loop
  vertex 0.00849600043 0.00527400011 0.00374999992
  vertex 0.0121820001 0.00280199992 0.00374999992
  vertex 0.0109989997 0.00593800005 0.00374999992
  endloop
 endfacet

 facet normal 0 0 1
  outer loop
  vertex 0.00849600043 0.00527400011 0.00374999992
  vertex 0.0109989997 0.00593800005 0.00374999992
  vertex 0.00656400016 0.00754400017 0.00374999992
  endloop
 endfacet

 facet normal 0 0 1
  outer loop
  vertex 0.00656400016 0.00754400017 0.00374999992
  vertex 0.0109989997 0.00593800005 0.00374999992
  vertex 0.00902600028 0.00864700042 0.00374999992
  endloop
 endfacet

 facet normal 0 0 1
  outer loop
  vertex 0.00656400016 0.00754400017 0.00374999992
  vertex 0.00902600028 0.00864700042 0.00374999992
  vertex 0.00404899986 0.00914399978 0.00374999992
  endloop
 endfacet

 facet normal 0 0 1
  outer loop
  vertex -0.00462399982 0.00886700023 0.00374999992
  vertex -0.00180500001 0.00983600039 0.00374999992
  vertex 0 0.0125000002 0.00374999992
  endloop
 endfacet

 facet normal 0 0 1
  outer loop
  vertex 0 0.0125000002 0.00374999992
  vertex -0.00180500001 0.00983600039 0.00374999992
  vertex 0.00117399998 0.00993099995 0.00374999992
  endloop
 endfacet

 facet normal 0 0 1
  outer loop
  vertex 0 0.0125000002 0.00374999992
  vertex 0.00117399998 0.00993099995 0.00374999992
  vertex 0.00332099991 0.0120510003 0.00374999992
  endloop
 endfacet

 facet normal 0 0 1
  outer loop
  vertex 0.00332099991 0.0120510003 0.00374999992
  vertex 0.00117399998 0.00993099995 0.00374999992
  vertex 0.00404899986 0.00914399978 0.00374999992
  endloop
 endfacet

 facet normal 0 0 1
  outer loop
  vertex 0.00332099991 0.0120510003 0.00374999992
  vertex 0.00404899986 0.00914399978 0.00374999992
  vertex 0.00640399987 0.0107349996 0.00374999992
  endloop
 endfacet

 facet normal 0 0 1
  outer loop
  vertex 0.00640399987 0.0107349996 0.00374999992
  vertex 0.00404899986 0.00914399978 0.00374999992
  vertex 0.00902600028 0.00864700042 0.00374999992
  endloop
 endfacet

 facet normal 0 0 -1
  outer loop
  vertex -0.0734380037 -0.000569000025 -0.00215000007
  vertex -0.0779419988 -0.00211300002 -0.00215000007
  vertex -0.0745859966 0.00116400002 -0.00215000007
  endloop
 endfacet

 facet normal 0 0 -1
  outer loop
  vertex -0.0745859966 0.00116400002 -0.00215000007
  vertex -0.0779419988 -0.00211300002 -0.00215000007
  vertex -0.0791099966 0.000532999984 -0.00215000007
  endloop
 endfacet

 facet normal 0 0 -1
  outer loop
  vertex -0.0745859966 0.00116400002 -0.00215000007
  vertex -0.0791099966 0.000532999984 -0.00215000007
  vertex -0.0749310032 0.00321400003 -0.00215000007
  endloop
 endfacet

 facet normal 0 0 -1
  outer loop
  vertex -0.0749310032 0.00321400003 -0.00215000007
  vertex -0.0791099966 0.000532999984 -0.00215000007
  vertex -0.0794269964 0.0034070001 -0.00215000007
  endloop
 endfacet

 facet normal 0 0 -1
  outer loop
  vertex -0.0749310032 0.00321400003 -0.00215000007
  vertex -0.0794269964 0.0034070001 -0.00215000007
  vertex -0.0744120032 0.00522800023 -0.00215000007
  endloop
 endfacet

 facet normal 0 0 -1
  outer loop
  vertex -0.0696270019 -0.00199000002 -0.00215000007
  vertex -0.0676240027 -0.00143299997 -0.00215000007
  vertex -0.00999100041 0.000429000007 -0.00215000007
  endloop
 endfacet

 facet normal 0 0 -1
  outer loop
  vertex -0.00999100041 0.000429000007 -0.00215000007
  vertex -0.0676240027 -0.00143299997 -0.00215000007
  vertex -0.066019997 -0.000110000001 -0.00215000007
  endloop
 endfacet

 facet normal 0 0 -1
  outer loop
  vertex -0.00994300004 -0.00106499996 -0.00215000007
  vertex -0.00918699987 -0.00394900003 -0.00215000007
  vertex -0.0707489997 -0.0064650001 -0.00215000007
  endloop
 endfacet

 facet normal 0 0 -1
  outer loop
  vertex -0.0180900004 0.0109999999 -0.00215000007
  vertex -0.00180500001 0.00983600039 -0.00215000007
  vertex -0.00462399982 0.00886700023 -0.00215000007
  endloop
 endfacet

 facet normal 0 0 -1
  outer loop
  vertex -0.0672520027 0.00721899979 -0.00215000007
  vertex -0.0585750006 0.0111710001 -0.00215000007
  vertex -0.0657680035 0.00576299988 -0.00215000007
  endloop
 endfacet

 facet normal 0 0 -1
  outer loop
  vertex -0.0657680035 0.00576299988 -0.00215000007
  vertex -0.0585750006 0.0111710001 -0.00215000007
  vertex -0.0585820004 0.0109999999 -0.00215000007
  endloop
 endfacet

 facet normal 0 0 -1
  outer loop
  vertex -0.0657680035 0.00576299988 -0.00215000007
  vertex -0.0585820004 0.0109999999 -0.00215000007
  vertex -0.065004997 0.00382900005 -0.00215000007
  endloop
 endfacet

 facet normal 0 0 -1
  outer loop
  vertex -0.0794269964 0.0034070001 -0.00215000007
  vertex -0.0788649991 0.00624400005 -0.00215000007
  vertex -0.0744120032 0.00522800023 -0.00215000007
  endloop
 endfacet

 facet normal 0 0 -1
  outer loop
  vertex -0.0744120032 0.00522800023 -0.00215000007
  vertex -0.0788649991 0.00624400005 -0.00215000007
  vertex -0.0774749964 0.0087799998 -0.00215000007
  endloop
 endfacet

 facet normal 0 0 -1
  outer loop
  vertex -0.0744120032 0.00522800023 -0.00215000007
  vertex -0.0774749964 0.0087799998 -0.00215000007
  vertex -0.0731189996 0.00685600005 -0.00215000007
  endloop
 endfacet

 facet normal 0 0 -1
  outer loop
  vertex -0.0731189996 0.00685600005 -0.00215000007
  vertex -0.0774749964 0.0087799998 -0.00215000007
  vertex -0.075387001 0.0107800001 -0.00215000007
  endloop
 endfacet

 facet normal 0 0 -1
  outer loop
  vertex -0.0731189996 0.00685600005 -0.00215000007
  vertex -0.075387001 0.0107800001 -0.00215000007
  vertex -0.0712760016 0.00781700015 -0.00215000007
  endloop
 endfacet

 facet normal 0 0 -1
  outer loop
  vertex -0.0712760016 0.00781700015 -0.00215000007
  vertex -0.075387001 0.0107800001 -0.00215000007
  vertex -0.0727939978 0.0120599996 -0.00215000007
  endloop
 endfacet

 facet normal 0 0 -1
  outer loop
  vertex -0.0712760016 0.00781700015 -0.00215000007
  vertex -0.0727939978 0.0120599996 -0.00215000007
  vertex -0.0692000017 0.00794600043 -0.00215000007
  endloop
 endfacet

 facet normal 0 0 -1
  outer loop
  vertex -0.0692000017 0.00794600043 -0.00215000007
  vertex -0.0727939978 0.0120599996 -0.00215000007
  vertex -0.0699359998 0.0125000002 -0.00215000007
  endloop
 endfacet

 facet normal 0 0 -1
  outer loop
  vertex -0.0692000017 0.00794600043 -0.00215000007
  vertex -0.0699359998 0.0125000002 -0.00215000007
  vertex -0.0672520027 0.00721899979 -0.00215000007
  endloop
 endfacet

 facet normal 0 0 -1
  outer loop
  vertex -0.0672520027 0.00721899979 -0.00215000007
  vertex -0.0699359998 0.0125000002 -0.00215000007
  vertex -0.0582869984 0.0125000002 -0.00215000007
  endloop
 endfacet

 facet normal 0 0 -1
  outer loop
  vertex -0.0672520027 0.00721899979 -0.00215000007
  vertex -0.0582869984 0.0125000002 -0.00215000007
  vertex -0.0585750006 0.0111710001 -0.00215000007
  endloop
 endfacet

 facet normal 0 0 -1
  outer loop
  vertex -0.00999100041 0.000429000007 -0.00215000007
  vertex -0.00994300004 -0.00106499996 -0.00215000007
  vertex -0.0696270019 -0.00199000002 -0.00215000007
  endloop
 endfacet

 facet normal 0 0 -1
  outer loop
  vertex -0.0696270019 -0.00199000002 -0.00215000007
  vertex -0.00994300004 -0.00106499996 -0.00215000007
  vertex -0.0707489997 -0.0064650001 -0.00215000007
  endloop
 endfacet

 facet normal 0 0 -1
  outer loop
  vertex -0.0696270019 -0.00199000002 -0.00215000007
  vertex -0.0707489997 -0.0064650001 -0.00215000007
  vertex -0.071682997 -0.00168500002 -0.00215000007
  endloop
 endfacet

 facet normal 0 0 -1
  outer loop
  vertex -0.071682997 -0.00168500002 -0.00215000007
  vertex -0.0707489997 -0.0064650001 -0.00215000007
  vertex -0.0735590011 -0.00578199979 -0.00215000007
  endloop
 endfacet

 facet normal 0 0 -1
  outer loop
  vertex -0.071682997 -0.00168500002 -0.00215000007
  vertex -0.0735590011 -0.00578199979 -0.00215000007
  vertex -0.0734380037 -0.000569000025 -0.00215000007
  endloop
 endfacet

 facet normal 0 0 -1
  outer loop
  vertex -0.0734380037 -0.000569000025 -0.00215000007
  vertex -0.0735590011 -0.00578199979 -0.00215000007
  vertex -0.0760330036 -0.0042849998 -0.00215000007
  endloop
 endfacet

 facet normal 0 0 -1
  outer loop
  vertex -0.0734380037 -0.000569000025 -0.00215000007
  vertex -0.0760330036 -0.0042849998 -0.00215000007
  vertex -0.0779419988 -0.00211300002 -0.00215000007
  endloop
 endfacet

 facet normal 0 0 -1
  outer loop
  vertex -0.00918699987 -0.00394900003 -0.00215000007
  vertex -0.00761500001 -0.00648100022 -0.00215000007
  vertex -0.0707489997 -0.0064650001 -0.00215000007
  endloop
 endfacet

 facet normal 0 0 -1
  outer loop
  vertex -0.0707489997 -0.0064650001 -0.00215000007
  vertex -0.00761500001 -0.00648100022 -0.00215000007
  vertex -0.00536700012 -0.00843800046 -0.00215000007
  endloop
 endfacet

 facet normal 0 0 -1
  outer loop
  vertex -0.0707489997 -0.0064650001 -0.00215000007
  vertex -0.00536700012 -0.00843800046 -0.00215000007
  vertex -0.00107 -0.0124540003 -0.00215000007
  endloop
 endfacet

 facet normal 0 0 -1
  outer loop
  vertex -0.00536700012 -0.00843800046 -0.00215000007
  vertex -0.00264100009 -0.0096450001 -0.00215000007
  vertex -0.00107 -0.0124540003 -0.00215000007
  endloop
 endfacet

 facet normal 0 0 -1
  outer loop
  vertex -0.00107 -0.0124540003 -0.00215000007
  vertex -0.00264100009 -0.0096450001 -0.00215000007
  vertex 0.000319000013 -0.00999500044 -0.00215000007
  endloop
 endfacet

 facet normal 0 0 -1
  outer loop
  vertex -0.00107 -0.0124540003 -0.00215000007
  vertex 0.000319000013 -0.00999500044 -0.00215000007
  vertex 0.00227700011 -0.0122910002 -0.00215000007
  endloop
 endfacet

 facet normal 0 0 -1
  outer loop
  vertex 0.00227700011 -0.0122910002 -0.00215000007
  vertex 0.000319000013 -0.00999500044 -0.00215000007
  vertex 0.00325100007 -0.0094569996 -0.00215000007
  endloop
 endfacet

 facet normal 0 0 -1
  outer loop
  vertex 0.00404899986 0.00914399978 -0.00215000007
  vertex 0.00117399998 0.00993099995 -0.00215000007
  vertex 0 0.0125000002 -0.00215000007
  endloop
 endfacet

 facet normal 0 0 -1
  outer loop
  vertex -0.00180500001 0.00983600039 -0.00215000007
  vertex -0.0180900004 0.0109999999 -0.00215000007
  vertex 0.00117399998 0.00993099995 -0.00215000007
  endloop
 endfacet

 facet normal 0 0 -1
  outer loop
  vertex 0.00117399998 0.00993099995 -0.00215000007
  vertex -0.0180900004 0.0109999999 -0.00215000007
  vertex -0.0204489995 0.0125000002 -0.00215000007
  endloop
 endfacet

 facet normal 0 0 -1
  outer loop
  vertex 0.00117399998 0.00993099995 -0.00215000007
  vertex -0.0204489995 0.0125000002 -0.00215000007
  vertex 0 0.0125000002 -0.00215000007
  endloop
 endfacet

 facet normal 0 0 -1
  outer loop
  vertex -0.00462399982 0.00886700023 -0.00215000007
  vertex -0.00703199999 0.00711000012 -0.00215000007
  vertex -0.0180900004 0.0109999999 -0.00215000007
  endloop
 endfacet

 facet normal 0 0 -1
  outer loop
  vertex -0.0180900004 0.0109999999 -0.00215000007
  vertex -0.00703199999 0.00711000012 -0.00215000007
  vertex -0.00881499983 0.00472099986 -0.00215000007
  endloop
 endfacet

 facet normal 0 0 -1
  outer loop
  vertex -0.0180900004 0.0109999999 -0.00215000007
  vertex -0.00881499983 0.00472099986 -0.00215000007
  vertex -0.0585820004 0.0109999999 -0.00215000007
  endloop
 endfacet

 facet normal 0 0 -1
  outer loop
  vertex -0.0585820004 0.0109999999 -0.00215000007
  vertex -0.00881499983 0.00472099986 -0.00215000007
  vertex -0.009815 0.00191300001 -0.00215000007
  endloop
 endfacet

 facet normal 0 0 -1
  outer loop
  vertex -0.0585820004 0.0109999999 -0.00215000007
  vertex -0.009815 0.00191300001 -0.00215000007
  vertex -0.065004997 0.00382900005 -0.00215000007
  endloop
 endfacet

 facet normal 0 0 -1
  outer loop
  vertex -0.065004997 0.00382900005 -0.00215000007
  vertex -0.009815 0.00191300001 -0.00215000007
  vertex -0.00999100041 0.000429000007 -0.00215000007
  endloop
 endfacet

 facet normal 0 0 -1
  outer loop
  vertex -0.065004997 0.00382900005 -0.00215000007
  vertex -0.00999100041 0.000429000007 -0.00215000007
  vertex -0.0650940016 0.00175199995 -0.00215000007
  endloop
 endfacet

 facet normal 0 0 -1
  outer loop
  vertex -0.0650940016 0.00175199995 -0.00215000007
  vertex -0.00999100041 0.000429000007 -0.00215000007
  vertex -0.066019997 -0.000110000001 -0.00215000007
  endloop
 endfacet

 facet normal 0 0 -1
  outer loop
  vertex 0 0.0125000002 -0.00215000007
  vertex 0.00332099991 0.0120510003 -0.00215000007
  vertex 0.00404899986 0.00914399978 -0.00215000007
  endloop
 endfacet

 facet normal 0 0 -1
  outer loop
  vertex 0.00404899986 0.00914399978 -0.00215000007
  vertex 0.00332099991 0.0120510003 -0.00215000007
  vertex 0.00640399987 0.0107349996 -0.00215000007
  endloop
 endfacet

 facet normal 0 0 -1
  outer loop
  vertex 0.00404899986 0.00914399978 -0.00215000007
  vertex 0.00640399987 0.0107349996 -0.00215000007
  vertex 0.00656400016 0.00754400017 -0.00215000007
  endloop
 endfacet

 facet normal 0 0 -1
  outer loop
  vertex 0.00656400016 0.00754400017 -0.00215000007
  vertex 0.00640399987 0.0107349996 -0.00215000007
  vertex 0.00902600028 0.00864700042 -0.00215000007
  endloop
 endfacet

 facet normal 0 0 -1
  outer loop
  vertex 0.00656400016 0.00754400017 -0.00215000007
  vertex 0.00902600028 0.00864700042 -0.00215000007
  vertex 0.00849600043 0.00527400011 -0.00215000007
  endloop
 endfacet

 facet normal 0 0 -1
  outer loop
  vertex 0.00849600043 0.00527400011 -0.00215000007
  vertex 0.00902600028 0.00864700042 -0.00215000007
  vertex 0.0109989997 0.00593800005 -0.00215000007
  endloop
 endfacet

 facet normal 0 0 -1
  outer loop
  vertex 0.00849600043 0.00527400011 -0.00215000007
  vertex 0.0109989997 0.00593800005 -0.00215000007
  vertex 0.00967300031 0.00253499998 -0.00215000007
  endloop
 endfacet

 facet normal 0 0 -1
  outer loop
  vertex 0.00967300031 0.00253499998 -0.00215000007
  vertex 0.0109989997 0.00593800005 -0.00215000007
  vertex 0.0121820001 0.00280199992 -0.00215000007
  endloop
 endfacet

 facet normal 0 0 -1
  outer loop
  vertex 0.00967300031 0.00253499998 -0.00215000007
  vertex 0.0121820001 0.00280199992 -0.00215000007
  vertex 0.00999100041 -0.000429000007 -0.00215000007
  endloop
 endfacet

 facet normal 0 0 -1
  outer loop
  vertex 0.00999100041 -0.000429000007 -0.00215000007
  vertex 0.0121820001 0.00280199992 -0.00215000007
  vertex 0.0124890003 -0.000536000007 -0.00215000007
  endloop
 endfacet

 facet normal 0 0 -1
  outer loop
  vertex 0.00999100041 -0.000429000007 -0.00215000007
  vertex 0.0124890003 -0.000536000007 -0.00215000007
  vertex 0.00942100026 -0.00335399993 -0.00215000007
  endloop
 endfacet

 facet normal 0 0 -1
  outer loop
  vertex 0.00942100026 -0.00335399993 -0.00215000007
  vertex 0.0124890003 -0.000536000007 -0.00215000007
  vertex 0.0118969996 -0.0038350001 -0.00215000007
  endloop
 endfacet

 facet normal 0 0 -1
  outer loop
  vertex 0.00942100026 -0.00335399993 -0.00215000007
  vertex 0.0118969996 -0.0038350001 -0.00215000007
  vertex 0.00801299978 -0.00598199992 -0.00215000007
  endloop
 endfacet

 facet normal 0 0 -1
  outer loop
  vertex 0.00801299978 -0.00598199992 -0.00215000007
  vertex 0.0118969996 -0.0038350001 -0.00215000007
  vertex 0.0104510002 -0.00685800007 -0.00215000007
  endloop
 endfacet

 facet normal 0 0 -1
  outer loop
  vertex 0.00801299978 -0.00598199992 -0.00215000007
  vertex 0.0104510002 -0.00685800007 -0.00215000007
  vertex 0.00589400018 -0.00807799958 -0.00215000007
  endloop
 endfacet

 facet normal 0 0 -1
  outer loop
  vertex 0.00589400018 -0.00807799958 -0.00215000007
  vertex 0.0104510002 -0.00685800007 -0.00215000007
  vertex 0.00825299975 -0.00938900001 -0.00215000007
  endloop
 endfacet

 facet normal 0 0 -1
  outer loop
  vertex 0.00589400018 -0.00807799958 -0.00215000007
  vertex 0.00825299975 -0.00938900001 -0.00215000007
  vertex 0.00325100007 -0.0094569996 -0.00215000007
  endloop
 endfacet

 facet normal 0 0 -1
  outer loop
  vertex 0.00325100007 -0.0094569996 -0.00215000007
  vertex 0.00825299975 -0.00938900001 -0.00215000007
  vertex 0.00546099991 -0.0112439999 -0.00215000007
  endloop
 endfacet

 facet normal 0 0 -1
  outer loop
  vertex 0.00325100007 -0.0094569996 -0.00215000007
  vertex 0.00546099991 -0.0112439999 -0.00215000007
  vertex 0.00227700011 -0.0122910002 -0.00215000007
  endloop
 endfacet

 facet normal 0.134095728 0.990968406 0
  outer loop
  vertex 0 0.0125000002 -0.00215000007
  vertex 0 0.0125000002 0.00374999992
  vertex 0.00332099991 0.0120510003 0.00374999992
  endloop
 endfacet

 facet normal 0.134095728 0.990968406 0
  outer loop
  vertex 0 0.0125000002 -0.00215000007
  vertex 0.00332099991 0.0120510003 0.00374999992
  vertex 0.00332099991 0.0120510003 -0.00215000007
  endloop
 endfacet

 facet normal 0.392603368 0.919707894 0
  outer loop
  vertex 0.00332099991 0.0120510003 -0.00215000007
  vertex 0.00332099991 0.0120510003 0.00374999992
  vertex 0.00640399987 0.0107349996 0.00374999992
  endloop
 endfacet

 facet normal 0.392603368 0.919707894 0
  outer loop
  vertex 0.00332099991 0.0120510003 -0.00215000007
  vertex 0.00640399987 0.0107349996 0.00374999992
  vertex 0.00640399987 0.0107349996 -0.00215000007
  endloop
 endfacet

 facet normal 0.622790754 0.782388389 0
  outer loop
  vertex 0.00640399987 0.0107349996 -0.00215000007
  vertex 0.00640399987 0.0107349996 0.00374999992
  vertex 0.00902600028 0.00864700042 0.00374999992
  endloop
 endfacet

 facet normal 0.622790754 0.782388389 0
  outer loop
  vertex 0.00640399987 0.0107349996 -0.00215000007
  vertex 0.00902600028 0.00864700042 0.00374999992
  vertex 0.00902600028 0.00864700042 -0.00215000007
  endloop
 endfacet

 facet normal 0.808333695 0.588724494 0
  outer loop
  vertex 0.00902600028 0.00864700042 -0.00215000007
  vertex 0.00902600028 0.00864700042 0.00374999992
  vertex 0.0109989997 0.00593800005 0.00374999992
  endloop
 endfacet

 facet normal 0.808333695 0.588724494 0
  outer loop
  vertex 0.00902600028 0.00864700042 -0.00215000007
  vertex 0.0109989997 0.00593800005 0.00374999992
  vertex 0.0109989997 0.00593800005 -0.00215000007
  endloop
 endfacet

 facet normal 0.935698867 0.352799594 0
  outer loop
  vertex 0.0109989997 0.00593800005 -0.00215000007
  vertex 0.0109989997 0.00593800005 0.00374999992
  vertex 0.0121820001 0.00280199992 0.00374999992
  endloop
 endfacet

 facet normal 0.935698867 0.352799594 0
  outer loop
  vertex 0.0109989997 0.00593800005 -0.00215000007
  vertex 0.0121820001 0.00280199992 0.00374999992
  vertex 0.0121820001 0.00280199992 -0.00215000007
  endloop
 endfacet

 facet normal 0.995805144 0.091500476 0
  outer loop
  vertex 0.0121820001 0.00280199992 -0.00215000007
  vertex 0.0121820001 0.00280199992 0.00374999992
  vertex 0.0124890003 -0.000536000007 0.00374999992
  endloop
 endfacet

 facet normal 0.995805144 0.091500476 0
  outer loop
  vertex 0.0121820001 0.00280199992 -0.00215000007
  vertex 0.0124890003 -0.000536000007 0.00374999992
  vertex 0.0124890003 -0.000536000007 -0.00215000007
  endloop
 endfacet

 facet normal 0.984318018 -0.176403239 0
  outer loop
  vertex 0.0124890003 -0.000536000007 -0.00215000007
  vertex 0.0124890003 -0.000536000007 0.00374999992
  vertex 0.0118969996 -0.0038350001 0.00374999992
  endloop
 endfacet

 facet normal 0.984318018 -0.176403239 0
  outer loop
  vertex 0.0124890003 -0.000536000007 -0.00215000007
  vertex 0.0118969996 -0.0038350001 0.00374999992
  vertex 0.0118969996 -0.0038350001 -0.00215000007
  endloop
 endfacet

 facet normal 0.902071536 -0.431586415 0
  outer loop
  vertex 0.0118969996 -0.0038350001 -0.00215000007
  vertex 0.0118969996 -0.0038350001 0.00374999992
  vertex 0.0104510002 -0.00685800007 0.00374999992
  endloop
 endfacet

 facet normal 0.902071536 -0.431586415 0
  outer loop
  vertex 0.0118969996 -0.0038350001 -0.00215000007
  vertex 0.0104510002 -0.00685800007 0.00374999992
  vertex 0.0104510002 -0.00685800007 -0.00215000007
  endloop
 endfacet

 facet normal 0.754919708 -0.655817151 0
  outer loop
  vertex 0.0104510002 -0.00685800007 -0.00215000007
  vertex 0.0104510002 -0.00685800007 0.00374999992
  vertex 0.00825299975 -0.00938900001 0.00374999992
  endloop
 endfacet

 facet normal 0.754919708 -0.655817151 0
  outer loop
  vertex 0.0104510002 -0.00685800007 -0.00215000007
  vertex 0.00825299975 -0.00938900001 0.00374999992
  vertex 0.00825299975 -0.00938900001 -0.00215000007
  endloop
 endfacet

 facet normal 0.553522646 -0.832834065 0
  outer loop
  vertex 0.00825299975 -0.00938900001 -0.00215000007
  vertex 0.00825299975 -0.00938900001 0.00374999992
  vertex 0.00546099991 -0.0112439999 0.00374999992
  endloop
 endfacet

 facet normal 0.553522646 -0.832834065 0
  outer loop
  vertex 0.00825299975 -0.00938900001 -0.00215000007
  vertex 0.00546099991 -0.0112439999 0.00374999992
  vertex 0.00546099991 -0.0112439999 -0.00215000007
  endloop
 endfacet

 facet normal 0.31238541 -0.949955463 0
  outer loop
  vertex 0.00546099991 -0.0112439999 -0.00215000007
  vertex 0.00546099991 -0.0112439999 0.00374999992
  vertex 0.00227700011 -0.0122910002 0.00374999992
  endloop
 endfacet

 facet normal 0.31238541 -0.949955463 0
  outer loop
  vertex 0.00546099991 -0.0112439999 -0.00215000007
  vertex 0.00227700011 -0.0122910002 0.00374999992
  vertex 0.00227700011 -0.0122910002 -0.00215000007
  endloop
 endfacet

 facet normal 0.048700653 -0.998813391 0
  outer loop
  vertex 0.00227700011 -0.0122910002 -0.00215000007
  vertex 0.00227700011 -0.0122910002 0.00374999992
  vertex -0.00107 -0.0124540003 0.00374999992
  endloop
 endfacet

 facet normal 0.048700653 -0.998813391 0
  outer loop
  vertex 0.00227700011 -0.0122910002 -0.00215000007
  vertex -0.00107 -0.0124540003 0.00374999992
  vertex -0.00107 -0.0124540003 -0.00215000007
  endloop
 endfacet

 facet normal -0.0856025219 -0.996329308 0
  outer loop
  vertex -0.0206519999 -0.0107709998 0.00650000013
  vertex -0.0555559993 -0.0077709998 0.00650000013
  vertex -0.0206519999 -0.0107709998 0.00535999984
  endloop
 endfacet

 facet normal -0.0856025219 -0.996329308 0
  outer loop
  vertex -0.0206519999 -0.0107709998 0.00535999984
  vertex -0.0555559993 -0.0077709998 0.00650000013
  vertex -0.0555559993 -0.0077709998 0.00535999984
  endloop
 endfacet

 facet normal -0.236295462 -0.971681297 0
  outer loop
  vertex -0.0707489997 -0.0064650001 -0.00215000007
  vertex -0.0707489997 -0.0064650001 0.00535000023
  vertex -0.0735590011 -0.00578199979 0.00535000023
  endloop
 endfacet

 facet normal -0.236295462 -0.971681297 0
  outer loop
  vertex -0.0707489997 -0.0064650001 -0.00215000007
  vertex -0.0735590011 -0.00578199979 0.00535000023
  vertex -0.0735590011 -0.00578199979 -0.00215000007
  endloop
 endfacet

 facet normal -0.517683268 -0.855572402 0
  outer loop
  vertex -0.0735590011 -0.00578199979 -0.00215000007
  vertex -0.0735590011 -0.00578199979 0.00535000023
  vertex -0.0760330036 -0.0042849998 0.00535000023
  endloop
 endfacet

 facet normal -0.517683268 -0.855572402 0
  outer loop
  vertex -0.0735590011 -0.00578199979 -0.00215000007
  vertex -0.0760330036 -0.0042849998 0.00535000023
  vertex -0.0760330036 -0.0042849998 -0.00215000007
  endloop
 endfacet

 facet normal -0.751094222 -0.660194933 0
  outer loop
  vertex -0.0760330036 -0.0042849998 -0.00215000007
  vertex -0.0760330036 -0.0042849998 0.00535000023
  vertex -0.0779419988 -0.00211300002 0.00535000023
  endloop
 endfacet

 facet normal -0.751094222 -0.660194933 0
  outer loop
  vertex -0.0760330036 -0.0042849998 -0.00215000007
  vertex -0.0779419988 -0.00211300002 0.00535000023
  vertex -0.0779419988 -0.00211300002 -0.00215000007
  endloop
 endfacet

 facet normal -0.914892793 -0.403696835 0
  outer loop
  vertex -0.0779419988 -0.00211300002 -0.00215000007
  vertex -0.0779419988 -0.00211300002 0.00535000023
  vertex -0.0791099966 0.000532999984 0.00535000023
  endloop
 endfacet

 facet normal -0.914929688 -0.40361312 0
  outer loop
  vertex -0.0779419988 -0.00211300002 -0.00215000007
  vertex -0.0791099966 0.000532999984 0.00535000023
  vertex -0.0791099966 0.000532999984 -0.00215000007
  endloop
 endfacet

 facet normal -0.993965209 -0.109696165 0
  outer loop
  vertex -0.0791099966 0.000532999984 -0.00215000007
  vertex -0.0791099966 0.000532999984 0.00535000023
  vertex -0.0794269964 0.0034070001 0.00535000023
  endloop
 endfacet

 facet normal -0.993965209 -0.109696165 0
  outer loop
  vertex -0.0791099966 0.000532999984 -0.00215000007
  vertex -0.0794269964 0.0034070001 0.00535000023
  vertex -0.0794269964 0.0034070001 -0.00215000007
  endloop
 endfacet

 facet normal -0.980921507 0.194404259 0
  outer loop
  vertex -0.0794269964 0.0034070001 -0.00215000007
  vertex -0.0794269964 0.0034070001 0.00535000023
  vertex -0.0788649991 0.00624400005 0.00535000023
  endloop
 endfacet

 facet normal -0.980921507 0.194404259 0
  outer loop
  vertex -0.0794269964 0.0034070001 -0.00215000007
  vertex -0.0788649991 0.00624400005 0.00535000023
  vertex -0.0788649991 0.00624400005 -0.00215000007
  endloop
 endfacet

 facet normal -0.876995862 0.480497748 0
  outer loop
  vertex -0.0788649991 0.00624400005 -0.00215000007
  vertex -0.0788649991 0.00624400005 0.00535000023
  vertex -0.0774749964 0.0087799998 0.00535000023
  endloop
 endfacet

 facet normal -0.876995862 0.480497748 0
  outer loop
  vertex -0.0788649991 0.00624400005 -0.00215000007
  vertex -0.0774749964 0.0087799998 0.00535000023
  vertex -0.0774749964 0.0087799998 -0.00215000007
  endloop
 endfacet

 facet normal -0.691794515 0.722094357 0
  outer loop
  vertex -0.0774749964 0.0087799998 -0.00215000007
  vertex -0.0774749964 0.0087799998 0.00535000023
  vertex -0.075387001 0.0107800001 0.00535000023
  endloop
 endfacet

 facet normal -0.691794515 0.722094357 0
  outer loop
  vertex -0.0774749964 0.0087799998 -0.00215000007
  vertex -0.075387001 0.0107800001 0.00535000023
  vertex -0.075387001 0.0107800001 -0.00215000007
  endloop
 endfacet

 facet normal -0.442487508 0.89677465 0
  outer loop
  vertex -0.075387001 0.0107800001 -0.00215000007
  vertex -0.075387001 0.0107800001 0.00535000023
  vertex -0.0727939978 0.0120599996 0.00535000023
  endloop
 endfacet

 facet normal -0.442487508 0.89677465 0
  outer loop
  vertex -0.075387001 0.0107800001 -0.00215000007
  vertex -0.0727939978 0.0120599996 0.00535000023
  vertex -0.0727939978 0.0120599996 -0.00215000007
  endloop
 endfacet

 facet normal -0.152207479 0.988348544 0
  outer loop
  vertex -0.0727939978 0.0120599996 -0.00215000007
  vertex -0.0727939978 0.0120599996 0.00535000023
  vertex -0.0699359998 0.0125000002 0.00535000023
  endloop
 endfacet

 facet normal -0.152207479 0.988348544 0
  outer loop
  vertex -0.0727939978 0.0120599996 -0.00215000007
  vertex -0.0699359998 0.0125000002 0.00535000023
  vertex -0.0699359998 0.0125000002 -0.00215000007
  endloop
 endfacet

 facet normal 0 1 0
  outer loop
  vertex 0 0.0125000002 0.00374999992
  vertex 0 0.0125000002 -0.00215000007
  vertex -0.0154790003 0.0125000002 0.00374999992
  endloop
 endfacet

 facet normal 0 1 0
  outer loop
  vertex -0.0154790003 0.0125000002 0.00374999992
  vertex 0 0.0125000002 -0.00215000007
  vertex -0.0204489995 0.0125000002 -0.00215000007
  endloop
 endfacet

 facet normal 0 1 0
  outer loop
  vertex -0.0154790003 0.0125000002 0.00374999992
  vertex -0.0204489995 0.0125000002 -0.00215000007
  vertex -0.0154790003 0.0125000002 0.00535000023
  endloop
 endfacet

 facet normal 0 1 0
  outer loop
  vertex -0.0154790003 0.0125000002 0.00535000023
  vertex -0.0204489995 0.0125000002 -0.00215000007
  vertex -0.0204489995 0.0125000002 0.00535000023
  endloop
 endfacet

 facet normal 0.999079466 -0.0428991169 0
  outer loop
  vertex -0.0157089997 0.00711600017 0.0104999999
  vertex -0.0163129997 -0.00695700012 0.0104999999
  vertex -0.0157089997 0.00711600017 0.00535999984
  endloop
 endfacet

 facet normal 0.999079466 -0.0428991169 0
  outer loop
  vertex -0.0157089997 0.00711600017 0.00535999984
  vertex -0.0163129997 -0.00695700012 0.0104999999
  vertex -0.0163129997 -0.00695700012 0.00535999984
  endloop
 endfacet

 facet normal 0 0 1
  outer loop
  vertex -0.0585750006 0.0111710001 0.00535000023
  vertex -0.0582869984 0.0125000002 0.00535000023
  vertex -0.0699359998 0.0125000002 0.00535000023
  endloop
 endfacet

 facet normal 0 0 1
  outer loop
  vertex -0.0154790003 0.0125000002 0.00535000023
  vertex -0.0204489995 0.0125000002 0.00535000023
  vertex -0.0180900004 0.0109999999 0.00535000023
  endloop
 endfacet

 facet normal 0 0 1
  outer loop
  vertex -0.0154790003 0.0125000002 0.00535000023
  vertex -0.0180900004 0.0109999999 0.00535000023
  vertex -0.0163129997 -0.00695700012 0.00535000023
  endloop
 endfacet

 facet normal 0 0 1
  outer loop
  vertex -0.0745859966 0.00116400002 0.00535000023
  vertex -0.0749310032 0.00321400003 0.00535000023
  vertex -0.0794269964 0.0034070001 0.00535000023
  endloop
 endfacet

 facet normal 0 0 1
  outer loop
  vertex -0.0585820004 0.0109999999 0.00535000023
  vertex -0.0712760016 0.00781700015 0.00535000023
  vertex -0.0692000017 0.00794600043 0.00535000023
  endloop
 endfacet

 facet normal 0 0 1
  outer loop
  vertex -0.0794269964 0.0034070001 0.00535000023
  vertex -0.0749310032 0.00321400003 0.00535000023
  vertex -0.0788649991 0.00624400005 0.00535000023
  endloop
 endfacet

 facet normal 0 0 1
  outer loop
  vertex -0.0788649991 0.00624400005 0.00535000023
  vertex -0.0749310032 0.00321400003 0.00535000023
  vertex -0.0744120032 0.00522800023 0.00535000023
  endloop
 endfacet

 facet normal 0 0 1
  outer loop
  vertex -0.0788649991 0.00624400005 0.00535000023
  vertex -0.0744120032 0.00522800023 0.00535000023
  vertex -0.0774749964 0.0087799998 0.00535000023
  endloop
 endfacet

 facet normal 0 0 1
  outer loop
  vertex -0.0774749964 0.0087799998 0.00535000023
  vertex -0.0744120032 0.00522800023 0.00535000023
  vertex -0.0731189996 0.00685600005 0.00535000023
  endloop
 endfacet

 facet normal 0 0 1
  outer loop
  vertex -0.0774749964 0.0087799998 0.00535000023
  vertex -0.0731189996 0.00685600005 0.00535000023
  vertex -0.075387001 0.0107800001 0.00535000023
  endloop
 endfacet

 facet normal 0 0 1
  outer loop
  vertex -0.075387001 0.0107800001 0.00535000023
  vertex -0.0731189996 0.00685600005 0.00535000023
  vertex -0.0727939978 0.0120599996 0.00535000023
  endloop
 endfacet

 facet normal 0 0 1
  outer loop
  vertex -0.0727939978 0.0120599996 0.00535000023
  vertex -0.0731189996 0.00685600005 0.00535000023
  vertex -0.0712760016 0.00781700015 0.00535000023
  endloop
 endfacet

 facet normal 0 0 1
  outer loop
  vertex -0.0727939978 0.0120599996 0.00535000023
  vertex -0.0712760016 0.00781700015 0.00535000023
  vertex -0.0699359998 0.0125000002 0.00535000023
  endloop
 endfacet

 facet normal 0 0 1
  outer loop
  vertex -0.0699359998 0.0125000002 0.00535000023
  vertex -0.0712760016 0.00781700015 0.00535000023
  vertex -0.0585820004 0.0109999999 0.00535000023
  endloop
 endfacet

 facet normal 0 0 1
  outer loop
  vertex -0.0699359998 0.0125000002 0.00535000023
  vertex -0.0585820004 0.0109999999 0.00535000023
  vertex -0.0585750006 0.0111710001 0.00535000023
  endloop
 endfacet

 facet normal 0 0 1
  outer loop
  vertex -0.0692000017 0.00794600043 0.00535000023
  vertex -0.0672520027 0.00721899979 0.00535000023
  vertex -0.0585820004 0.0109999999 0.00535000023
  endloop
 endfacet

 facet normal 0 0 1
  outer loop
  vertex -0.0585820004 0.0109999999 0.00535000023
  vertex -0.0672520027 0.00721899979 0.00535000023
  vertex -0.0657680035 0.00576299988 0.00535000023
  endloop
 endfacet

 facet normal 0 0 1
  outer loop
  vertex -0.0585820004 0.0109999999 0.00535000023
  vertex -0.0657680035 0.00576299988 0.00535000023
  vertex -0.0180900004 0.0109999999 0.00535000023
  endloop
 endfacet

 facet normal 0 0 1
  outer loop
  vertex -0.0180900004 0.0109999999 0.00535000023
  vertex -0.0657680035 0.00576299988 0.00535000023
  vertex -0.065004997 0.00382900005 0.00535000023
  endloop
 endfacet

 facet normal 0 0 1
  outer loop
  vertex -0.0180900004 0.0109999999 0.00535000023
  vertex -0.065004997 0.00382900005 0.00535000023
  vertex -0.0163129997 -0.00695700012 0.00535000023
  endloop
 endfacet

 facet normal 0 0 1
  outer loop
  vertex -0.0163129997 -0.00695700012 0.00535000023
  vertex -0.065004997 0.00382900005 0.00535000023
  vertex -0.0649399981 0.00278600003 0.00535000023
  endloop
 endfacet

 facet normal 0 0 1
  outer loop
  vertex -0.0163129997 -0.00695700012 0.00535000023
  vertex -0.0649399981 0.00278600003 0.00535000023
  vertex -0.0650940016 0.00175199995 0.00535000023
  endloop
 endfacet

 facet normal 0 0 1
  outer loop
  vertex -0.0794269964 0.0034070001 0.00535000023
  vertex -0.0791099966 0.000532999984 0.00535000023
  vertex -0.0745859966 0.00116400002 0.00535000023
  endloop
 endfacet

 facet normal 0 0 1
  outer loop
  vertex -0.0745859966 0.00116400002 0.00535000023
  vertex -0.0791099966 0.000532999984 0.00535000023
  vertex -0.0779419988 -0.00211300002 0.00535000023
  endloop
 endfacet

 facet normal 0 0 1
  outer loop
  vertex -0.0745859966 0.00116400002 0.00535000023
  vertex -0.0779419988 -0.00211300002 0.00535000023
  vertex -0.0734380037 -0.000569000025 0.00535000023
  endloop
 endfacet

 facet normal 0 0 1
  outer loop
  vertex -0.0734380037 -0.000569000025 0.00535000023
  vertex -0.0779419988 -0.00211300002 0.00535000023
  vertex -0.0760330036 -0.0042849998 0.00535000023
  endloop
 endfacet

 facet normal 0 0 1
  outer loop
  vertex -0.0734380037 -0.000569000025 0.00535000023
  vertex -0.0760330036 -0.0042849998 0.00535000023
  vertex -0.071682997 -0.00168500002 0.00535000023
  endloop
 endfacet

 facet normal 0 0 1
  outer loop
  vertex -0.071682997 -0.00168500002 0.00535000023
  vertex -0.0760330036 -0.0042849998 0.00535000023
  vertex -0.0735590011 -0.00578199979 0.00535000023
  endloop
 endfacet

 facet normal 0 0 1
  outer loop
  vertex -0.071682997 -0.00168500002 0.00535000023
  vertex -0.0735590011 -0.00578199979 0.00535000023
  vertex -0.0696270019 -0.00199000002 0.00535000023
  endloop
 endfacet

 facet normal 0 0 1
  outer loop
  vertex -0.0696270019 -0.00199000002 0.00535000023
  vertex -0.0735590011 -0.00578199979 0.00535000023
  vertex -0.0707489997 -0.0064650001 0.00535000023
  endloop
 endfacet

 facet normal 0 0 1
  outer loop
  vertex -0.0696270019 -0.00199000002 0.00535000023
  vertex -0.0707489997 -0.0064650001 0.00535000023
  vertex -0.0676240027 -0.00143299997 0.00535000023
  endloop
 endfacet

 facet normal 0 0 1
  outer loop
  vertex -0.0676240027 -0.00143299997 0.00535000023
  vertex -0.0707489997 -0.0064650001 0.00535000023
  vertex -0.0206519999 -0.0107709998 0.00535000023
  endloop
 endfacet

 facet normal 0 0 1
  outer loop
  vertex -0.0676240027 -0.00143299997 0.00535000023
  vertex -0.0206519999 -0.0107709998 0.00535000023
  vertex -0.066019997 -0.000110000001 0.00535000023
  endloop
 endfacet

 facet normal 0 0 1
  outer loop
  vertex -0.0176689997 -0.00978999957 0.00535000023
  vertex -0.0167009998 -0.00851199962 0.00535000023
  vertex -0.0190600008 -0.010586 0.00535000023
  endloop
 endfacet

 facet normal 0 0 1
  outer loop
  vertex -0.0190600008 -0.010586 0.00535000023
  vertex -0.0167009998 -0.00851199962 0.00535000023
  vertex -0.0163129997 -0.00695700012 0.00535000023
  endloop
 endfacet

 facet normal 0 0 1
  outer loop
  vertex -0.0190600008 -0.010586 0.00535000023
  vertex -0.0163129997 -0.00695700012 0.00535000023
  vertex -0.0206519999 -0.0107709998 0.00535000023
  endloop
 endfacet

 facet normal 0 0 1
  outer loop
  vertex -0.0206519999 -0.0107709998 0.00535000023
  vertex -0.0163129997 -0.00695700012 0.00535000023
  vertex -0.0650940016 0.00175199995 0.00535000023
  endloop
 endfacet

 facet normal 0 0 1
  outer loop
  vertex -0.0206519999 -0.0107709998 0.00535000023
  vertex -0.0650940016 0.00175199995 0.00535000023
  vertex -0.066019997 -0.000110000001 0.00535000023
  endloop
 endfacet

 facet normal 0 0 -1
  outer loop
  vertex 0.00999100041 -0.000429000007 -0.00970000029
  vertex -0.00999100041 0.000429000007 -0.00970000029
  vertex -0.009815 0.00191300001 -0.00970000029
  endloop
 endfacet

 facet normal 0 0 -1
  outer loop
  vertex 0.00801299978 -0.00598199992 -0.00970000029
  vertex 0.00589400018 -0.00807799958 -0.00970000029
  vertex -0.00994300004 -0.00106499996 -0.00970000029
  endloop
 endfacet

 facet normal 0 0 -1
  outer loop
  vertex -0.00999100041 0.000429000007 -0.00970000029
  vertex 0.00999100041 -0.000429000007 -0.00970000029
  vertex -0.00994300004 -0.00106499996 -0.00970000029
  endloop
 endfacet

 facet normal 0 0 -1
  outer loop
  vertex -0.00994300004 -0.00106499996 -0.00970000029
  vertex 0.00999100041 -0.000429000007 -0.00970000029
  vertex 0.00942100026 -0.00335399993 -0.00970000029
  endloop
 endfacet

 facet normal 0 0 -1
  outer loop
  vertex -0.00994300004 -0.00106499996 -0.00970000029
  vertex 0.00942100026 -0.00335399993 -0.00970000029
  vertex 0.00801299978 -0.00598199992 -0.00970000029
  endloop
 endfacet

 facet normal 0 0 -1
  outer loop
  vertex -0.00462399982 0.00886700023 -0.00970000029
  vertex -0.00180500001 0.00983600039 -0.00970000029
  vertex 0.00117399998 0.00993099995 -0.00970000029
  endloop
 endfacet

 facet normal 0 0 -1
  outer loop
  vertex 0.00656400016 0.00754400017 -0.00970000029
  vertex 0.00849600043 0.00527400011 -0.00970000029
  vertex -0.00703199999 0.00711000012 -0.00970000029
  endloop
 endfacet

 facet normal 0 0 -1
  outer loop
  vertex -0.00462399982 0.00886700023 -0.00970000029
  vertex 0.00117399998 0.00993099995 -0.00970000029
  vertex -0.00703199999 0.00711000012 -0.00970000029
  endloop
 endfacet

 facet normal 0 0 -1
  outer loop
  vertex -0.00703199999 0.00711000012 -0.00970000029
  vertex 0.00117399998 0.00993099995 -0.00970000029
  vertex 0.00404899986 0.00914399978 -0.00970000029
  endloop
 endfacet

 facet normal 0 0 -1
  outer loop
  vertex -0.00703199999 0.00711000012 -0.00970000029
  vertex 0.00404899986 0.00914399978 -0.00970000029
  vertex 0.00656400016 0.00754400017 -0.00970000029
  endloop
 endfacet

 facet normal 0 0 -1
  outer loop
  vertex -0.009815 0.00191300001 -0.00970000029
  vertex -0.00881499983 0.00472099986 -0.00970000029
  vertex 0.00999100041 -0.000429000007 -0.00970000029
  endloop
 endfacet

 facet normal 0 0 -1
  outer loop
  vertex 0.00999100041 -0.000429000007 -0.00970000029
  vertex -0.00881499983 0.00472099986 -0.00970000029
  vertex -0.00703199999 0.00711000012 -0.00970000029
  endloop
 endfacet

 facet normal 0 0 -1
  outer loop
  vertex 0.00999100041 -0.000429000007 -0.00970000029
  vertex -0.00703199999 0.00711000012 -0.00970000029
  vertex 0.00967300031 0.00253499998 -0.00970000029
  endloop
 endfacet

 facet normal 0 0 -1
  outer loop
  vertex 0.00967300031 0.00253499998 -0.00970000029
  vertex -0.00703199999 0.00711000012 -0.00970000029
  vertex 0.00849600043 0.00527400011 -0.00970000029
  endloop
 endfacet

 facet normal 0 0 -1
  outer loop
  vertex 0.00589400018 -0.00807799958 -0.00970000029
  vertex 0.00325100007 -0.0094569996 -0.00970000029
  vertex -0.00994300004 -0.00106499996 -0.00970000029
  endloop
 endfacet

 facet normal 0 0 -1
  outer loop
  vertex -0.00994300004 -0.00106499996 -0.00970000029
  vertex 0.00325100007 -0.0094569996 -0.00970000029
  vertex 0.000319000013 -0.00999500044 -0.00970000029
  endloop
 endfacet

 facet normal 0 0 -1
  outer loop
  vertex -0.00994300004 -0.00106499996 -0.00970000029
  vertex 0.000319000013 -0.00999500044 -0.00970000029
  vertex -0.00264100009 -0.0096450001 -0.00970000029
  endloop
 endfacet

 facet normal 0 0 -1
  outer loop
  vertex -0.00264100009 -0.0096450001 -0.00970000029
  vertex -0.00536700012 -0.00843800046 -0.00970000029
  vertex -0.00994300004 -0.00106499996 -0.00970000029
  endloop
 endfacet

 facet normal 0 0 -1
  outer loop
  vertex -0.00994300004 -0.00106499996 -0.00970000029
  vertex -0.00536700012 -0.00843800046 -0.00970000029
  vertex -0.00761500001 -0.00648100022 -0.00970000029
  endloop
 endfacet

 facet normal 0 0 -1
  outer loop
  vertex -0.00994300004 -0.00106499996 -0.00970000029
  vertex -0.00761500001 -0.00648100022 -0.00970000029
  vertex -0.00918699987 -0.00394900003 -0.00970000029
  endloop
 endfacet

 facet normal -0.993084967 0.117398217 0
  outer loop
  vertex -0.009815 0.00191300001 -0.00970000029
  vertex -0.00999100041 0.000429000007 -0.00970000029
  vertex -0.00999100041 0.000429000007 -0.00215000007
  endloop
 endfacet

 facet normal -0.999491155 -0.0318997167 0
  outer loop
  vertex -0.00999100041 0.000429000007 -0.00215000007
  vertex -0.00999100041 0.000429000007 -0.00970000029
  vertex -0.00994300004 -0.00106499996 -0.00215000007
  endloop
 endfacet

 facet normal -0.993084967 0.117398217 0
  outer loop
  vertex -0.00999100041 0.000429000007 -0.00215000007
  vertex -0.009815 0.00191300001 -0.00215000007
  vertex -0.009815 0.00191300001 -0.00970000029
  endloop
 endfacet

 facet normal -0.942078531 0.335392356 0
  outer loop
  vertex -0.009815 0.00191300001 -0.00970000029
  vertex -0.009815 0.00191300001 -0.00215000007
  vertex -0.00881499983 0.00472099986 -0.00215000007
  endloop
 endfacet

 facet normal -0.942078531 0.335392356 0
  outer loop
  vertex -0.009815 0.00191300001 -0.00970000029
  vertex -0.00881499983 0.00472099986 -0.00215000007
  vertex -0.00881499983 0.00472099986 -0.00970000029
  endloop
 endfacet

 facet normal -0.80133009 0.598222494 0
  outer loop
  vertex -0.00881499983 0.00472099986 -0.00970000029
  vertex -0.00881499983 0.00472099986 -0.00215000007
  vertex -0.00703199999 0.00711000012 -0.00215000007
  endloop
 endfacet

 facet normal -0.80133009 0.598222494 0
  outer loop
  vertex -0.00881499983 0.00472099986 -0.00970000029
  vertex -0.00703199999 0.00711000012 -0.00215000007
  vertex -0.00703199999 0.00711000012 -0.00970000029
  endloop
 endfacet

 facet normal -0.589419723 0.807826996 0
  outer loop
  vertex -0.00703199999 0.00711000012 -0.00970000029
  vertex -0.00703199999 0.00711000012 -0.00215000007
  vertex -0.00462399982 0.00886700023 -0.00215000007
  endloop
 endfacet

 facet normal -0.589419723 0.807826996 0
  outer loop
  vertex -0.00703199999 0.00711000012 -0.00970000029
  vertex -0.00462399982 0.00886700023 -0.00215000007
  vertex -0.00462399982 0.00886700023 -0.00970000029
  endloop
 endfacet

 facet normal -0.325093776 0.94568187 0
  outer loop
  vertex -0.00462399982 0.00886700023 -0.00970000029
  vertex -0.00462399982 0.00886700023 -0.00215000007
  vertex -0.00180500001 0.00983600039 -0.00215000007
  endloop
 endfacet

 facet normal -0.325093776 0.94568187 0
  outer loop
  vertex -0.00462399982 0.00886700023 -0.00970000029
  vertex -0.00180500001 0.00983600039 -0.00215000007
  vertex -0.00180500001 0.00983600039 -0.00970000029
  endloop
 endfacet

 facet normal -0.0318997167 0.999491155 0
  outer loop
  vertex -0.00180500001 0.00983600039 -0.00970000029
  vertex -0.00180500001 0.00983600039 -0.00215000007
  vertex 0.00117399998 0.00993099995 -0.00215000007
  endloop
 endfacet

 facet normal -0.0318997167 0.999491155 0
  outer loop
  vertex -0.00180500001 0.00983600039 -0.00970000029
  vertex 0.00117399998 0.00993099995 -0.00215000007
  vertex 0.00117399998 0.00993099995 -0.00970000029
  endloop
 endfacet

 facet normal 0.264098793 0.964495659 0
  outer loop
  vertex 0.00117399998 0.00993099995 -0.00970000029
  vertex 0.00117399998 0.00993099995 -0.00215000007
  vertex 0.00404899986 0.00914399978 -0.00215000007
  endloop
 endfacet

 facet normal 0.264098793 0.964495659 0
  outer loop
  vertex 0.00117399998 0.00993099995 -0.00970000029
  vertex 0.00404899986 0.00914399978 -0.00215000007
  vertex 0.00404899986 0.00914399978 -0.00970000029
  endloop
 endfacet

 facet normal 0.536687851 0.843780875 0
  outer loop
  vertex 0.00404899986 0.00914399978 -0.00970000029
  vertex 0.00404899986 0.00914399978 -0.00215000007
  vertex 0.00656400016 0.00754400017 -0.00215000007
  endloop
 endfacet

 facet normal 0.536687851 0.843780875 0
  outer loop
  vertex 0.00404899986 0.00914399978 -0.00970000029
  vertex 0.00656400016 0.00754400017 -0.00215000007
  vertex 0.00656400016 0.00754400017 -0.00970000029
  endloop
 endfacet

 facet normal 0.761532068 0.648127258 0
  outer loop
  vertex 0.00656400016 0.00754400017 -0.00970000029
  vertex 0.00656400016 0.00754400017 -0.00215000007
  vertex 0.00849600043 0.00527400011 -0.00215000007
  endloop
 endfacet

 facet normal 0.761532068 0.648127258 0
  outer loop
  vertex 0.00656400016 0.00754400017 -0.00970000029
  vertex 0.00849600043 0.00527400011 -0.00215000007
  vertex 0.00849600043 0.00527400011 -0.00970000029
  endloop
 endfacet

 facet normal 0.918720365 0.394908786 0
  outer loop
  vertex 0.00849600043 0.00527400011 -0.00970000029
  vertex 0.00849600043 0.00527400011 -0.00215000007
  vertex 0.00967300031 0.00253499998 -0.00215000007
  endloop
 endfacet

 facet normal 0.918720365 0.394908786 0
  outer loop
  vertex 0.00849600043 0.00527400011 -0.00970000029
  vertex 0.00967300031 0.00253499998 -0.00215000007
  vertex 0.00967300031 0.00253499998 -0.00970000029
  endloop
 endfacet

 facet normal 0.994312525 0.106501333 0
  outer loop
  vertex 0.00967300031 0.00253499998 -0.00970000029
  vertex 0.00967300031 0.00253499998 -0.00215000007
  vertex 0.00999100041 -0.000429000007 -0.00215000007
  endloop
 endfacet

 facet normal 0.994312525 0.106501333 0
  outer loop
  vertex 0.00967300031 0.00253499998 -0.00970000029
  vertex 0.00999100041 -0.000429000007 -0.00215000007
  vertex 0.00999100041 -0.000429000007 -0.00970000029
  endloop
 endfacet

 facet normal 0.981530488 -0.191305935 0
  outer loop
  vertex 0.00999100041 -0.000429000007 -0.00970000029
  vertex 0.00999100041 -0.000429000007 -0.00215000007
  vertex 0.00942100026 -0.00335399993 -0.00215000007
  endloop
 endfacet

 facet normal 0.981530488 -0.191305935 0
  outer loop
  vertex 0.00999100041 -0.000429000007 -0.00970000029
  vertex 0.00942100026 -0.00335399993 -0.00215000007
  vertex 0.00942100026 -0.00335399993 -0.00970000029
  endloop
 endfacet

 facet normal 0.881534934 -0.472118706 0
  outer loop
  vertex 0.00942100026 -0.00335399993 -0.00970000029
  vertex 0.00942100026 -0.00335399993 -0.00215000007
  vertex 0.00801299978 -0.00598199992 -0.00215000007
  endloop
 endfacet

 facet normal 0.881534934 -0.472118706 0
  outer loop
  vertex 0.00942100026 -0.00335399993 -0.00970000029
  vertex 0.00801299978 -0.00598199992 -0.00215000007
  vertex 0.00801299978 -0.00598199992 -0.00970000029
  endloop
 endfacet

 facet normal 0.703196108 -0.710996032 0
  outer loop
  vertex 0.00801299978 -0.00598199992 -0.00970000029
  vertex 0.00801299978 -0.00598199992 -0.00215000007
  vertex 0.00589400018 -0.00807799958 -0.00215000007
  endloop
 endfacet

 facet normal 0.703196108 -0.710996032 0
  outer loop
  vertex 0.00801299978 -0.00598199992 -0.00970000029
  vertex 0.00589400018 -0.00807799958 -0.00215000007
  vertex 0.00589400018 -0.00807799958 -0.00970000029
  endloop
 endfacet

 facet normal 0.462388277 -0.886677504 0
  outer loop
  vertex 0.00589400018 -0.00807799958 -0.00970000029
  vertex 0.00589400018 -0.00807799958 -0.00215000007
  vertex 0.00325100007 -0.0094569996 -0.00215000007
  endloop
 endfacet

 facet normal 0.462388277 -0.886677504 0
  outer loop
  vertex 0.00589400018 -0.00807799958 -0.00970000029
  vertex 0.00325100007 -0.0094569996 -0.00215000007
  vertex 0.00325100007 -0.0094569996 -0.00970000029
  endloop
 endfacet

 facet normal 0.18049556 -0.983575821 0
  outer loop
  vertex 0.00325100007 -0.0094569996 -0.00970000029
  vertex 0.00325100007 -0.0094569996 -0.00215000007
  vertex 0.000319000013 -0.00999500044 -0.00215000007
  endloop
 endfacet

 facet normal 0.18049556 -0.983575821 0
  outer loop
  vertex 0.00325100007 -0.0094569996 -0.00970000029
  vertex 0.000319000013 -0.00999500044 -0.00215000007
  vertex 0.000319000013 -0.00999500044 -0.00970000029
  endloop
 endfacet

 facet normal -0.117398217 -0.993084967 0
  outer loop
  vertex 0.000319000013 -0.00999500044 -0.00970000029
  vertex 0.000319000013 -0.00999500044 -0.00215000007
  vertex -0.00264100009 -0.0096450001 -0.00215000007
  endloop
 endfacet

 facet normal -0.117398217 -0.993084967 0
  outer loop
  vertex 0.000319000013 -0.00999500044 -0.00970000029
  vertex -0.00264100009 -0.0096450001 -0.00215000007
  vertex -0.00264100009 -0.0096450001 -0.00970000029
  endloop
 endfacet

 facet normal -0.40488556 -0.914367378 0
  outer loop
  vertex -0.00264100009 -0.0096450001 -0.00970000029
  vertex -0.00264100009 -0.0096450001 -0.00215000007
  vertex -0.00536700012 -0.00843800046 -0.00215000007
  endloop
 endfacet

 facet normal -0.40488556 -0.914367378 0
  outer loop
  vertex -0.00264100009 -0.0096450001 -0.00970000029
  vertex -0.00536700012 -0.00843800046 -0.00215000007
  vertex -0.00536700012 -0.00843800046 -0.00970000029
  endloop
 endfacet

 facet normal -0.656406462 -0.754407406 0
  outer loop
  vertex -0.00536700012 -0.00843800046 -0.00970000029
  vertex -0.00536700012 -0.00843800046 -0.00215000007
  vertex -0.00761500001 -0.00648100022 -0.00215000007
  endloop
 endfacet

 facet normal -0.656406462 -0.754407406 0
  outer loop
  vertex -0.00536700012 -0.00843800046 -0.00970000029
  vertex -0.00761500001 -0.00648100022 -0.00215000007
  vertex -0.00761500001 -0.00648100022 -0.00970000029
  endloop
 endfacet

 facet normal -0.849612355 -0.527407646 0
  outer loop
  vertex -0.00761500001 -0.00648100022 -0.00970000029
  vertex -0.00761500001 -0.00648100022 -0.00215000007
  vertex -0.00918699987 -0.00394900003 -0.00215000007
  endloop
 endfacet

 facet normal -0.849612355 -0.527407646 0
  outer loop
  vertex -0.00761500001 -0.00648100022 -0.00970000029
  vertex -0.00918699987 -0.00394900003 -0.00215000007
  vertex -0.00918699987 -0.00394900003 -0.00970000029
  endloop
 endfacet

 facet normal -0.967333078 -0.253508687 0
  outer loop
  vertex -0.00918699987 -0.00394900003 -0.00970000029
  vertex -0.00918699987 -0.00394900003 -0.00215000007
  vertex -0.00994300004 -0.00106499996 -0.00215000007
  endloop
 endfacet

 facet normal -0.967333078 -0.253508687 0
  outer loop
  vertex -0.00918699987 -0.00394900003 -0.00970000029
  vertex -0.00994300004 -0.00106499996 -0.00215000007
  vertex -0.00994300004 -0.00106499996 -0.00970000029
  endloop
 endfacet

 facet normal -0.999491155 -0.0318997167 0
  outer loop
  vertex -0.00994300004 -0.00106499996 -0.00970000029
  vertex -0.00994300004 -0.00106499996 -0.00215000007
  vertex -0.00999100041 0.000429000007 -0.00970000029
  endloop
 endfacet

 facet normal -0.993084967 0.117398217 0
  outer loop
  vertex -0.009815 0.00191300001 0.00374999992
  vertex -0.00999100041 0.000429000007 0.00374999992
  vertex -0.00999100041 0.000429000007 0.0113000004
  endloop
 endfacet

 facet normal -0.999491155 -0.0318997167 0
  outer loop
  vertex -0.00999100041 0.000429000007 0.0113000004
  vertex -0.00999100041 0.000429000007 0.00374999992
  vertex -0.00994300004 -0.00106499996 0.0113000004
  endloop
 endfacet

 facet normal -0.993084967 0.117398217 0
  outer loop
  vertex -0.00999100041 0.000429000007 0.0113000004
  vertex -0.009815 0.00191300001 0.0113000004
  vertex -0.009815 0.00191300001 0.00374999992
  endloop
 endfacet

 facet normal -0.942078531 0.335392356 0
  outer loop
  vertex -0.009815 0.00191300001 0.00374999992
  vertex -0.009815 0.00191300001 0.0113000004
  vertex -0.00881499983 0.00472099986 0.0113000004
  endloop
 endfacet

 facet normal -0.942078531 0.335392356 0
  outer loop
  vertex -0.009815 0.00191300001 0.00374999992
  vertex -0.00881499983 0.00472099986 0.0113000004
  vertex -0.00881499983 0.00472099986 0.00374999992
  endloop
 endfacet

 facet normal -0.80133009 0.598222494 0
  outer loop
  vertex -0.00881499983 0.00472099986 0.00374999992
  vertex -0.00881499983 0.00472099986 0.0113000004
  vertex -0.00703199999 0.00711000012 0.0113000004
  endloop
 endfacet

 facet normal -0.80133009 0.598222494 0
  outer loop
  vertex -0.00881499983 0.00472099986 0.00374999992
  vertex -0.00703199999 0.00711000012 0.0113000004
  vertex -0.00703199999 0.00711000012 0.00374999992
  endloop
 endfacet

 facet normal -0.589419723 0.807826996 0
  outer loop
  vertex -0.00703199999 0.00711000012 0.00374999992
  vertex -0.00703199999 0.00711000012 0.0113000004
  vertex -0.00462399982 0.00886700023 0.0113000004
  endloop
 endfacet

 facet normal -0.589419723 0.807826996 0
  outer loop
  vertex -0.00703199999 0.00711000012 0.00374999992
  vertex -0.00462399982 0.00886700023 0.0113000004
  vertex -0.00462399982 0.00886700023 0.00374999992
  endloop
 endfacet

 facet normal -0.325093776 0.94568187 0
  outer loop
  vertex -0.00462399982 0.00886700023 0.00374999992
  vertex -0.00462399982 0.00886700023 0.0113000004
  vertex -0.00180500001 0.00983600039 0.0113000004
  endloop
 endfacet

 facet normal -0.325093776 0.94568187 0
  outer loop
  vertex -0.00462399982 0.00886700023 0.00374999992
  vertex -0.00180500001 0.00983600039 0.0113000004
  vertex -0.00180500001 0.00983600039 0.00374999992
  endloop
 endfacet

 facet normal -0.0318997167 0.999491155 0
  outer loop
  vertex -0.00180500001 0.00983600039 0.00374999992
  vertex -0.00180500001 0.00983600039 0.0113000004
  vertex 0.00117399998 0.00993099995 0.0113000004
  endloop
 endfacet

 facet normal -0.0318997167 0.999491155 0
  outer loop
  vertex -0.00180500001 0.00983600039 0.00374999992
  vertex 0.00117399998 0.00993099995 0.0113000004
  vertex 0.00117399998 0.00993099995 0.00374999992
  endloop
 endfacet

 facet normal 0.264098793 0.964495659 0
  outer loop
  vertex 0.00117399998 0.00993099995 0.00374999992
  vertex 0.00117399998 0.00993099995 0.0113000004
  vertex 0.00404899986 0.00914399978 0.0113000004
  endloop
 endfacet

 facet normal 0.264098793 0.964495659 0
  outer loop
  vertex 0.00117399998 0.00993099995 0.00374999992
  vertex 0.00404899986 0.00914399978 0.0113000004
  vertex 0.00404899986 0.00914399978 0.00374999992
  endloop
 endfacet

 facet normal 0.536687851 0.843780875 0
  outer loop
  vertex 0.00404899986 0.00914399978 0.00374999992
  vertex 0.00404899986 0.00914399978 0.0113000004
  vertex 0.00656400016 0.00754400017 0.0113000004
  endloop
 endfacet

 facet normal 0.536687851 0.843780875 0
  outer loop
  vertex 0.00404899986 0.00914399978 0.00374999992
  vertex 0.00656400016 0.00754400017 0.0113000004
  vertex 0.00656400016 0.00754400017 0.00374999992
  endloop
 endfacet

 facet normal 0.761532068 0.648127258 0
  outer loop
  vertex 0.00656400016 0.00754400017 0.00374999992
  vertex 0.00656400016 0.00754400017 0.0113000004
  vertex 0.00849600043 0.00527400011 0.0113000004
  endloop
 endfacet

 facet normal 0.761532068 0.648127258 0
  outer loop
  vertex 0.00656400016 0.00754400017 0.00374999992
  vertex 0.00849600043 0.00527400011 0.0113000004
  vertex 0.00849600043 0.00527400011 0.00374999992
  endloop
 endfacet

 facet normal 0.918720365 0.394908786 0
  outer loop
  vertex 0.00849600043 0.00527400011 0.00374999992
  vertex 0.00849600043 0.00527400011 0.0113000004
  vertex 0.00967300031 0.00253499998 0.0113000004
  endloop
 endfacet

 facet normal 0.918720365 0.394908786 0
  outer loop
  vertex 0.00849600043 0.00527400011 0.00374999992
  vertex 0.00967300031 0.00253499998 0.0113000004
  vertex 0.00967300031 0.00253499998 0.00374999992
  endloop
 endfacet

 facet normal 0.994312525 0.106501333 0
  outer loop
  vertex 0.00967300031 0.00253499998 0.00374999992
  vertex 0.00967300031 0.00253499998 0.0113000004
  vertex 0.00999100041 -0.000429000007 0.0113000004
  endloop
 endfacet

 facet normal 0.994312525 0.106501333 0
  outer loop
  vertex 0.00967300031 0.00253499998 0.00374999992
  vertex 0.00999100041 -0.000429000007 0.0113000004
  vertex 0.00999100041 -0.000429000007 0.00374999992
  endloop
 endfacet

 facet normal 0.981530488 -0.191305935 0
  outer loop
  vertex 0.00999100041 -0.000429000007 0.00374999992
  vertex 0.00999100041 -0.000429000007 0.0113000004
  vertex 0.00942100026 -0.00335399993 0.0113000004
  endloop
 endfacet

 facet normal 0.981530488 -0.191305935 0
  outer loop
  vertex 0.00999100041 -0.000429000007 0.00374999992
  vertex 0.00942100026 -0.00335399993 0.0113000004
  vertex 0.00942100026 -0.00335399993 0.00374999992
  endloop
 endfacet

 facet normal 0.881534934 -0.472118706 0
  outer loop
  vertex 0.00942100026 -0.00335399993 0.00374999992
  vertex 0.00942100026 -0.00335399993 0.0113000004
  vertex 0.00801299978 -0.00598199992 0.0113000004
  endloop
 endfacet

 facet normal 0.881534934 -0.472118706 0
  outer loop
  vertex 0.00942100026 -0.00335399993 0.00374999992
  vertex 0.00801299978 -0.00598199992 0.0113000004
  vertex 0.00801299978 -0.00598199992 0.00374999992
  endloop
 endfacet

 facet normal 0.703196108 -0.710996032 0
  outer loop
  vertex 0.00801299978 -0.00598199992 0.00374999992
  vertex 0.00801299978 -0.00598199992 0.0113000004
  vertex 0.00589400018 -0.00807799958 0.0113000004
  endloop
 endfacet

 facet normal 0.703196108 -0.710996032 0
  outer loop
  vertex 0.00801299978 -0.00598199992 0.00374999992
  vertex 0.00589400018 -0.00807799958 0.0113000004
  vertex 0.00589400018 -0.00807799958 0.00374999992
  endloop
 endfacet

 facet normal 0.462388277 -0.886677504 0
  outer loop
  vertex 0.00589400018 -0.00807799958 0.00374999992
  vertex 0.00589400018 -0.00807799958 0.0113000004
  vertex 0.00325100007 -0.0094569996 0.0113000004
  endloop
 endfacet

 facet normal 0.462388277 -0.886677504 0
  outer loop
  vertex 0.00589400018 -0.00807799958 0.00374999992
  vertex 0.00325100007 -0.0094569996 0.0113000004
  vertex 0.00325100007 -0.0094569996 0.00374999992
  endloop
 endfacet

 facet normal 0.18049556 -0.983575821 0
  outer loop
  vertex 0.00325100007 -0.0094569996 0.00374999992
  vertex 0.00325100007 -0.0094569996 0.0113000004
  vertex 0.000319000013 -0.00999500044 0.0113000004
  endloop
 endfacet

 facet normal 0.18049556 -0.983575821 0
  outer loop
  vertex 0.00325100007 -0.0094569996 0.00374999992
  vertex 0.000319000013 -0.00999500044 0.0113000004
  vertex 0.000319000013 -0.00999500044 0.00374999992
  endloop
 endfacet

 facet normal -0.117398217 -0.993084967 0
  outer loop
  vertex 0.000319000013 -0.00999500044 0.00374999992
  vertex 0.000319000013 -0.00999500044 0.0113000004
  vertex -0.00264100009 -0.0096450001 0.0113000004
  endloop
 endfacet

 facet normal -0.117398217 -0.993084967 0
  outer loop
  vertex 0.000319000013 -0.00999500044 0.00374999992
  vertex -0.00264100009 -0.0096450001 0.0113000004
  vertex -0.00264100009 -0.0096450001 0.00374999992
  endloop
 endfacet

 facet normal -0.40488556 -0.914367378 0
  outer loop
  vertex -0.00264100009 -0.0096450001 0.00374999992
  vertex -0.00264100009 -0.0096450001 0.0113000004
  vertex -0.00536700012 -0.00843800046 0.0113000004
  endloop
 endfacet

 facet normal -0.40488556 -0.914367378 0
  outer loop
  vertex -0.00264100009 -0.0096450001 0.00374999992
  vertex -0.00536700012 -0.00843800046 0.0113000004
  vertex -0.00536700012 -0.00843800046 0.00374999992
  endloop
 endfacet

 facet normal -0.656406462 -0.754407406 0
  outer loop
  vertex -0.00536700012 -0.00843800046 0.00374999992
  vertex -0.00536700012 -0.00843800046 0.0113000004
  vertex -0.00761500001 -0.00648100022 0.0113000004
  endloop
 endfacet

 facet normal -0.656406462 -0.754407406 0
  outer loop
  vertex -0.00536700012 -0.00843800046 0.00374999992
  vertex -0.00761500001 -0.00648100022 0.0113000004
  vertex -0.00761500001 -0.00648100022 0.00374999992
  endloop
 endfacet

 facet normal -0.849612355 -0.527407646 0
  outer loop
  vertex -0.00761500001 -0.00648100022 0.00374999992
  vertex -0.00761500001 -0.00648100022 0.0113000004
  vertex -0.00918699987 -0.00394900003 0.0113000004
  endloop
 endfacet

 facet normal -0.849612355 -0.527407646 0
  outer loop
  vertex -0.00761500001 -0.00648100022 0.00374999992
  vertex -0.00918699987 -0.00394900003 0.0113000004
  vertex -0.00918699987 -0.00394900003 0.00374999992
  endloop
 endfacet

 facet normal -0.967333078 -0.253508687 0
  outer loop
  vertex -0.00918699987 -0.00394900003 0.00374999992
  vertex -0.00918699987 -0.00394900003 0.0113000004
  vertex -0.00994300004 -0.00106499996 0.0113000004
  endloop
 endfacet

 facet normal -0.967333078 -0.253508687 0
  outer loop
  vertex -0.00918699987 -0.00394900003 0.00374999992
  vertex -0.00994300004 -0.00106499996 0.0113000004
  vertex -0.00994300004 -0.00106499996 0.00374999992
  endloop
 endfacet

 facet normal -0.999491155 -0.0318997167 0
  outer loop
  vertex -0.00994300004 -0.00106499996 0.00374999992
  vertex -0.00994300004 -0.00106499996 0.0113000004
  vertex -0.00999100041 0.000429000007 0.00374999992
  endloop
 endfacet

 facet normal 0 0 1
  outer loop
  vertex 0.00999100041 -0.000429000007 0.0113000004
  vertex -0.00999100041 0.000429000007 0.0113000004
  vertex -0.00994300004 -0.00106499996 0.0113000004
  endloop
 endfacet

 facet normal 0 0 1
  outer loop
  vertex -0.00999100041 0.000429000007 0.0113000004
  vertex 0.00999100041 -0.000429000007 0.0113000004
  vertex -0.009815 0.00191300001 0.0113000004
  endloop
 endfacet

 facet normal 0 0 1
  outer loop
  vertex -0.009815 0.00191300001 0.0113000004
  vertex 0.00999100041 -0.000429000007 0.0113000004
  vertex 0.00967300031 0.00253499998 0.0113000004
  endloop
 endfacet

 facet normal 0 0 1
  outer loop
  vertex -0.009815 0.00191300001 0.0113000004
  vertex 0.00967300031 0.00253499998 0.0113000004
  vertex 0.00849600043 0.00527400011 0.0113000004
  endloop
 endfacet

 facet normal 0 0 1
  outer loop
  vertex 0.00849600043 0.00527400011 0.0113000004
  vertex 0.00656400016 0.00754400017 0.0113000004
  vertex -0.009815 0.00191300001 0.0113000004
  endloop
 endfacet

 facet normal 0 0 1
  outer loop
  vertex -0.009815 0.00191300001 0.0113000004
  vertex 0.00656400016 0.00754400017 0.0113000004
  vertex 0.00404899986 0.00914399978 0.0113000004
  endloop
 endfacet

 facet normal 0 0 1
  outer loop
  vertex -0.009815 0.00191300001 0.0113000004
  vertex 0.00404899986 0.00914399978 0.0113000004
  vertex -0.00881499983 0.00472099986 0.0113000004
  endloop
 endfacet

 facet normal 0 0 1
  outer loop
  vertex -0.00180500001 0.00983600039 0.0113000004
  vertex -0.00462399982 0.00886700023 0.0113000004
  vertex -0.00703199999 0.00711000012 0.0113000004
  endloop
 endfacet

 facet normal 0 0 1
  outer loop
  vertex 0.00589400018 -0.00807799958 0.0113000004
  vertex -0.00994300004 -0.00106499996 0.0113000004
  vertex -0.00918699987 -0.00394900003 0.0113000004
  endloop
 endfacet

 facet normal 0 0 1
  outer loop
  vertex 0.00589400018 -0.00807799958 0.0113000004
  vertex 0.00801299978 -0.00598199992 0.0113000004
  vertex -0.00994300004 -0.00106499996 0.0113000004
  endloop
 endfacet

 facet normal 0 0 1
  outer loop
  vertex -0.00994300004 -0.00106499996 0.0113000004
  vertex 0.00801299978 -0.00598199992 0.0113000004
  vertex 0.00942100026 -0.00335399993 0.0113000004
  endloop
 endfacet

 facet normal 0 0 1
  outer loop
  vertex -0.00994300004 -0.00106499996 0.0113000004
  vertex 0.00942100026 -0.00335399993 0.0113000004
  vertex 0.00999100041 -0.000429000007 0.0113000004
  endloop
 endfacet

 facet normal 0 0 1
  outer loop
  vertex -0.00536700012 -0.00843800046 0.0113000004
  vertex -0.00264100009 -0.0096450001 0.0113000004
  vertex 0.000319000013 -0.00999500044 0.0113000004
  endloop
 endfacet

 facet normal 0 0 1
  outer loop
  vertex -0.00881499983 0.00472099986 0.0113000004
  vertex 0.00404899986 0.00914399978 0.0113000004
  vertex -0.00703199999 0.00711000012 0.0113000004
  endloop
 endfacet

 facet normal 0 0 1
  outer loop
  vertex -0.00703199999 0.00711000012 0.0113000004
  vertex 0.00404899986 0.00914399978 0.0113000004
  vertex 0.00117399998 0.00993099995 0.0113000004
  endloop
 endfacet

 facet normal 0 0 1
  outer loop
  vertex -0.00703199999 0.00711000012 0.0113000004
  vertex 0.00117399998 0.00993099995 0.0113000004
  vertex -0.00180500001 0.00983600039 0.0113000004
  endloop
 endfacet

 facet normal 0 0 1
  outer loop
  vertex -0.00918699987 -0.00394900003 0.0113000004
  vertex -0.00761500001 -0.00648100022 0.0113000004
  vertex 0.00589400018 -0.00807799958 0.0113000004
  endloop
 endfacet

 facet normal 0 0 1
  outer loop
  vertex 0.00589400018 -0.00807799958 0.0113000004
  vertex -0.00761500001 -0.00648100022 0.0113000004
  vertex -0.00536700012 -0.00843800046 0.0113000004
  endloop
 endfacet

 facet normal 0 0 1
  outer loop
  vertex 0.00589400018 -0.00807799958 0.0113000004
  vertex -0.00536700012 -0.00843800046 0.0113000004
  vertex 0.00325100007 -0.0094569996 0.0113000004
  endloop
 endfacet

 facet normal 0 0 1
  outer loop
  vertex 0.00325100007 -0.0094569996 0.0113000004
  vertex -0.00536700012 -0.00843800046 0.0113000004
  vertex 0.000319000013 -0.00999500044 0.0113000004
  endloop
 endfacet

 facet normal -0.999079466 0.0428991169 0
  outer loop
  vertex -0.0585750006 0.0111710001 0.00535000023
  vertex -0.0585820004 0.0109999999 0.00535000023
  vertex -0.0585820004 0.0109999999 0.00535999984
  endloop
 endfacet

 facet normal -0.999079466 0.0428991169 0
  outer loop
  vertex -0.0592090003 -0.00361400004 0.0104959998
  vertex -0.0592020005 -0.00344299991 0.0104999999
  vertex -0.0592090003 -0.00361400004 0.00535999984
  endloop
 endfacet

 facet normal -0.999079466 0.0428991169 0
  outer loop
  vertex -0.0592090003 -0.00361400004 0.00535999984
  vertex -0.0592020005 -0.00344299991 0.0104999999
  vertex -0.0585820004 0.0109999999 0.0104999999
  endloop
 endfacet

 facet normal -0.999079466 0.0428991169 0
  outer loop
  vertex -0.0592090003 -0.00361400004 0.00535999984
  vertex -0.0585820004 0.0109999999 0.0104999999
  vertex -0.0585820004 0.0109999999 0.00535999984
  endloop
 endfacet

 facet normal -0.999079466 0.0428991169 0
  outer loop
  vertex -0.0585820004 0.0109999999 0.00535999984
  vertex -0.0585820004 0.0109999999 0.0104999999
  vertex -0.0585750006 0.0111710001 0.0104959998
  endloop
 endfacet

 facet normal -0.999083757 0.0427993014 0
  outer loop
  vertex -0.0585820004 0.0109999999 0.00535999984
  vertex -0.0585750006 0.0111710001 0.0104959998
  vertex -0.0585750006 0.0111710001 0.00535000023
  endloop
 endfacet

 facet normal 0 1 0
  outer loop
  vertex -0.0545790009 0.0149999997 -0.00510000018
  vertex -0.0545790009 0.0149999997 0.00650000013
  vertex -0.0255440008 0.0149999997 -0.00510000018
  endloop
 endfacet

 facet normal 0 1 0
  outer loop
  vertex -0.0255440008 0.0149999997 -0.00510000018
  vertex -0.0545790009 0.0149999997 0.00650000013
  vertex -0.0255440008 0.0149999997 0.00650000013
  endloop
 endfacet

 facet normal 0.536687851 0.843780875 0
  outer loop
  vertex -0.0180900004 0.0109999999 0.00535999984
  vertex -0.0180900004 0.0109999999 0.00535000023
  vertex -0.0204489995 0.0125000002 0.00535000023
  endloop
 endfacet

 facet normal 0.536687851 0.843780875 0
  outer loop
  vertex -0.0233970005 0.0143750003 -0.007247
  vertex -0.0233970005 0.0143750003 0.00864700042
  vertex -0.0204489995 0.0125000002 0.00535000023
  endloop
 endfacet

 facet normal 0.536616683 0.843826175 0
  outer loop
  vertex -0.0204489995 0.0125000002 -0.00215000007
  vertex -0.0180900004 0.0109999999 -0.00215000007
  vertex -0.0180900004 0.0109999999 -0.00215999992
  endloop
 endfacet

 facet normal 0.536687851 0.843780875 0
  outer loop
  vertex -0.0204489995 0.0125000002 0.00535000023
  vertex -0.0204489995 0.0125000002 -0.00215000007
  vertex -0.0233970005 0.0143750003 -0.007247
  endloop
 endfacet

 facet normal 0.536687851 0.843780875 0
  outer loop
  vertex -0.0233970005 0.0143750003 -0.007247
  vertex -0.0204489995 0.0125000002 -0.00215000007
  vertex -0.0180900004 0.0109999999 -0.00215999992
  endloop
 endfacet

 facet normal 0.536687851 0.843780875 0
  outer loop
  vertex -0.0233970005 0.0143750003 -0.007247
  vertex -0.0180900004 0.0109999999 -0.00215999992
  vertex -0.0224980004 0.0138029996 -0.00790600013
  endloop
 endfacet

 facet normal 0.536687851 0.843780875 0
  outer loop
  vertex -0.0224980004 0.0138029996 -0.00790600013
  vertex -0.0180900004 0.0109999999 -0.00215999992
  vertex -0.0221829992 0.013603 -0.00813699979
  endloop
 endfacet

 facet normal 0.536687851 0.843780875 0
  outer loop
  vertex -0.0175589994 0.0106619997 -0.00910000037
  vertex -0.0180900004 0.0109999999 -0.00910000037
  vertex -0.0175589994 0.0106619997 -0.00215999992
  endloop
 endfacet

 facet normal 0.536687851 0.843780875 0
  outer loop
  vertex -0.0175589994 0.0106619997 -0.00215999992
  vertex -0.0180900004 0.0109999999 -0.00910000037
  vertex -0.0202719998 0.0123880003 -0.00885200035
  endloop
 endfacet

 facet normal 0.536687851 0.843780875 0
  outer loop
  vertex -0.0175589994 0.0106619997 -0.00215999992
  vertex -0.0202719998 0.0123880003 -0.00885200035
  vertex -0.0180900004 0.0109999999 -0.00215999992
  endloop
 endfacet

 facet normal 0.536687851 0.843780875 0
  outer loop
  vertex -0.0180900004 0.0109999999 -0.00215999992
  vertex -0.0202719998 0.0123880003 -0.00885200035
  vertex -0.0204789992 0.0125190001 -0.00877400022
  endloop
 endfacet

 facet normal 0.536687851 0.843780875 0
  outer loop
  vertex -0.0180900004 0.0109999999 -0.00215999992
  vertex -0.0204789992 0.0125190001 -0.00877400022
  vertex -0.0221829992 0.013603 -0.00813699979
  endloop
 endfacet

 facet normal 0.536687851 0.843780875 0
  outer loop
  vertex -0.0175589994 0.0106619997 0.0104999999
  vertex -0.0175589994 0.0106619997 0.00535999984
  vertex -0.0180900004 0.0109999999 0.0104999999
  endloop
 endfacet

 facet normal 0.536687851 0.843780875 0
  outer loop
  vertex -0.0180900004 0.0109999999 0.0104999999
  vertex -0.0175589994 0.0106619997 0.00535999984
  vertex -0.0180900004 0.0109999999 0.00535999984
  endloop
 endfacet

 facet normal 0.536687851 0.843780875 0
  outer loop
  vertex -0.0180900004 0.0109999999 0.0104999999
  vertex -0.0180900004 0.0109999999 0.00535999984
  vertex -0.0199229997 0.012166 0.0103259999
  endloop
 endfacet

 facet normal 0.536687851 0.843780875 0
  outer loop
  vertex -0.0233970005 0.0143750003 0.00864700042
  vertex -0.0224690009 0.013785 0.00928799994
  vertex -0.0204489995 0.0125000002 0.00535000023
  endloop
 endfacet

 facet normal 0.536687851 0.843780875 0
  outer loop
  vertex -0.0204489995 0.0125000002 0.00535000023
  vertex -0.0224690009 0.013785 0.00928799994
  vertex -0.0218969993 0.013421 0.00968400016
  endloop
 endfacet

 facet normal 0.536687851 0.843780875 0
  outer loop
  vertex -0.0204489995 0.0125000002 0.00535000023
  vertex -0.0218969993 0.013421 0.00968400016
  vertex -0.0180900004 0.0109999999 0.00535999984
  endloop
 endfacet

 facet normal 0.536687851 0.843780875 0
  outer loop
  vertex -0.0180900004 0.0109999999 0.00535999984
  vertex -0.0218969993 0.013421 0.00968400016
  vertex -0.0204629991 0.0125089996 0.0101509998
  endloop
 endfacet

 facet normal 0.536687851 0.843780875 0
  outer loop
  vertex -0.0180900004 0.0109999999 0.00535999984
  vertex -0.0204629991 0.0125089996 0.0101509998
  vertex -0.0199229997 0.012166 0.0103259999
  endloop
 endfacet

 facet normal 0.999079466 -0.0428991169 0
  outer loop
  vertex -0.0163129997 -0.00695700012 -0.00910000037
  vertex -0.0157089997 0.00711600017 -0.00910000037
  vertex -0.0163129997 -0.00695700012 -0.00215999992
  endloop
 endfacet

 facet normal 0.999079466 -0.0428991169 0
  outer loop
  vertex -0.0163129997 -0.00695700012 -0.00215999992
  vertex -0.0157089997 0.00711600017 -0.00910000037
  vertex -0.0157089997 0.00711600017 -0.00215999992
  endloop
 endfacet

 facet normal 0 0 -1
  outer loop
  vertex -0.0592020005 -0.00344299991 -0.00910000037
  vertex -0.0571929999 -0.00328400009 -0.00910000037
  vertex -0.0562059991 -0.00359399989 -0.00910000037
  endloop
 endfacet

 facet normal 0 0 -1
  outer loop
  vertex -0.0210549999 -0.000829999975 -0.00910000037
  vertex -0.0200670008 -0.00114099996 -0.00910000037
  vertex -0.0541220009 -0.001682 -0.00910000037
  endloop
 endfacet

 facet normal 0 0 -1
  outer loop
  vertex -0.0219800007 0.000943000021 -0.00910000037
  vertex -0.054347001 -0.000670999987 -0.00910000037
  vertex -0.0550470017 9.10000017e-05 -0.00910000037
  endloop
 endfacet

 facet normal 0 0 -1
  outer loop
  vertex -0.0592020005 -0.00344299991 -0.00910000037
  vertex -0.0562059991 -0.00359399989 -0.00910000037
  vertex -0.0163240004 -0.00712799979 -0.00910000037
  endloop
 endfacet

 facet normal 0 0 -1
  outer loop
  vertex -0.0163240004 -0.00712799979 -0.00910000037
  vertex -0.0562059991 -0.00359399989 -0.00910000037
  vertex -0.055195 -0.00337000005 -0.00910000037
  endloop
 endfacet

 facet normal 0 0 -1
  outer loop
  vertex -0.0163240004 -0.00712799979 -0.00910000037
  vertex -0.055195 -0.00337000005 -0.00910000037
  vertex -0.054432001 -0.00267000007 -0.00910000037
  endloop
 endfacet

 facet normal 0 0 -1
  outer loop
  vertex -0.054347001 -0.000670999987 -0.00910000037
  vertex -0.0219800007 0.000943000021 -0.00910000037
  vertex -0.0541220009 -0.001682 -0.00910000037
  endloop
 endfacet

 facet normal 0 0 -1
  outer loop
  vertex -0.0541220009 -0.001682 -0.00910000037
  vertex -0.0219800007 0.000943000021 -0.00910000037
  vertex -0.0217550006 -6.80000012e-05 -0.00910000037
  endloop
 endfacet

 facet normal 0 0 -1
  outer loop
  vertex -0.0541220009 -0.001682 -0.00910000037
  vertex -0.0217550006 -6.80000012e-05 -0.00910000037
  vertex -0.0210549999 -0.000829999975 -0.00910000037
  endloop
 endfacet

 facet normal 0 0 -1
  outer loop
  vertex -0.0157089997 0.00711600017 -0.00910000037
  vertex -0.0163129997 -0.00695700012 -0.00910000037
  vertex -0.0179830007 0.000770999992 -0.00910000037
  endloop
 endfacet

 facet normal 0 0 -1
  outer loop
  vertex -0.0179830007 0.000770999992 -0.00910000037
  vertex -0.0163129997 -0.00695700012 -0.00910000037
  vertex -0.0182939991 -0.000216 -0.00910000037
  endloop
 endfacet

 facet normal 0 0 -1
  outer loop
  vertex -0.054432001 -0.00267000007 -0.00910000037
  vertex -0.0541220009 -0.001682 -0.00910000037
  vertex -0.0163240004 -0.00712799979 -0.00910000037
  endloop
 endfacet

 facet normal 0 0 -1
  outer loop
  vertex -0.0163240004 -0.00712799979 -0.00910000037
  vertex -0.0541220009 -0.001682 -0.00910000037
  vertex -0.0200670008 -0.00114099996 -0.00910000037
  endloop
 endfacet

 facet normal 0 0 -1
  outer loop
  vertex -0.0163240004 -0.00712799979 -0.00910000037
  vertex -0.0200670008 -0.00114099996 -0.00910000037
  vertex -0.0163129997 -0.00695700012 -0.00910000037
  endloop
 endfacet

 facet normal 0 0 -1
  outer loop
  vertex -0.0163129997 -0.00695700012 -0.00910000037
  vertex -0.0200670008 -0.00114099996 -0.00910000037
  vertex -0.0190570001 -0.00091599999 -0.00910000037
  endloop
 endfacet

 facet normal 0 0 -1
  outer loop
  vertex -0.0163129997 -0.00695700012 -0.00910000037
  vertex -0.0190570001 -0.00091599999 -0.00910000037
  vertex -0.0182939991 -0.000216 -0.00910000037
  endloop
 endfacet

 facet normal 0 0 -1
  outer loop
  vertex -0.0175589994 0.0106619997 -0.00910000037
  vertex -0.0198960006 0.00285500009 -0.00910000037
  vertex -0.0180900004 0.0109999999 -0.00910000037
  endloop
 endfacet

 facet normal 0 0 -1
  outer loop
  vertex -0.0180900004 0.0109999999 -0.00910000037
  vertex -0.0198960006 0.00285500009 -0.00910000037
  vertex -0.0209059995 0.00263 -0.00910000037
  endloop
 endfacet

 facet normal 0 0 -1
  outer loop
  vertex -0.0180900004 0.0109999999 -0.00910000037
  vertex -0.0209059995 0.00263 -0.00910000037
  vertex -0.0585820004 0.0109999999 -0.00910000037
  endloop
 endfacet

 facet normal 0 0 -1
  outer loop
  vertex -0.0560339987 0.000402000005 -0.00910000037
  vertex -0.0570450015 0.000176999994 -0.00910000037
  vertex -0.0585820004 0.0109999999 -0.00910000037
  endloop
 endfacet

 facet normal 0 0 -1
  outer loop
  vertex -0.0179830007 0.000770999992 -0.00910000037
  vertex -0.0182080008 0.00178199995 -0.00910000037
  vertex -0.0157089997 0.00711600017 -0.00910000037
  endloop
 endfacet

 facet normal 0 0 -1
  outer loop
  vertex -0.0157089997 0.00711600017 -0.00910000037
  vertex -0.0182080008 0.00178199995 -0.00910000037
  vertex -0.0189079996 0.00254500005 -0.00910000037
  endloop
 endfacet

 facet normal 0 0 -1
  outer loop
  vertex -0.0157089997 0.00711600017 -0.00910000037
  vertex -0.0189079996 0.00254500005 -0.00910000037
  vertex -0.0158920009 0.00849299971 -0.00910000037
  endloop
 endfacet

 facet normal 0 0 -1
  outer loop
  vertex -0.0158920009 0.00849299971 -0.00910000037
  vertex -0.0189079996 0.00254500005 -0.00910000037
  vertex -0.0198960006 0.00285500009 -0.00910000037
  endloop
 endfacet

 facet normal 0 0 -1
  outer loop
  vertex -0.0158920009 0.00849299971 -0.00910000037
  vertex -0.0198960006 0.00285500009 -0.00910000037
  vertex -0.0165340006 0.00972499978 -0.00910000037
  endloop
 endfacet

 facet normal 0 0 -1
  outer loop
  vertex -0.0165340006 0.00972499978 -0.00910000037
  vertex -0.0198960006 0.00285500009 -0.00910000037
  vertex -0.0175589994 0.0106619997 -0.00910000037
  endloop
 endfacet

 facet normal 0 0 -1
  outer loop
  vertex -0.0550470017 9.10000017e-05 -0.00910000037
  vertex -0.0560339987 0.000402000005 -0.00910000037
  vertex -0.0219800007 0.000943000021 -0.00910000037
  endloop
 endfacet

 facet normal 0 0 -1
  outer loop
  vertex -0.0219800007 0.000943000021 -0.00910000037
  vertex -0.0560339987 0.000402000005 -0.00910000037
  vertex -0.0585820004 0.0109999999 -0.00910000037
  endloop
 endfacet

 facet normal 0 0 -1
  outer loop
  vertex -0.0219800007 0.000943000021 -0.00910000037
  vertex -0.0585820004 0.0109999999 -0.00910000037
  vertex -0.0216690004 0.00193000003 -0.00910000037
  endloop
 endfacet

 facet normal 0 0 -1
  outer loop
  vertex -0.0216690004 0.00193000003 -0.00910000037
  vertex -0.0585820004 0.0109999999 -0.00910000037
  vertex -0.0209059995 0.00263 -0.00910000037
  endloop
 endfacet

 facet normal 0 0 -1
  outer loop
  vertex -0.0570450015 0.000176999994 -0.00910000037
  vertex -0.0578080006 -0.000523000024 -0.00910000037
  vertex -0.0585820004 0.0109999999 -0.00910000037
  endloop
 endfacet

 facet normal 0 0 -1
  outer loop
  vertex -0.0585820004 0.0109999999 -0.00910000037
  vertex -0.0578080006 -0.000523000024 -0.00910000037
  vertex -0.0581180006 -0.00151099998 -0.00910000037
  endloop
 endfacet

 facet normal 0 0 -1
  outer loop
  vertex -0.0585820004 0.0109999999 -0.00910000037
  vertex -0.0581180006 -0.00151099998 -0.00910000037
  vertex -0.0592020005 -0.00344299991 -0.00910000037
  endloop
 endfacet

 facet normal 0 0 -1
  outer loop
  vertex -0.0592020005 -0.00344299991 -0.00910000037
  vertex -0.0581180006 -0.00151099998 -0.00910000037
  vertex -0.0578930005 -0.0025210001 -0.00910000037
  endloop
 endfacet

 facet normal 0 0 -1
  outer loop
  vertex -0.0592020005 -0.00344299991 -0.00910000037
  vertex -0.0578930005 -0.0025210001 -0.00910000037
  vertex -0.0571929999 -0.00328400009 -0.00910000037
  endloop
 endfacet

 facet normal 0 0 1
  outer loop
  vertex -0.0592020005 -0.00344299991 0.0104999999
  vertex -0.0163240004 -0.00712799979 0.0104999999
  vertex -0.0163129997 -0.00695700012 0.0104999999
  endloop
 endfacet

 facet normal 0 0 1
  outer loop
  vertex -0.0180900004 0.0109999999 0.0104999999
  vertex -0.0585820004 0.0109999999 0.0104999999
  vertex -0.0175589994 0.0106619997 0.0104999999
  endloop
 endfacet

 facet normal 0 0 1
  outer loop
  vertex -0.0175589994 0.0106619997 0.0104999999
  vertex -0.0585820004 0.0109999999 0.0104999999
  vertex -0.0592020005 -0.00344299991 0.0104999999
  endloop
 endfacet

 facet normal 0 0 1
  outer loop
  vertex -0.0165340006 0.00972499978 0.0104999999
  vertex -0.0175589994 0.0106619997 0.0104999999
  vertex -0.0158920009 0.00849299971 0.0104999999
  endloop
 endfacet

 facet normal 0 0 1
  outer loop
  vertex -0.0158920009 0.00849299971 0.0104999999
  vertex -0.0175589994 0.0106619997 0.0104999999
  vertex -0.0592020005 -0.00344299991 0.0104999999
  endloop
 endfacet

 facet normal 0 0 1
  outer loop
  vertex -0.0158920009 0.00849299971 0.0104999999
  vertex -0.0592020005 -0.00344299991 0.0104999999
  vertex -0.0157089997 0.00711600017 0.0104999999
  endloop
 endfacet

 facet normal 0 0 1
  outer loop
  vertex -0.0157089997 0.00711600017 0.0104999999
  vertex -0.0592020005 -0.00344299991 0.0104999999
  vertex -0.0163129997 -0.00695700012 0.0104999999
  endloop
 endfacet

 facet normal 0 0 -1
  outer loop
  vertex -0.0592090003 -0.00361400004 0.00535999984
  vertex -0.0585820004 0.0109999999 0.00535999984
  vertex -0.0555559993 -0.0077709998 0.00535999984
  endloop
 endfacet

 facet normal 0 0 -1
  outer loop
  vertex -0.0555559993 -0.0077709998 0.00535999984
  vertex -0.0585820004 0.0109999999 0.00535999984
  vertex -0.0206519999 -0.0107709998 0.00535999984
  endloop
 endfacet

 facet normal 0 0 -1
  outer loop
  vertex -0.0180900004 0.0109999999 0.00535999984
  vertex -0.0175589994 0.0106619997 0.00535999984
  vertex -0.0585820004 0.0109999999 0.00535999984
  endloop
 endfacet

 facet normal 0 0 -1
  outer loop
  vertex -0.0585820004 0.0109999999 0.00535999984
  vertex -0.0175589994 0.0106619997 0.00535999984
  vertex -0.0165340006 0.00972499978 0.00535999984
  endloop
 endfacet

 facet normal 0 0 -1
  outer loop
  vertex -0.0176689997 -0.00978999957 0.00535999984
  vertex -0.0190600008 -0.010586 0.00535999984
  vertex -0.0206519999 -0.0107709998 0.00535999984
  endloop
 endfacet

 facet normal 0 0 -1
  outer loop
  vertex -0.0570160002 -0.00735600013 0.00535999984
  vertex -0.0582170002 -0.00642699981 0.00535999984
  vertex -0.0555559993 -0.0077709998 0.00535999984
  endloop
 endfacet

 facet normal 0 0 -1
  outer loop
  vertex -0.0555559993 -0.0077709998 0.00535999984
  vertex -0.0582170002 -0.00642699981 0.00535999984
  vertex -0.0589849986 -0.00511599984 0.00535999984
  endloop
 endfacet

 facet normal 0 0 -1
  outer loop
  vertex -0.0555559993 -0.0077709998 0.00535999984
  vertex -0.0589849986 -0.00511599984 0.00535999984
  vertex -0.0592090003 -0.00361400004 0.00535999984
  endloop
 endfacet

 facet normal 0 0 -1
  outer loop
  vertex -0.0167009998 -0.00851199962 0.00535999984
  vertex -0.0176689997 -0.00978999957 0.00535999984
  vertex -0.0163129997 -0.00695700012 0.00535999984
  endloop
 endfacet

 facet normal 0 0 -1
  outer loop
  vertex -0.0163129997 -0.00695700012 0.00535999984
  vertex -0.0176689997 -0.00978999957 0.00535999984
  vertex -0.0206519999 -0.0107709998 0.00535999984
  endloop
 endfacet

 facet normal 0 0 -1
  outer loop
  vertex -0.0163129997 -0.00695700012 0.00535999984
  vertex -0.0206519999 -0.0107709998 0.00535999984
  vertex -0.0157089997 0.00711600017 0.00535999984
  endloop
 endfacet

 facet normal 0 0 -1
  outer loop
  vertex -0.0157089997 0.00711600017 0.00535999984
  vertex -0.0206519999 -0.0107709998 0.00535999984
  vertex -0.0585820004 0.0109999999 0.00535999984
  endloop
 endfacet

 facet normal 0 0 -1
  outer loop
  vertex -0.0157089997 0.00711600017 0.00535999984
  vertex -0.0585820004 0.0109999999 0.00535999984
  vertex -0.0158920009 0.00849299971 0.00535999984
  endloop
 endfacet

 facet normal 0 0 -1
  outer loop
  vertex -0.0158920009 0.00849299971 0.00535999984
  vertex -0.0585820004 0.0109999999 0.00535999984
  vertex -0.0165340006 0.00972499978 0.00535999984
  endloop
 endfacet

 facet normal 0 -1 0
  outer loop
  vertex -0.0180900004 0.0109999999 0.00535999984
  vertex -0.0585820004 0.0109999999 0.00535999984
  vertex -0.0180900004 0.0109999999 0.00535000023
  endloop
 endfacet

 facet normal 0 -1 0
  outer loop
  vertex -0.0180900004 0.0109999999 0.00535000023
  vertex -0.0585820004 0.0109999999 0.00535999984
  vertex -0.0585820004 0.0109999999 0.00535000023
  endloop
 endfacet

 facet normal 0 0 1
  outer loop
  vertex -0.0175589994 0.0106619997 -0.00215999992
  vertex -0.0180900004 0.0109999999 -0.00215999992
  vertex -0.0585820004 0.0109999999 -0.00215999992
  endloop
 endfacet

 facet normal 0 0 1
  outer loop
  vertex -0.0157089997 0.00711600017 -0.00215999992
  vertex -0.0585820004 0.0109999999 -0.00215999992
  vertex -0.0163129997 -0.00695700012 -0.00215999992
  endloop
 endfacet

 facet normal 0 0 1
  outer loop
  vertex -0.0163129997 -0.00695700012 -0.00215999992
  vertex -0.0585820004 0.0109999999 -0.00215999992
  vertex -0.0592090003 -0.00361400004 -0.00215999992
  endloop
 endfacet

 facet normal 0 0 1
  outer loop
  vertex -0.0163129997 -0.00695700012 -0.00215999992
  vertex -0.0592090003 -0.00361400004 -0.00215999992
  vertex -0.0555559993 -0.0077709998 -0.00215999992
  endloop
 endfacet

 facet normal 0 0 1
  outer loop
  vertex -0.0157089997 0.00711600017 -0.00215999992
  vertex -0.0158920009 0.00849299971 -0.00215999992
  vertex -0.0585820004 0.0109999999 -0.00215999992
  endloop
 endfacet

 facet normal 0 0 1
  outer loop
  vertex -0.0585820004 0.0109999999 -0.00215999992
  vertex -0.0158920009 0.00849299971 -0.00215999992
  vertex -0.0165340006 0.00972499978 -0.00215999992
  endloop
 endfacet

 facet normal 0 0 1
  outer loop
  vertex -0.0585820004 0.0109999999 -0.00215999992
  vertex -0.0165340006 0.00972499978 -0.00215999992
  vertex -0.0175589994 0.0106619997 -0.00215999992
  endloop
 endfacet

 facet normal 0 0 1
  outer loop
  vertex -0.0589849986 -0.00511599984 -0.00215999992
  vertex -0.0582170002 -0.00642699981 -0.00215999992
  vertex -0.0592090003 -0.00361400004 -0.00215999992
  endloop
 endfacet

 facet normal 0 0 1
  outer loop
  vertex -0.0592090003 -0.00361400004 -0.00215999992
  vertex -0.0582170002 -0.00642699981 -0.00215999992
  vertex -0.0570160002 -0.00735600013 -0.00215999992
  endloop
 endfacet

 facet normal 0 0 1
  outer loop
  vertex -0.0592090003 -0.00361400004 -0.00215999992
  vertex -0.0570160002 -0.00735600013 -0.00215999992
  vertex -0.0555559993 -0.0077709998 -0.00215999992
  endloop
 endfacet

 facet normal 0 0 1
  outer loop
  vertex -0.0176689997 -0.00978999957 -0.00215999992
  vertex -0.0167009998 -0.00851199962 -0.00215999992
  vertex -0.0190600008 -0.010586 -0.00215999992
  endloop
 endfacet

 facet normal 0 0 1
  outer loop
  vertex -0.0190600008 -0.010586 -0.00215999992
  vertex -0.0167009998 -0.00851199962 -0.00215999992
  vertex -0.0163129997 -0.00695700012 -0.00215999992
  endloop
 endfacet

 facet normal 0 0 1
  outer loop
  vertex -0.0190600008 -0.010586 -0.00215999992
  vertex -0.0163129997 -0.00695700012 -0.00215999992
  vertex -0.0206519999 -0.0107709998 -0.00215999992
  endloop
 endfacet

 facet normal 0 0 1
  outer loop
  vertex -0.0206519999 -0.0107709998 -0.00215999992
  vertex -0.0163129997 -0.00695700012 -0.00215999992
  vertex -0.0555559993 -0.0077709998 -0.00215999992
  endloop
 endfacet

 facet normal 0 -1 0
  outer loop
  vertex -0.0180900004 0.0109999999 -0.00215000007
  vertex -0.0585820004 0.0109999999 -0.00215000007
  vertex -0.0180900004 0.0109999999 -0.00215999992
  endloop
 endfacet

 facet normal 0 -1 0
  outer loop
  vertex -0.0180900004 0.0109999999 -0.00215999992
  vertex -0.0585820004 0.0109999999 -0.00215000007
  vertex -0.0585820004 0.0109999999 -0.00215999992
  endloop
 endfacet

 facet normal -0.27318874 -0.961960435 0
  outer loop
  vertex -0.0555559993 -0.0077709998 -0.00510000018
  vertex -0.0555559993 -0.0077709998 -0.00215999992
  vertex -0.0570160002 -0.00735600013 -0.00215999992
  endloop
 endfacet

 facet normal -0.637295544 -0.770594597 -0.00619995641
  outer loop
  vertex -0.0581940003 -0.00639999984 -0.00784599967
  vertex -0.0571050011 -0.00730999978 -0.0066829999
  vertex -0.0582170002 -0.00642699981 -0.00215999992
  endloop
 endfacet

 facet normal -0.367596477 -0.925591052 0.0902991369
  outer loop
  vertex -0.0582170002 -0.00642699981 -0.00215999992
  vertex -0.0571050011 -0.00730999978 -0.0066829999
  vertex -0.0570509993 -0.0073259999 -0.00662800018
  endloop
 endfacet

 facet normal -0.612090468 -0.790787578 -0.000599990657
  outer loop
  vertex -0.0582170002 -0.00642699981 -0.00215999992
  vertex -0.0570509993 -0.0073259999 -0.00662800018
  vertex -0.0570160002 -0.00735600013 -0.00215999992
  endloop
 endfacet

 facet normal -0.28118372 -0.959644377 -0.00429975102
  outer loop
  vertex -0.0570160002 -0.00735600013 -0.00215999992
  vertex -0.0570509993 -0.0073259999 -0.00662800018
  vertex -0.0570099987 -0.007338 -0.0065870001
  endloop
 endfacet

 facet normal -0.28118372 -0.959644377 -0.00429975102
  outer loop
  vertex -0.0570160002 -0.00735600013 -0.00215999992
  vertex -0.0570099987 -0.007338 -0.0065870001
  vertex -0.0555559993 -0.0077709998 -0.00510000018
  endloop
 endfacet

 facet normal -0.637236059 -0.770643651 -0.00620035129
  outer loop
  vertex -0.0581940003 -0.00639999984 -0.00784599967
  vertex -0.0582170002 -0.00642699981 -0.00215999992
  vertex -0.0582589991 -0.00634500012 -0.00791599974
  endloop
 endfacet

 facet normal -0.862775922 -0.505585909 -0.000799977686
  outer loop
  vertex -0.0582589991 -0.00634500012 -0.00791599974
  vertex -0.0582170002 -0.00642699981 -0.00215999992
  vertex -0.0589849986 -0.00511599984 -0.00215999992
  endloop
 endfacet

 facet normal -0.682285428 -0.727784574 0.0693985224
  outer loop
  vertex -0.0582589991 -0.00634500012 -0.00791599974
  vertex -0.0589849986 -0.00511599984 -0.00215999992
  vertex -0.0583450012 -0.00627399981 -0.0080070002
  endloop
 endfacet

 facet normal -0.99386543 -0.110596158 0
  outer loop
  vertex -0.0592090003 -0.00361400004 -0.00909600034
  vertex -0.0590739995 -0.00483100023 -0.00885699969
  vertex -0.0592090003 -0.00361400004 -0.00215999992
  endloop
 endfacet

 facet normal -0.904477954 -0.422489703 0.0584985763
  outer loop
  vertex -0.0592090003 -0.00361400004 -0.00215999992
  vertex -0.0590739995 -0.00483100023 -0.00885699969
  vertex -0.0589979999 -0.00498099998 -0.00876899995
  endloop
 endfacet

 facet normal -0.989045501 -0.147606775 -0.00110005063
  outer loop
  vertex -0.0592090003 -0.00361400004 -0.00215999992
  vertex -0.0589979999 -0.00498099998 -0.00876899995
  vertex -0.0589849986 -0.00511599984 -0.00215999992
  endloop
 endfacet

 facet normal -0.890712082 -0.454506159 -0.00750010135
  outer loop
  vertex -0.0589849986 -0.00511599984 -0.00215999992
  vertex -0.0589979999 -0.00498099998 -0.00876899995
  vertex -0.0589409992 -0.00509400014 -0.00870199967
  endloop
 endfacet

 facet normal -0.890712082 -0.454506159 -0.00750010135
  outer loop
  vertex -0.0589849986 -0.00511599984 -0.00215999992
  vertex -0.0589409992 -0.00509400014 -0.00870199967
  vertex -0.0583450012 -0.00627399981 -0.0080070002
  endloop
 endfacet

 facet normal -0.0149000511 -0.173600599 -0.984703422
  outer loop
  vertex -0.0163240004 -0.00712799979 -0.00910000037
  vertex -0.0166839994 -0.00847500004 -0.00885699969
  vertex -0.0592020005 -0.00344299991 -0.00910000037
  endloop
 endfacet

 facet normal -0.0564010814 -0.517509937 -0.85381633
  outer loop
  vertex -0.0592020005 -0.00344299991 -0.00910000037
  vertex -0.0166839994 -0.00847500004 -0.00885699969
  vertex -0.0167079996 -0.00850700028 -0.00883600023
  endloop
 endfacet

 facet normal 0.00359985675 -0.02159914 -0.999760211
  outer loop
  vertex -0.0592020005 -0.00344299991 -0.00910000037
  vertex -0.0167079996 -0.00850700028 -0.00883600023
  vertex -0.0592090003 -0.00361400004 -0.00909600034
  endloop
 endfacet

 facet normal -0.0163994431 -0.194493413 -0.980766714
  outer loop
  vertex -0.0592090003 -0.00361400004 -0.00909600034
  vertex -0.0167079996 -0.00850700028 -0.00883600023
  vertex -0.0590739995 -0.00483100023 -0.00885699969
  endloop
 endfacet

 facet normal -0.0450019874 -0.523823142 -0.850637496
  outer loop
  vertex -0.0590739995 -0.00483100023 -0.00885699969
  vertex -0.0167079996 -0.00850700028 -0.00883600023
  vertex -0.0167839993 -0.00860899966 -0.00876899995
  endloop
 endfacet

 facet normal -0.0450019874 -0.523823142 -0.850637496
  outer loop
  vertex -0.0590739995 -0.00483100023 -0.00885699969
  vertex -0.0167839993 -0.00860899966 -0.00876899995
  vertex -0.0589979999 -0.00498099998 -0.00876899995
  endloop
 endfacet

 facet normal -0.0448009074 -0.523710668 -0.850717366
  outer loop
  vertex -0.0583450012 -0.00627399981 -0.0080070002
  vertex -0.0589409992 -0.00509400014 -0.00870199967
  vertex -0.0176720005 -0.00978500023 -0.00798499957
  endloop
 endfacet

 facet normal -0.0450019874 -0.523823142 -0.850637496
  outer loop
  vertex -0.0589979999 -0.00498099998 -0.00876899995
  vertex -0.0167839993 -0.00860899966 -0.00876899995
  vertex -0.0589409992 -0.00509400014 -0.00870199967
  endloop
 endfacet

 facet normal -0.0450019874 -0.523823142 -0.850637496
  outer loop
  vertex -0.0589409992 -0.00509400014 -0.00870199967
  vertex -0.0167839993 -0.00860899966 -0.00876899995
  vertex -0.0176480003 -0.0097719999 -0.0080070002
  endloop
 endfacet

 facet normal -0.0818971545 -0.809571922 -0.581279814
  outer loop
  vertex -0.0589409992 -0.00509400014 -0.00870199967
  vertex -0.0176480003 -0.0097719999 -0.0080070002
  vertex -0.0176720005 -0.00978500023 -0.00798499957
  endloop
 endfacet

 facet normal -0.0701984614 -0.816482067 -0.573087394
  outer loop
  vertex -0.0583450012 -0.00627399981 -0.0080070002
  vertex -0.0176720005 -0.00978500023 -0.00798499957
  vertex -0.0582589991 -0.00634500012 -0.00791599974
  endloop
 endfacet

 facet normal -0.0701984614 -0.816482067 -0.573087394
  outer loop
  vertex -0.0582589991 -0.00634500012 -0.00791599974
  vertex -0.0176720005 -0.00978500023 -0.00798499957
  vertex -0.0177449994 -0.00982800033 -0.00791599974
  endloop
 endfacet

 facet normal -0.0701984614 -0.816482067 -0.573087394
  outer loop
  vertex -0.0582589991 -0.00634500012 -0.00791599974
  vertex -0.0177449994 -0.00982800033 -0.00791599974
  vertex -0.0581940003 -0.00639999984 -0.00784599967
  endloop
 endfacet

 facet normal -0.0701984614 -0.816482067 -0.573087394
  outer loop
  vertex -0.0581940003 -0.00639999984 -0.00784599967
  vertex -0.0177449994 -0.00982800033 -0.00791599974
  vertex -0.0190469995 -0.0105809998 -0.0066829999
  endloop
 endfacet

 facet normal -0.0973958671 -0.971658766 -0.215390861
  outer loop
  vertex -0.0581940003 -0.00639999984 -0.00784599967
  vertex -0.0190469995 -0.0105809998 -0.0066829999
  vertex -0.0190600008 -0.0105830003 -0.00667000003
  endloop
 endfacet

 facet normal -0.0838987902 -0.975785911 -0.201997101
  outer loop
  vertex -0.0191019997 -0.0105879996 -0.00662800018
  vertex -0.0206519999 -0.0107709998 -0.00510000018
  vertex -0.0555559993 -0.0077709998 -0.00510000018
  endloop
 endfacet

 facet normal -0.0838987902 -0.975785911 -0.201997101
  outer loop
  vertex -0.0555559993 -0.0077709998 -0.00510000018
  vertex -0.0570099987 -0.007338 -0.0065870001
  vertex -0.0191019997 -0.0105879996 -0.00662800018
  endloop
 endfacet

 facet normal -0.0838987902 -0.975785911 -0.201997101
  outer loop
  vertex -0.0191019997 -0.0105879996 -0.00662800018
  vertex -0.0570099987 -0.007338 -0.0065870001
  vertex -0.0570509993 -0.0073259999 -0.00662800018
  endloop
 endfacet

 facet normal -0.0838987902 -0.975785911 -0.201997101
  outer loop
  vertex -0.0191019997 -0.0105879996 -0.00662800018
  vertex -0.0570509993 -0.0073259999 -0.00662800018
  vertex -0.0190600008 -0.0105830003 -0.00667000003
  endloop
 endfacet

 facet normal -0.0838987902 -0.975785911 -0.201997101
  outer loop
  vertex -0.0190600008 -0.0105830003 -0.00667000003
  vertex -0.0570509993 -0.0073259999 -0.00662800018
  vertex -0.0571050011 -0.00730999978 -0.0066829999
  endloop
 endfacet

 facet normal -0.0700011551 -0.816413403 -0.573209405
  outer loop
  vertex -0.0190600008 -0.0105830003 -0.00667000003
  vertex -0.0571050011 -0.00730999978 -0.0066829999
  vertex -0.0581940003 -0.00639999984 -0.00784599967
  endloop
 endfacet

 facet normal 0.500204027 -0.865907013 -0.000900007377
  outer loop
  vertex -0.0177449994 -0.00982800033 -0.00791599974
  vertex -0.0176720005 -0.00978500023 -0.00798499957
  vertex -0.0176689997 -0.00978999957 -0.00215999992
  endloop
 endfacet

 facet normal 0.80209446 -0.597195864 -0.00119999168
  outer loop
  vertex -0.0167839993 -0.00860899966 -0.00876899995
  vertex -0.0167079996 -0.00850700028 -0.00883600023
  vertex -0.0167009998 -0.00851199962 -0.00215999992
  endloop
 endfacet

 facet normal 0.80209446 -0.597195864 -0.00119999168
  outer loop
  vertex -0.0167009998 -0.00851199962 -0.00215999992
  vertex -0.0167079996 -0.00850700028 -0.00883600023
  vertex -0.0166839994 -0.00847500004 -0.00885699969
  endloop
 endfacet

 facet normal 0.970247567 -0.242111877 0.00120005885
  outer loop
  vertex -0.0167009998 -0.00851199962 -0.00215999992
  vertex -0.0166839994 -0.00847500004 -0.00885699969
  vertex -0.0163129997 -0.00695700012 -0.00215999992
  endloop
 endfacet

 facet normal 0.966374695 -0.257093251 0.0047998745
  outer loop
  vertex -0.0163129997 -0.00695700012 -0.00215999992
  vertex -0.0166839994 -0.00847500004 -0.00885699969
  vertex -0.0163240004 -0.00712799979 -0.00910000037
  endloop
 endfacet

 facet normal 0.997930467 -0.0643019602 0
  outer loop
  vertex -0.0163129997 -0.00695700012 -0.00215999992
  vertex -0.0163240004 -0.00712799979 -0.00910000037
  vertex -0.0163129997 -0.00695700012 -0.00910000037
  endloop
 endfacet

 facet normal 0.797291577 -0.603593647 -0.000899990497
  outer loop
  vertex -0.0176689997 -0.00978999957 -0.00215999992
  vertex -0.0176720005 -0.00978500023 -0.00798499957
  vertex -0.0167009998 -0.00851199962 -0.00215999992
  endloop
 endfacet

 facet normal 0.559409022 -0.824313283 0.0870013982
  outer loop
  vertex -0.0167009998 -0.00851199962 -0.00215999992
  vertex -0.0176720005 -0.00978500023 -0.00798499957
  vertex -0.0176480003 -0.0097719999 -0.0080070002
  endloop
 endfacet

 facet normal 0.80209446 -0.597195864 -0.00119999168
  outer loop
  vertex -0.0167009998 -0.00851199962 -0.00215999992
  vertex -0.0176480003 -0.0097719999 -0.0080070002
  vertex -0.0167839993 -0.00860899966 -0.00876899995
  endloop
 endfacet

 facet normal 0.115698181 -0.993284464 0
  outer loop
  vertex -0.0190600008 -0.010586 -0.00215999992
  vertex -0.0206519999 -0.0107709998 -0.00215999992
  vertex -0.0206519999 -0.0107709998 -0.00510000018
  endloop
 endfacet

 facet normal 0.116794825 -0.993155956 -0.000599973428
  outer loop
  vertex -0.0206519999 -0.0107709998 -0.00510000018
  vertex -0.0191019997 -0.0105879996 -0.00662800018
  vertex -0.0190600008 -0.010586 -0.00215999992
  endloop
 endfacet

 facet normal 0.116794825 -0.993155956 -0.000599973428
  outer loop
  vertex -0.0190600008 -0.010586 -0.00215999992
  vertex -0.0191019997 -0.0105879996 -0.00662800018
  vertex -0.0190600008 -0.0105830003 -0.00667000003
  endloop
 endfacet

 facet normal 0.496321946 -0.868138373 -0.000600026571
  outer loop
  vertex -0.0190600008 -0.010586 -0.00215999992
  vertex -0.0190600008 -0.0105830003 -0.00667000003
  vertex -0.0176689997 -0.00978999957 -0.00215999992
  endloop
 endfacet

 facet normal 0.217105374 -0.97062403 0.103702575
  outer loop
  vertex -0.0176689997 -0.00978999957 -0.00215999992
  vertex -0.0190600008 -0.0105830003 -0.00667000003
  vertex -0.0190469995 -0.0105809998 -0.0066829999
  endloop
 endfacet

 facet normal 0.500204027 -0.865907013 -0.000900007377
  outer loop
  vertex -0.0176689997 -0.00978999957 -0.00215999992
  vertex -0.0190469995 -0.0105809998 -0.0066829999
  vertex -0.0177449994 -0.00982800033 -0.00791599974
  endloop
 endfacet

 facet normal 0.675008833 0.737809598 0
  outer loop
  vertex -0.0175589994 0.0106619997 -0.00910000037
  vertex -0.0175589994 0.0106619997 -0.00215999992
  vertex -0.0165340006 0.00972499978 -0.00215999992
  endloop
 endfacet

 facet normal 0.675008833 0.737809598 0
  outer loop
  vertex -0.0175589994 0.0106619997 -0.00910000037
  vertex -0.0165340006 0.00972499978 -0.00215999992
  vertex -0.0165340006 0.00972499978 -0.00910000037
  endloop
 endfacet

 facet normal 0.886677504 0.462388277 0
  outer loop
  vertex -0.0165340006 0.00972499978 -0.00910000037
  vertex -0.0165340006 0.00972499978 -0.00215999992
  vertex -0.0158920009 0.00849299971 -0.00215999992
  endloop
 endfacet

 facet normal 0.886677504 0.462388277 0
  outer loop
  vertex -0.0165340006 0.00972499978 -0.00910000037
  vertex -0.0158920009 0.00849299971 -0.00215999992
  vertex -0.0158920009 0.00849299971 -0.00910000037
  endloop
 endfacet

 facet normal 0.991341889 0.13130556 0
  outer loop
  vertex -0.0158920009 0.00849299971 -0.00910000037
  vertex -0.0158920009 0.00849299971 -0.00215999992
  vertex -0.0157089997 0.00711600017 -0.00215999992
  endloop
 endfacet

 facet normal 0.991341889 0.13130556 0
  outer loop
  vertex -0.0158920009 0.00849299971 -0.00910000037
  vertex -0.0157089997 0.00711600017 -0.00215999992
  vertex -0.0157089997 0.00711600017 -0.00910000037
  endloop
 endfacet

 facet normal 0.991341889 0.13130556 0
  outer loop
  vertex -0.0157089997 0.00711600017 0.0104999999
  vertex -0.0157089997 0.00711600017 0.00535999984
  vertex -0.0158920009 0.00849299971 0.00535999984
  endloop
 endfacet

 facet normal 0.991341889 0.13130556 0
  outer loop
  vertex -0.0157089997 0.00711600017 0.0104999999
  vertex -0.0158920009 0.00849299971 0.00535999984
  vertex -0.0158920009 0.00849299971 0.0104999999
  endloop
 endfacet

 facet normal 0.886677504 0.462388277 0
  outer loop
  vertex -0.0158920009 0.00849299971 0.0104999999
  vertex -0.0158920009 0.00849299971 0.00535999984
  vertex -0.0165340006 0.00972499978 0.00535999984
  endloop
 endfacet

 facet normal 0.886677504 0.462388277 0
  outer loop
  vertex -0.0158920009 0.00849299971 0.0104999999
  vertex -0.0165340006 0.00972499978 0.00535999984
  vertex -0.0165340006 0.00972499978 0.0104999999
  endloop
 endfacet

 facet normal 0.675008833 0.737809598 0
  outer loop
  vertex -0.0165340006 0.00972499978 0.0104999999
  vertex -0.0165340006 0.00972499978 0.00535999984
  vertex -0.0175589994 0.0106619997 0.00535999984
  endloop
 endfacet

 facet normal 0.675008833 0.737809598 0
  outer loop
  vertex -0.0165340006 0.00972499978 0.0104999999
  vertex -0.0175589994 0.0106619997 0.00535999984
  vertex -0.0175589994 0.0106619997 0.0104999999
  endloop
 endfacet

 facet normal -0.812688291 0.581791639 0.0324995331
  outer loop
  vertex -0.0572360009 0.0139899999 -0.00775700016
  vertex -0.0573239997 0.0138720004 -0.00784500036
  vertex -0.0561069995 0.0146850003 0.00802799966
  endloop
 endfacet

 facet normal -0.971313298 0.237803265 0
  outer loop
  vertex -0.0585750006 0.0111710001 -0.00909600034
  vertex -0.0585750006 0.0111710001 -0.00215000007
  vertex -0.0582440011 0.0125230001 -0.00876499992
  endloop
 endfacet

 facet normal -0.977255642 0.211990371 -0.00559974555
  outer loop
  vertex -0.0582440011 0.0125230001 -0.00876499992
  vertex -0.0585750006 0.0111710001 -0.00215000007
  vertex -0.0582869984 0.0125000002 -0.00215000007
  endloop
 endfacet

 facet normal -0.980741858 0.195308343 0
  outer loop
  vertex -0.0585750006 0.0111710001 0.0104959998
  vertex -0.0583360009 0.0123720001 0.0102570001
  vertex -0.0585750006 0.0111710001 0.00535000023
  endloop
 endfacet

 facet normal -0.868747473 0.489170402 -0.0773953199
  outer loop
  vertex -0.0585750006 0.0111710001 0.00535000023
  vertex -0.0583360009 0.0123720001 0.0102570001
  vertex -0.0582479984 0.0125150001 0.0101690004
  endloop
 endfacet

 facet normal -0.977241218 0.212008938 0.00720030442
  outer loop
  vertex -0.0585750006 0.0111710001 0.00535000023
  vertex -0.0582479984 0.0125150001 0.0101690004
  vertex -0.0582869984 0.0125000002 0.00535000023
  endloop
 endfacet

 facet normal -0.849175692 0.528084874 0.005199851
  outer loop
  vertex -0.0582869984 0.0125000002 0.00535000023
  vertex -0.0582479984 0.0125150001 0.0101690004
  vertex -0.058180999 0.012623 0.0101020001
  endloop
 endfacet

 facet normal -0.758161485 0.652066827 0
  outer loop
  vertex -0.0582869984 0.0125000002 0.00535000023
  vertex -0.058180999 0.012623 0.0101020001
  vertex -0.0582869984 0.0125000002 -0.00215000007
  endloop
 endfacet

 facet normal -0.853494942 0.521096885 0.00209998735
  outer loop
  vertex -0.0582869984 0.0125000002 -0.00215000007
  vertex -0.058180999 0.012623 0.0101020001
  vertex -0.0582140014 0.0126459999 -0.00873500016
  endloop
 endfacet

 facet normal -0.970981061 0.23909533 -0.00539989443
  outer loop
  vertex -0.0582869984 0.0125000002 -0.00215000007
  vertex -0.0582140014 0.0126459999 -0.00873500016
  vertex -0.0582440011 0.0125230001 -0.00876499992
  endloop
 endfacet

 facet normal -0.850035131 0.526721716 0.00210008654
  outer loop
  vertex -0.058180999 0.012623 0.0101020001
  vertex -0.0574860014 0.0137470001 0.00940699968
  vertex -0.0582140014 0.0126459999 -0.00873500016
  endloop
 endfacet

 facet normal -0.589825213 0.807134509 -0.0253010839
  outer loop
  vertex -0.0582140014 0.0126459999 -0.00873500016
  vertex -0.0574860014 0.0137470001 0.00940699968
  vertex -0.057395 0.0138109997 0.00931600016
  endloop
 endfacet

 facet normal -0.972469628 0.231192768 0.029199088
  outer loop
  vertex -0.0582140014 0.0126459999 -0.00873500016
  vertex -0.057395 0.0138109997 0.00931600016
  vertex -0.0582019985 0.0126940003 -0.0087240003
  endloop
 endfacet

 facet normal -0.801197767 0.598398328 -0.0011999968
  outer loop
  vertex -0.0582019985 0.0126940003 -0.0087240003
  vertex -0.057395 0.0138109997 0.00931600016
  vertex -0.0573749989 0.0138039999 -0.00789599959
  endloop
 endfacet

 facet normal -0.232493192 0.972071528 -0.0319990627
  outer loop
  vertex -0.0561069995 0.0146850003 0.00802799966
  vertex -0.0573239997 0.0138720004 -0.00784500036
  vertex -0.0561619997 0.0146730002 0.00808299985
  endloop
 endfacet

 facet normal -0.801281571 0.598286271 -0.00119997247
  outer loop
  vertex -0.0573749989 0.0138039999 -0.00789599959
  vertex -0.057395 0.0138109997 0.00931600016
  vertex -0.0573239997 0.0138720004 -0.00784500036
  endloop
 endfacet

 facet normal -0.572730482 0.819743574 0.000500026566
  outer loop
  vertex -0.0573239997 0.0138720004 -0.00784500036
  vertex -0.057395 0.0138109997 0.00931600016
  vertex -0.0573250018 0.0138600003 0.00924600009
  endloop
 endfacet

 facet normal -0.572797656 0.819696665 0.000499997986
  outer loop
  vertex -0.0573239997 0.0138720004 -0.00784500036
  vertex -0.0573250018 0.0138600003 0.00924600009
  vertex -0.0561619997 0.0146730002 0.00808299985
  endloop
 endfacet

 facet normal -0.201997131 0.979386091 0
  outer loop
  vertex -0.0560650006 0.0146930004 0.00798700005
  vertex -0.0545790009 0.0149999997 0.00650000013
  vertex -0.0545790009 0.0149999997 -0.00510000018
  endloop
 endfacet

 facet normal -0.163602665 0.986516118 0.00450007338
  outer loop
  vertex -0.0545790009 0.0149999997 -0.00510000018
  vertex -0.0558359995 0.0147970002 -0.00635700021
  vertex -0.0560650006 0.0146930004 0.00798700005
  endloop
 endfacet

 facet normal -0.498376548 0.866959095 -0.00169992005
  outer loop
  vertex -0.0560650006 0.0146930004 0.00798700005
  vertex -0.0558359995 0.0147970002 -0.00635700021
  vertex -0.0560490005 0.0146740004 -0.0065700002
  endloop
 endfacet

 facet normal -0.203494772 0.979074895 -0.00149996148
  outer loop
  vertex -0.0560650006 0.0146930004 0.00798700005
  vertex -0.0560490005 0.0146740004 -0.0065700002
  vertex -0.0561069995 0.0146850003 0.00802799966
  endloop
 endfacet

 facet normal -0.497719616 0.867334127 -0.00260010222
  outer loop
  vertex -0.0561069995 0.0146850003 0.00802799966
  vertex -0.0560490005 0.0146740004 -0.0065700002
  vertex -0.0560860001 0.014653 -0.00660699978
  endloop
 endfacet

 facet normal -0.497676402 0.867358863 -0.00259987661
  outer loop
  vertex -0.0561069995 0.0146850003 0.00802799966
  vertex -0.0560860001 0.014653 -0.00660699978
  vertex -0.0572360009 0.0139899999 -0.00775700016
  endloop
 endfacet

 facet normal -0.000200002658 0.683009148 -0.730409741
  outer loop
  vertex -0.0573749989 0.0138039999 -0.00789599959
  vertex -0.0224980004 0.0138029996 -0.00790600013
  vertex -0.0577949993 0.0132759996 -0.00838899985
  endloop
 endfacet

 facet normal -0.00229995535 0.753985345 -0.656887233
  outer loop
  vertex -0.0577949993 0.0132759996 -0.00838899985
  vertex -0.0224980004 0.0138029996 -0.00790600013
  vertex -0.0221829992 0.013603 -0.00813699979
  endloop
 endfacet

 facet normal 0 0.176209435 -0.984352708
  outer loop
  vertex -0.0180900004 0.0109999999 -0.00910000037
  vertex -0.0585820004 0.0109999999 -0.00910000037
  vertex -0.0202719998 0.0123880003 -0.00885200035
  endloop
 endfacet

 facet normal 0.00569976633 0.0211991295 -0.999759018
  outer loop
  vertex -0.0202719998 0.0123880003 -0.00885200035
  vertex -0.0585820004 0.0109999999 -0.00910000037
  vertex -0.0585750006 0.0111710001 -0.00909600034
  endloop
 endfacet

 facet normal -0.0102004167 0.494820237 -0.868935525
  outer loop
  vertex -0.0202719998 0.0123880003 -0.00885200035
  vertex -0.0585750006 0.0111710001 -0.00909600034
  vertex -0.0204789992 0.0125190001 -0.00877400022
  endloop
 endfacet

 facet normal -0.000200002731 0.237803265 -0.971313298
  outer loop
  vertex -0.0204789992 0.0125190001 -0.00877400022
  vertex -0.0585750006 0.0111710001 -0.00909600034
  vertex -0.0582440011 0.0125230001 -0.00876499992
  endloop
 endfacet

 facet normal -9.99983677e-05 0.506591797 -0.862186015
  outer loop
  vertex -0.0204789992 0.0125190001 -0.00877400022
  vertex -0.0582440011 0.0125230001 -0.00876499992
  vertex -0.0221829992 0.013603 -0.00813699979
  endloop
 endfacet

 facet normal 0.00990022905 0.235505462 -0.97182256
  outer loop
  vertex -0.0221829992 0.013603 -0.00813699979
  vertex -0.0582440011 0.0125230001 -0.00876499992
  vertex -0.0582140014 0.0126459999 -0.00873500016
  endloop
 endfacet

 facet normal 0.00180006016 0.480616033 -0.876929283
  outer loop
  vertex -0.0221829992 0.013603 -0.00813699979
  vertex -0.0582140014 0.0126459999 -0.00873500016
  vertex -0.0577949993 0.0132759996 -0.00838899985
  endloop
 endfacet

 facet normal 0.585514963 0.0546013974 -0.808820665
  outer loop
  vertex -0.0577949993 0.0132759996 -0.00838899985
  vertex -0.0582140014 0.0126459999 -0.00873500016
  vertex -0.0582019985 0.0126940003 -0.0087240003
  endloop
 endfacet

 facet normal -0.854321659 0.467111826 0.227905765
  outer loop
  vertex -0.0577949993 0.0132759996 -0.00838899985
  vertex -0.0582019985 0.0126940003 -0.0087240003
  vertex -0.0573749989 0.0138039999 -0.00789599959
  endloop
 endfacet

 facet normal 0.0169002526 0.589608848 -0.807512105
  outer loop
  vertex -0.0573239997 0.0138720004 -0.00784500036
  vertex -0.0240419991 0.0146199996 -0.00660199998
  vertex -0.0573749989 0.0138039999 -0.00789599959
  endloop
 endfacet

 facet normal -0.00869971886 0.931869864 -0.362688243
  outer loop
  vertex -0.0573749989 0.0138039999 -0.00789599959
  vertex -0.0240419991 0.0146199996 -0.00660199998
  vertex -0.0233970005 0.0143750003 -0.007247
  endloop
 endfacet

 facet normal -0.000199995251 0.755382121 -0.655284524
  outer loop
  vertex -0.0573749989 0.0138039999 -0.00789599959
  vertex -0.0233970005 0.0143750003 -0.007247
  vertex -0.0224980004 0.0138029996 -0.00790600013
  endloop
 endfacet

 facet normal 0 0.987245142 -0.15920727
  outer loop
  vertex -0.0558359995 0.0147970002 -0.00635700021
  vertex -0.0545790009 0.0149999997 -0.00510000018
  vertex -0.0255440008 0.0149999997 -0.00510000018
  endloop
 endfacet

 facet normal 0.0169002526 0.589608848 -0.807512105
  outer loop
  vertex -0.0573239997 0.0138720004 -0.00784500036
  vertex -0.0572360009 0.0139899999 -0.00775700016
  vertex -0.0240419991 0.0146199996 -0.00660199998
  endloop
 endfacet

 facet normal 0.00099999446 0.865795314 -0.500397205
  outer loop
  vertex -0.0240419991 0.0146199996 -0.00660199998
  vertex -0.0572360009 0.0139899999 -0.00775700016
  vertex -0.0560860001 0.014653 -0.00660699978
  endloop
 endfacet

 facet normal 0.000999971176 0.935172975 -0.354189783
  outer loop
  vertex -0.0240419991 0.0146199996 -0.00660199998
  vertex -0.0560860001 0.014653 -0.00660699978
  vertex -0.0244500004 0.0147749996 -0.00619400013
  endloop
 endfacet

 facet normal 0.000999971176 0.935172975 -0.354189783
  outer loop
  vertex -0.0244500004 0.0147749996 -0.00619400013
  vertex -0.0560860001 0.014653 -0.00660699978
  vertex -0.0249080006 0.0149490004 -0.0057359999
  endloop
 endfacet

 facet normal -0.0070000696 0.99620986 -0.0867008567
  outer loop
  vertex -0.0249080006 0.0149490004 -0.0057359999
  vertex -0.0560860001 0.014653 -0.00660699978
  vertex -0.0255440008 0.0149999997 -0.00510000018
  endloop
 endfacet

 facet normal 0.0154997529 0.859386325 -0.511091828
  outer loop
  vertex -0.0255440008 0.0149999997 -0.00510000018
  vertex -0.0560860001 0.014653 -0.00660699978
  vertex -0.0560490005 0.0146740004 -0.0065700002
  endloop
 endfacet

 facet normal 0.0154997529 0.859386325 -0.511091828
  outer loop
  vertex -0.0255440008 0.0149999997 -0.00510000018
  vertex -0.0560490005 0.0146740004 -0.0065700002
  vertex -0.0558359995 0.0147970002 -0.00635700021
  endloop
 endfacet

 facet normal -0.000700016099 0.1954045 0.980722606
  outer loop
  vertex -0.0583360009 0.0123720001 0.0102570001
  vertex -0.0585750006 0.0111710001 0.0104959998
  vertex -0.0199229997 0.012166 0.0103259999
  endloop
 endfacet

 facet normal 0.00379987038 0.0212992709 0.999765933
  outer loop
  vertex -0.0199229997 0.012166 0.0103259999
  vertex -0.0585750006 0.0111710001 0.0104959998
  vertex -0.0585820004 0.0109999999 0.0104999999
  endloop
 endfacet

 facet normal 0 0.147298828 0.989092052
  outer loop
  vertex -0.0199229997 0.012166 0.0103259999
  vertex -0.0585820004 0.0109999999 0.0104999999
  vertex -0.0180900004 0.0109999999 0.0104999999
  endloop
 endfacet

 facet normal 0.00129997544 0.525190115 0.850983977
  outer loop
  vertex -0.0583360009 0.0123720001 0.0102570001
  vertex -0.0199229997 0.012166 0.0103259999
  vertex -0.0582479984 0.0125150001 0.0101690004
  endloop
 endfacet

 facet normal 0.000500012597 0.456111461 0.88992244
  outer loop
  vertex -0.0582479984 0.0125150001 0.0101690004
  vertex -0.0199229997 0.012166 0.0103259999
  vertex -0.0204629991 0.0125089996 0.0101509998
  endloop
 endfacet

 facet normal 0.000500012597 0.456111461 0.88992244
  outer loop
  vertex -0.0582479984 0.0125150001 0.0101690004
  vertex -0.0204629991 0.0125089996 0.0101509998
  vertex -0.0218969993 0.013421 0.00968400016
  endloop
 endfacet

 facet normal 0.00300019048 0.818051934 0.575136542
  outer loop
  vertex -0.057395 0.0138109997 0.00931600016
  vertex -0.0574860014 0.0137470001 0.00940699968
  vertex -0.0218969993 0.013421 0.00968400016
  endloop
 endfacet

 facet normal -0.00180001731 0.52660507 0.850108147
  outer loop
  vertex -0.0218969993 0.013421 0.00968400016
  vertex -0.0574860014 0.0137470001 0.00940699968
  vertex -0.058180999 0.012623 0.0101020001
  endloop
 endfacet

 facet normal -0.00180001731 0.52660507 0.850108147
  outer loop
  vertex -0.0218969993 0.013421 0.00968400016
  vertex -0.058180999 0.012623 0.0101020001
  vertex -0.0582479984 0.0125150001 0.0101690004
  endloop
 endfacet

 facet normal 0.00110000721 0.736804843 0.676104426
  outer loop
  vertex -0.0218969993 0.013421 0.00968400016
  vertex -0.0224690009 0.013785 0.00928799994
  vertex -0.057395 0.0138109997 0.00931600016
  endloop
 endfacet

 facet normal 0.00110000721 0.736804843 0.676104426
  outer loop
  vertex -0.057395 0.0138109997 0.00931600016
  vertex -0.0224690009 0.013785 0.00928799994
  vertex -0.0233970005 0.0143750003 0.00864700042
  endloop
 endfacet

 facet normal -0.00239999709 0.82059896 0.571499288
  outer loop
  vertex -0.057395 0.0138109997 0.00931600016
  vertex -0.0233970005 0.0143750003 0.00864700042
  vertex -0.0573250018 0.0138600003 0.00924600009
  endloop
 endfacet

 facet normal -0.00509998994 0.881798327 0.471599072
  outer loop
  vertex -0.0573250018 0.0138600003 0.00924600009
  vertex -0.0233970005 0.0143750003 0.00864700042
  vertex -0.0239610001 0.0146730002 0.00808299985
  endloop
 endfacet

 facet normal 0 0.979386091 0.201997131
  outer loop
  vertex -0.0255440008 0.0149999997 0.00650000013
  vertex -0.0545790009 0.0149999997 0.00650000013
  vertex -0.0244410001 0.0147719998 0.00760299992
  endloop
 endfacet

 facet normal 0 0.979386091 0.201997131
  outer loop
  vertex -0.0244410001 0.0147719998 0.00760299992
  vertex -0.0545790009 0.0149999997 0.00650000013
  vertex -0.0560650006 0.0146930004 0.00798700005
  endloop
 endfacet

 facet normal 0 0.979386091 0.201997131
  outer loop
  vertex -0.0244410001 0.0147719998 0.00760299992
  vertex -0.0560650006 0.0146930004 0.00798700005
  vertex -0.0240160003 0.0146850003 0.00802799966
  endloop
 endfacet

 facet normal 0 0.979386091 0.201997131
  outer loop
  vertex -0.0240160003 0.0146850003 0.00802799966
  vertex -0.0560650006 0.0146930004 0.00798700005
  vertex -0.0561069995 0.0146850003 0.00802799966
  endloop
 endfacet

 facet normal 0 0.979366302 0.20209305
  outer loop
  vertex -0.0240160003 0.0146850003 0.00802799966
  vertex -0.0561069995 0.0146850003 0.00802799966
  vertex -0.0239610001 0.0146730002 0.00808299985
  endloop
 endfacet

 facet normal 0 0.979386091 0.201997131
  outer loop
  vertex -0.0239610001 0.0146730002 0.00808299985
  vertex -0.0561069995 0.0146850003 0.00802799966
  vertex -0.0561619997 0.0146730002 0.00808299985
  endloop
 endfacet

 facet normal 0 0.819490194 0.573093057
  outer loop
  vertex -0.0239610001 0.0146730002 0.00808299985
  vertex -0.0561619997 0.0146730002 0.00808299985
  vertex -0.0573250018 0.0138600003 0.00924600009
  endloop
 endfacet

 facet normal 0.206507131 0.978433788 -0.00470016245
  outer loop
  vertex -0.0244410001 0.0147719998 0.00760299992
  vertex -0.0240160003 0.0146850003 0.00802799966
  vertex -0.0240419991 0.0146199996 -0.00660199998
  endloop
 endfacet

 facet normal 0.206507131 0.978433788 -0.00470016245
  outer loop
  vertex -0.0240160003 0.0146850003 0.00802799966
  vertex -0.0239610001 0.0146730002 0.00808299985
  vertex -0.0240419991 0.0146199996 -0.00660199998
  endloop
 endfacet

 facet normal 0.472188473 0.881478488 -0.00579985883
  outer loop
  vertex -0.0240419991 0.0146199996 -0.00660199998
  vertex -0.0239610001 0.0146730002 0.00808299985
  vertex -0.0233970005 0.0143750003 0.00864700042
  endloop
 endfacet

 facet normal 0.355109394 0.934824765 0
  outer loop
  vertex -0.0240419991 0.0146199996 -0.00660199998
  vertex -0.0233970005 0.0143750003 0.00864700042
  vertex -0.0233970005 0.0143750003 -0.007247
  endloop
 endfacet

 facet normal 0.0797014982 0.996818781 0
  outer loop
  vertex -0.0255440008 0.0149999997 -0.00510000018
  vertex -0.0255440008 0.0149999997 0.00650000013
  vertex -0.0249080006 0.0149490004 -0.0057359999
  endloop
 endfacet

 facet normal 0.196189389 0.980547011 0.00609967019
  outer loop
  vertex -0.0249080006 0.0149490004 -0.0057359999
  vertex -0.0255440008 0.0149999997 0.00650000013
  vertex -0.0244410001 0.0147719998 0.00760299992
  endloop
 endfacet

 facet normal 0.355109394 0.934824765 -0.000100002646
  outer loop
  vertex -0.0249080006 0.0149490004 -0.0057359999
  vertex -0.0244410001 0.0147719998 0.00760299992
  vertex -0.0244500004 0.0147749996 -0.00619400013
  endloop
 endfacet

 facet normal 0.355109394 0.934824765 -0.000100002646
  outer loop
  vertex -0.0244500004 0.0147749996 -0.00619400013
  vertex -0.0244410001 0.0147719998 0.00760299992
  vertex -0.0240419991 0.0146199996 -0.00660199998
  endloop
 endfacet

 facet normal -0.84763962 -0.53052485 0.00710033206
  outer loop
  vertex -0.0581169985 -0.00653700018 0.00915700011
  vertex -0.0581940003 -0.00641199993 0.00924499985
  vertex -0.0582170002 -0.00642699981 0.00535999984
  endloop
 endfacet

 facet normal -0.988117158 -0.153702661 0
  outer loop
  vertex -0.0592090003 -0.00361400004 0.0104959998
  vertex -0.0592090003 -0.00361400004 0.00535999984
  vertex -0.058995001 -0.00498900004 0.0101650003
  endloop
 endfacet

 facet normal -0.989044487 -0.147606641 0.00180008099
  outer loop
  vertex -0.058995001 -0.00498900004 0.0101650003
  vertex -0.0592090003 -0.00361400004 0.00535999984
  vertex -0.0589849986 -0.00511599984 0.00535999984
  endloop
 endfacet

 facet normal -0.988036752 -0.154205739 0.00200007437
  outer loop
  vertex -0.058995001 -0.00498900004 0.0101650003
  vertex -0.0589849986 -0.00511599984 0.00535999984
  vertex -0.0589759983 -0.00511500007 0.0101349996
  endloop
 endfacet

 facet normal -0.988084733 -0.153897628 0.00199996913
  outer loop
  vertex -0.0589759983 -0.00511500007 0.0101349996
  vertex -0.0589849986 -0.00511599984 0.00535999984
  vertex -0.0589680001 -0.00516299997 0.0101239998
  endloop
 endfacet

 facet normal -0.862728834 -0.505616903 0.00710023753
  outer loop
  vertex -0.0582170002 -0.00642699981 0.00535999984
  vertex -0.0581940003 -0.00641199993 0.00924499985
  vertex -0.0589849986 -0.00511599984 0.00535999984
  endloop
 endfacet

 facet normal -0.850603819 -0.525802374 -0.00220001
  outer loop
  vertex -0.0589849986 -0.00511599984 0.00535999984
  vertex -0.0581940003 -0.00641199993 0.00924499985
  vertex -0.0582390018 -0.00633999985 0.009296
  endloop
 endfacet

 facet normal -0.850559115 -0.525874734 -0.00219989428
  outer loop
  vertex -0.0589849986 -0.00511599984 0.00535999984
  vertex -0.0582390018 -0.00633999985 0.009296
  vertex -0.0589680001 -0.00516299997 0.0101239998
  endloop
 endfacet

 facet normal -0.27318874 -0.961960435 0
  outer loop
  vertex -0.0570160002 -0.00735600013 0.00535999984
  vertex -0.0555559993 -0.0077709998 0.00535999984
  vertex -0.0555559993 -0.0077709998 0.00650000013
  endloop
 endfacet

 facet normal -0.260197192 -0.965389669 -0.0178998094
  outer loop
  vertex -0.0555559993 -0.0077709998 0.00650000013
  vertex -0.0567910001 -0.00746099977 0.00775700016
  vertex -0.0570160002 -0.00735600013 0.00535999984
  endloop
 endfacet

 facet normal -0.560197651 -0.828196585 0.0163999312
  outer loop
  vertex -0.0570160002 -0.00735600013 0.00535999984
  vertex -0.0567910001 -0.00746099977 0.00775700016
  vertex -0.0569930002 -0.0073210001 0.00796999969
  endloop
 endfacet

 facet normal -0.611995041 -0.790693641 0.016299868
  outer loop
  vertex -0.0570160002 -0.00735600013 0.00535999984
  vertex -0.0569930002 -0.0073210001 0.00796999969
  vertex -0.0582170002 -0.00642699981 0.00535999984
  endloop
 endfacet

 facet normal -0.577883244 -0.816076279 -0.00839975569
  outer loop
  vertex -0.0582170002 -0.00642699981 0.00535999984
  vertex -0.0569930002 -0.0073210001 0.00796999969
  vertex -0.0570279993 -0.00729600014 0.0080070002
  endloop
 endfacet

 facet normal -0.577883244 -0.816076279 -0.00839975569
  outer loop
  vertex -0.0582170002 -0.00642699981 0.00535999984
  vertex -0.0570279993 -0.00729600014 0.0080070002
  vertex -0.0581169985 -0.00653700018 0.00915700011
  endloop
 endfacet

 facet normal -0.0482992232 -0.554790974 0.830586612
  outer loop
  vertex -0.0176860001 -0.00977599993 0.0093700001
  vertex -0.0167619996 -0.00862499978 0.0101920003
  vertex -0.058995001 -0.00498900004 0.0101650003
  endloop
 endfacet

 facet normal -0.0164996088 -0.19189544 0.981276751
  outer loop
  vertex -0.0163240004 -0.00712799979 0.0104999999
  vertex -0.0592020005 -0.00344299991 0.0104999999
  vertex -0.0167200007 -0.00850700028 0.0102239996
  endloop
 endfacet

 facet normal 0.00389984041 -0.0215991158 0.999759138
  outer loop
  vertex -0.0167200007 -0.00850700028 0.0102239996
  vertex -0.0592020005 -0.00344299991 0.0104999999
  vertex -0.0592090003 -0.00361400004 0.0104959998
  endloop
 endfacet

 facet normal -0.0209996477 -0.236996025 0.971283674
  outer loop
  vertex -0.058995001 -0.00498900004 0.0101650003
  vertex -0.0167619996 -0.00862499978 0.0101920003
  vertex -0.0592090003 -0.00361400004 0.0104959998
  endloop
 endfacet

 facet normal -0.0587991774 -0.548792303 0.833888292
  outer loop
  vertex -0.0592090003 -0.00361400004 0.0104959998
  vertex -0.0167619996 -0.00862499978 0.0101920003
  vertex -0.0167490002 -0.00860899966 0.0102030002
  endloop
 endfacet

 facet normal -0.0157991946 -0.192090228 0.981250048
  outer loop
  vertex -0.0592090003 -0.00361400004 0.0104959998
  vertex -0.0167490002 -0.00860899966 0.0102030002
  vertex -0.0167200007 -0.00850700028 0.0102239996
  endloop
 endfacet

 facet normal 0.578594983 -0.104499094 0.808892965
  outer loop
  vertex -0.0589759983 -0.00511500007 0.0101349996
  vertex -0.0589680001 -0.00516299997 0.0101239998
  vertex -0.0586120002 -0.00577800022 0.00978900027
  endloop
 endfacet

 facet normal -0.891166568 -0.392285287 -0.22789143
  outer loop
  vertex -0.0586120002 -0.00577800022 0.00978900027
  vertex -0.0589680001 -0.00516299997 0.0101239998
  vertex -0.0582390018 -0.00633999985 0.009296
  endloop
 endfacet

 facet normal -0.0377985351 -0.590477109 0.806168795
  outer loop
  vertex -0.0581940003 -0.00641199993 0.00924499985
  vertex -0.0191089995 -0.0105830003 0.00802099984
  vertex -0.0582390018 -0.00633999985 0.009296
  endloop
 endfacet

 facet normal -0.0730050951 -0.836658359 0.542837918
  outer loop
  vertex -0.0582390018 -0.00633999985 0.009296
  vertex -0.0191089995 -0.0105830003 0.00802099984
  vertex -0.0190709997 -0.0105630001 0.00805700012
  endloop
 endfacet

 facet normal -0.00850008149 -0.235202238 0.971909225
  outer loop
  vertex -0.058995001 -0.00498900004 0.0101650003
  vertex -0.0589759983 -0.00511500007 0.0101349996
  vertex -0.0176860001 -0.00977599993 0.0093700001
  endloop
 endfacet

 facet normal -0.0376995727 -0.478294551 0.877389967
  outer loop
  vertex -0.0176860001 -0.00977599993 0.0093700001
  vertex -0.0589759983 -0.00511500007 0.0101349996
  vertex -0.0586120002 -0.00577800022 0.00978900027
  endloop
 endfacet

 facet normal -0.0457994491 -0.556193352 0.829789996
  outer loop
  vertex -0.0176860001 -0.00977599993 0.0093700001
  vertex -0.0586120002 -0.00577800022 0.00978900027
  vertex -0.0177389998 -0.00984099973 0.00932299998
  endloop
 endfacet

 facet normal -0.0592981875 -0.680679202 0.730177641
  outer loop
  vertex -0.0177389998 -0.00984099973 0.00932299998
  vertex -0.0586120002 -0.00577800022 0.00978900027
  vertex -0.0582390018 -0.00633999985 0.009296
  endloop
 endfacet

 facet normal -0.0485014394 -0.554716468 0.83062464
  outer loop
  vertex -0.0177389998 -0.00984099973 0.00932299998
  vertex -0.0582390018 -0.00633999985 0.009296
  vertex -0.0177619997 -0.00986899994 0.00930299982
  endloop
 endfacet

 facet normal -0.0730011314 -0.83661294 0.54290843
  outer loop
  vertex -0.0177619997 -0.00986899994 0.00930299982
  vertex -0.0582390018 -0.00633999985 0.009296
  vertex -0.0190709997 -0.0105630001 0.00805700012
  endloop
 endfacet

 facet normal -0.0845019445 -0.98362267 0.159203663
  outer loop
  vertex -0.0567910001 -0.00746099977 0.00775700016
  vertex -0.0555559993 -0.0077709998 0.00650000013
  vertex -0.0206519999 -0.0107709998 0.00650000013
  endloop
 endfacet

 facet normal -0.0377985351 -0.590477109 0.806168795
  outer loop
  vertex -0.0581940003 -0.00641199993 0.00924499985
  vertex -0.0581169985 -0.00653700018 0.00915700011
  vertex -0.0191089995 -0.0105830003 0.00802099984
  endloop
 endfacet

 facet normal -0.0750032738 -0.863337636 0.499021739
  outer loop
  vertex -0.0191089995 -0.0105830003 0.00802099984
  vertex -0.0581169985 -0.00653700018 0.00915700011
  vertex -0.0570279993 -0.00729600014 0.0080070002
  endloop
 endfacet

 facet normal -0.0727024004 -0.836827517 0.542617857
  outer loop
  vertex -0.0191089995 -0.0105830003 0.00802099984
  vertex -0.0570279993 -0.00729600014 0.0080070002
  vertex -0.0191900004 -0.0106260004 0.00794399995
  endloop
 endfacet

 facet normal -0.0858024508 -0.97892797 0.185305282
  outer loop
  vertex -0.0191900004 -0.0106260004 0.00794399995
  vertex -0.0570279993 -0.00729600014 0.0080070002
  vertex -0.0206519999 -0.0107709998 0.00650000013
  endloop
 endfacet

 facet normal -0.0608995222 -0.858493268 0.509195983
  outer loop
  vertex -0.0206519999 -0.0107709998 0.00650000013
  vertex -0.0570279993 -0.00729600014 0.0080070002
  vertex -0.0569930002 -0.0073210001 0.00796999969
  endloop
 endfacet

 facet normal -0.0608995222 -0.858493268 0.509195983
  outer loop
  vertex -0.0206519999 -0.0107709998 0.00650000013
  vertex -0.0569930002 -0.0073210001 0.00796999969
  vertex -0.0567910001 -0.00746099977 0.00775700016
  endloop
 endfacet

 facet normal 0.0988007188 -0.995107234 0
  outer loop
  vertex -0.0206519999 -0.0107709998 0.00650000013
  vertex -0.0206519999 -0.0107709998 0.00535999984
  vertex -0.0191900004 -0.0106260004 0.00794399995
  endloop
 endfacet

 facet normal 0.115704231 -0.993236303 -0.00970035512
  outer loop
  vertex -0.0191900004 -0.0106260004 0.00794399995
  vertex -0.0206519999 -0.0107709998 0.00535999984
  vertex -0.0190600008 -0.010586 0.00535999984
  endloop
 endfacet

 facet normal 0.461178482 -0.887258649 0.00929956604
  outer loop
  vertex -0.0191900004 -0.0106260004 0.00794399995
  vertex -0.0190600008 -0.010586 0.00535999984
  vertex -0.0191089995 -0.0105830003 0.00802099984
  endloop
 endfacet

 facet normal 0.461178482 -0.887258649 0.00929956604
  outer loop
  vertex -0.0191089995 -0.0105830003 0.00802099984
  vertex -0.0190600008 -0.010586 0.00535999984
  vertex -0.0190709997 -0.0105630001 0.00805700012
  endloop
 endfacet

 facet normal 0.461099744 -0.887299478 0.00929999445
  outer loop
  vertex -0.0190709997 -0.0105630001 0.00805700012
  vertex -0.0190600008 -0.010586 0.00535999984
  vertex -0.0177619997 -0.00986899994 0.00930299982
  endloop
 endfacet

 facet normal 0.49631393 -0.868124306 -0.00570015982
  outer loop
  vertex -0.0177619997 -0.00986899994 0.00930299982
  vertex -0.0190600008 -0.010586 0.00535999984
  vertex -0.0176689997 -0.00978999957 0.00535999984
  endloop
 endfacet

 facet normal 0.777616322 -0.62871325 0.00570012024
  outer loop
  vertex -0.0177619997 -0.00986899994 0.00930299982
  vertex -0.0176689997 -0.00978999957 0.00535999984
  vertex -0.0177389998 -0.00984099973 0.00932299998
  endloop
 endfacet

 facet normal 0.960978568 -0.276593834 0.00399991078
  outer loop
  vertex -0.0167200007 -0.00850700028 0.0102239996
  vertex -0.0167490002 -0.00860899966 0.0102030002
  vertex -0.0167009998 -0.00851199962 0.00535999984
  endloop
 endfacet

 facet normal 0.78123039 -0.624224305 -0.00480018696
  outer loop
  vertex -0.0167009998 -0.00851199962 0.00535999984
  vertex -0.0167490002 -0.00860899966 0.0102030002
  vertex -0.0167619996 -0.00862499978 0.0101920003
  endloop
 endfacet

 facet normal 0.797285199 -0.60358882 -0.00409992365
  outer loop
  vertex -0.0167009998 -0.00851199962 0.00535999984
  vertex -0.0167619996 -0.00862499978 0.0101920003
  vertex -0.0176689997 -0.00978999957 0.00535999984
  endloop
 endfacet

 facet normal 0.777616322 -0.62871325 0.00570012024
  outer loop
  vertex -0.0176689997 -0.00978999957 0.00535999984
  vertex -0.0167619996 -0.00862499978 0.0101920003
  vertex -0.0176860001 -0.00977599993 0.0093700001
  endloop
 endfacet

 facet normal 0.777567387 -0.62877363 0.00569976121
  outer loop
  vertex -0.0176689997 -0.00978999957 0.00535999984
  vertex -0.0176860001 -0.00977599993 0.0093700001
  vertex -0.0177389998 -0.00984099973 0.00932299998
  endloop
 endfacet

 facet normal 0.960978568 -0.276593834 0.00399991078
  outer loop
  vertex -0.0167200007 -0.00850700028 0.0102239996
  vertex -0.0167009998 -0.00851199962 0.00535999984
  vertex -0.0163240004 -0.00712799979 0.0104999999
  endloop
 endfacet

 facet normal 0.970230818 -0.242107689 -0.00600019051
  outer loop
  vertex -0.0163240004 -0.00712799979 0.0104999999
  vertex -0.0167009998 -0.00851199962 0.00535999984
  vertex -0.0163129997 -0.00695700012 0.00535999984
  endloop
 endfacet

 facet normal 0.997930467 -0.0643019602 0
  outer loop
  vertex -0.0163240004 -0.00712799979 0.0104999999
  vertex -0.0163129997 -0.00695700012 0.00535999984
  vertex -0.0163129997 -0.00695700012 0.0104999999
  endloop
 endfacet

 facet normal 0.970248342 -0.24211207 0
  outer loop
  vertex -0.0163129997 -0.00695700012 0.00374999992
  vertex -0.0163129997 -0.00695700012 0.00535000023
  vertex -0.0167009998 -0.00851199962 0.00535000023
  endloop
 endfacet

 facet normal 0.970248342 -0.24211207 0
  outer loop
  vertex -0.0163129997 -0.00695700012 0.00374999992
  vertex -0.0167009998 -0.00851199962 0.00535000023
  vertex -0.0167009998 -0.00851199962 0.00374999992
  endloop
 endfacet

 facet normal 0.797291934 -0.603593886 0
  outer loop
  vertex -0.0167009998 -0.00851199962 0.00374999992
  vertex -0.0167009998 -0.00851199962 0.00535000023
  vertex -0.0176689997 -0.00978999957 0.00535000023
  endloop
 endfacet

 facet normal 0.797291934 -0.603593886 0
  outer loop
  vertex -0.0167009998 -0.00851199962 0.00374999992
  vertex -0.0176689997 -0.00978999957 0.00535000023
  vertex -0.0176689997 -0.00978999957 0.00374999992
  endloop
 endfacet

 facet normal 0.496322036 -0.868138552 0
  outer loop
  vertex -0.0176689997 -0.00978999957 0.00374999992
  vertex -0.0176689997 -0.00978999957 0.00535000023
  vertex -0.0190600008 -0.010586 0.00535000023
  endloop
 endfacet

 facet normal 0.496322036 -0.868138552 0
  outer loop
  vertex -0.0176689997 -0.00978999957 0.00374999992
  vertex -0.0190600008 -0.010586 0.00535000023
  vertex -0.0190600008 -0.010586 0.00374999992
  endloop
 endfacet

 facet normal 0.115698181 -0.993284464 0
  outer loop
  vertex -0.0190600008 -0.010586 0.00374999992
  vertex -0.0190600008 -0.010586 0.00535000023
  vertex -0.0206519999 -0.0107709998 0.00535000023
  endloop
 endfacet

 facet normal 0.115698181 -0.993284464 0
  outer loop
  vertex -0.0190600008 -0.010586 0.00374999992
  vertex -0.0206519999 -0.0107709998 0.00535000023
  vertex -0.0206519999 -0.0107709998 0.00374999992
  endloop
 endfacet

 facet normal 0 0 1
  outer loop
  vertex -0.0744120032 0.00522800023 0.00844999962
  vertex -0.0749310032 0.00321400003 0.00844999962
  vertex -0.0745859966 0.00116400002 0.00844999962
  endloop
 endfacet

 facet normal 0 0 1
  outer loop
  vertex -0.0734380037 -0.000569000025 0.00844999962
  vertex -0.071682997 -0.00168500002 0.00844999962
  vertex -0.065004997 0.00382900005 0.00844999962
  endloop
 endfacet

 facet normal 0 0 1
  outer loop
  vertex -0.0712760016 0.00781700015 0.00844999962
  vertex -0.0731189996 0.00685600005 0.00844999962
  vertex -0.0692000017 0.00794600043 0.00844999962
  endloop
 endfacet

 facet normal 0 0 1
  outer loop
  vertex -0.0692000017 0.00794600043 0.00844999962
  vertex -0.0731189996 0.00685600005 0.00844999962
  vertex -0.0744120032 0.00522800023 0.00844999962
  endloop
 endfacet

 facet normal 0 0 1
  outer loop
  vertex -0.0650940016 0.00175199995 0.00844999962
  vertex -0.065004997 0.00382900005 0.00844999962
  vertex -0.066019997 -0.000110000001 0.00844999962
  endloop
 endfacet

 facet normal 0 0 1
  outer loop
  vertex -0.066019997 -0.000110000001 0.00844999962
  vertex -0.065004997 0.00382900005 0.00844999962
  vertex -0.071682997 -0.00168500002 0.00844999962
  endloop
 endfacet

 facet normal 0 0 1
  outer loop
  vertex -0.066019997 -0.000110000001 0.00844999962
  vertex -0.071682997 -0.00168500002 0.00844999962
  vertex -0.0676240027 -0.00143299997 0.00844999962
  endloop
 endfacet

 facet normal 0 0 1
  outer loop
  vertex -0.0676240027 -0.00143299997 0.00844999962
  vertex -0.071682997 -0.00168500002 0.00844999962
  vertex -0.0696270019 -0.00199000002 0.00844999962
  endloop
 endfacet

 facet normal 0 0 1
  outer loop
  vertex -0.0672520027 0.00721899979 0.00844999962
  vertex -0.0692000017 0.00794600043 0.00844999962
  vertex -0.0657680035 0.00576299988 0.00844999962
  endloop
 endfacet

 facet normal 0 0 1
  outer loop
  vertex -0.0657680035 0.00576299988 0.00844999962
  vertex -0.0692000017 0.00794600043 0.00844999962
  vertex -0.0744120032 0.00522800023 0.00844999962
  endloop
 endfacet

 facet normal 0 0 1
  outer loop
  vertex -0.0657680035 0.00576299988 0.00844999962
  vertex -0.0744120032 0.00522800023 0.00844999962
  vertex -0.065004997 0.00382900005 0.00844999962
  endloop
 endfacet

 facet normal 0 0 1
  outer loop
  vertex -0.065004997 0.00382900005 0.00844999962
  vertex -0.0744120032 0.00522800023 0.00844999962
  vertex -0.0745859966 0.00116400002 0.00844999962
  endloop
 endfacet

 facet normal 0 0 1
  outer loop
  vertex -0.065004997 0.00382900005 0.00844999962
  vertex -0.0745859966 0.00116400002 0.00844999962
  vertex -0.0734380037 -0.000569000025 0.00844999962
  endloop
 endfacet

 facet normal 0.998088658 0.061799299 0
  outer loop
  vertex -0.0649399981 0.00278600003 0.00535000023
  vertex -0.065004997 0.00382900005 0.00535000023
  vertex -0.065004997 0.00382900005 0.00844999962
  endloop
 endfacet

 facet normal 0.930136323 0.367214292 0
  outer loop
  vertex -0.065004997 0.00382900005 0.00844999962
  vertex -0.065004997 0.00382900005 0.00535000023
  vertex -0.0657680035 0.00576299988 0.00535000023
  endloop
 endfacet

 facet normal 0.930136323 0.367214292 0
  outer loop
  vertex -0.065004997 0.00382900005 0.00844999962
  vertex -0.0657680035 0.00576299988 0.00535000023
  vertex -0.0657680035 0.00576299988 0.00844999962
  endloop
 endfacet

 facet normal 0.700375259 0.7137748 0
  outer loop
  vertex -0.0657680035 0.00576299988 0.00844999962
  vertex -0.0657680035 0.00576299988 0.00535000023
  vertex -0.0672520027 0.00721899979 0.00535000023
  endloop
 endfacet

 facet normal 0.700375259 0.7137748 0
  outer loop
  vertex -0.0657680035 0.00576299988 0.00844999962
  vertex -0.0672520027 0.00721899979 0.00535000023
  vertex -0.0672520027 0.00721899979 0.00844999962
  endloop
 endfacet

 facet normal 0.349511921 0.936931908 0
  outer loop
  vertex -0.0672520027 0.00721899979 0.00844999962
  vertex -0.0672520027 0.00721899979 0.00535000023
  vertex -0.0692000017 0.00794600043 0.00535000023
  endloop
 endfacet

 facet normal 0.349511921 0.936931908 0
  outer loop
  vertex -0.0672520027 0.00721899979 0.00844999962
  vertex -0.0692000017 0.00794600043 0.00535000023
  vertex -0.0692000017 0.00794600043 0.00844999962
  endloop
 endfacet

 facet normal -0.061799299 0.998088658 0
  outer loop
  vertex -0.0692000017 0.00794600043 0.00844999962
  vertex -0.0692000017 0.00794600043 0.00535000023
  vertex -0.0712760016 0.00781700015 0.00535000023
  endloop
 endfacet

 facet normal -0.061799299 0.998088658 0
  outer loop
  vertex -0.0692000017 0.00794600043 0.00844999962
  vertex -0.0712760016 0.00781700015 0.00535000023
  vertex -0.0712760016 0.00781700015 0.00844999962
  endloop
 endfacet

 facet normal -0.462388277 0.886677504 0
  outer loop
  vertex -0.0712760016 0.00781700015 0.00844999962
  vertex -0.0712760016 0.00781700015 0.00535000023
  vertex -0.0731189996 0.00685600005 0.00535000023
  endloop
 endfacet

 facet normal -0.462388277 0.886677504 0
  outer loop
  vertex -0.0712760016 0.00781700015 0.00844999962
  vertex -0.0731189996 0.00685600005 0.00535000023
  vertex -0.0731189996 0.00685600005 0.00844999962
  endloop
 endfacet

 facet normal -0.783097863 0.621898353 0
  outer loop
  vertex -0.0731189996 0.00685600005 0.00844999962
  vertex -0.0731189996 0.00685600005 0.00535000023
  vertex -0.0744120032 0.00522800023 0.00535000023
  endloop
 endfacet

 facet normal -0.783097863 0.621898353 0
  outer loop
  vertex -0.0731189996 0.00685600005 0.00844999962
  vertex -0.0744120032 0.00522800023 0.00535000023
  vertex -0.0744120032 0.00522800023 0.00844999962
  endloop
 endfacet

 facet normal -0.96834594 0.249611825 0
  outer loop
  vertex -0.0744120032 0.00522800023 0.00844999962
  vertex -0.0744120032 0.00522800023 0.00535000023
  vertex -0.0749310032 0.00321400003 0.00535000023
  endloop
 endfacet

 facet normal -0.96834594 0.249611825 0
  outer loop
  vertex -0.0744120032 0.00522800023 0.00844999962
  vertex -0.0749310032 0.00321400003 0.00535000023
  vertex -0.0749310032 0.00321400003 0.00844999962
  endloop
 endfacet

 facet normal -0.986160517 -0.165793374 0
  outer loop
  vertex -0.0749310032 0.00321400003 0.00844999962
  vertex -0.0749310032 0.00321400003 0.00535000023
  vertex -0.0745859966 0.00116400002 0.00535000023
  endloop
 endfacet

 facet normal -0.986160517 -0.165793374 0
  outer loop
  vertex -0.0749310032 0.00321400003 0.00844999962
  vertex -0.0745859966 0.00116400002 0.00535000023
  vertex -0.0745859966 0.00116400002 0.00844999962
  endloop
 endfacet

 facet normal -0.833462894 -0.552575409 0
  outer loop
  vertex -0.0745859966 0.00116400002 0.00844999962
  vertex -0.0745859966 0.00116400002 0.00535000023
  vertex -0.0734380037 -0.000569000025 0.00535000023
  endloop
 endfacet

 facet normal -0.833462894 -0.552575409 0
  outer loop
  vertex -0.0745859966 0.00116400002 0.00844999962
  vertex -0.0734380037 -0.000569000025 0.00535000023
  vertex -0.0734380037 -0.000569000025 0.00844999962
  endloop
 endfacet

 facet normal -0.536687851 -0.843780875 0
  outer loop
  vertex -0.0734380037 -0.000569000025 0.00844999962
  vertex -0.0734380037 -0.000569000025 0.00535000023
  vertex -0.071682997 -0.00168500002 0.00535000023
  endloop
 endfacet

 facet normal -0.536687851 -0.843780875 0
  outer loop
  vertex -0.0734380037 -0.000569000025 0.00844999962
  vertex -0.071682997 -0.00168500002 0.00535000023
  vertex -0.071682997 -0.00168500002 0.00844999962
  endloop
 endfacet

 facet normal -0.147103146 -0.989121139 0
  outer loop
  vertex -0.071682997 -0.00168500002 0.00844999962
  vertex -0.071682997 -0.00168500002 0.00535000023
  vertex -0.0696270019 -0.00199000002 0.00535000023
  endloop
 endfacet

 facet normal -0.147103146 -0.989121139 0
  outer loop
  vertex -0.071682997 -0.00168500002 0.00844999962
  vertex -0.0696270019 -0.00199000002 0.00535000023
  vertex -0.0696270019 -0.00199000002 0.00844999962
  endloop
 endfacet

 facet normal 0.268004864 -0.96341759 0
  outer loop
  vertex -0.0696270019 -0.00199000002 0.00844999962
  vertex -0.0696270019 -0.00199000002 0.00535000023
  vertex -0.0676240027 -0.00143299997 0.00535000023
  endloop
 endfacet

 facet normal 0.268004864 -0.96341759 0
  outer loop
  vertex -0.0696270019 -0.00199000002 0.00844999962
  vertex -0.0676240027 -0.00143299997 0.00535000023
  vertex -0.0676240027 -0.00143299997 0.00844999962
  endloop
 endfacet

 facet normal 0.636705697 -0.771106899 0
  outer loop
  vertex -0.0676240027 -0.00143299997 0.00844999962
  vertex -0.0676240027 -0.00143299997 0.00535000023
  vertex -0.066019997 -0.000110000001 0.00535000023
  endloop
 endfacet

 facet normal 0.636705697 -0.771106899 0
  outer loop
  vertex -0.0676240027 -0.00143299997 0.00844999962
  vertex -0.066019997 -0.000110000001 0.00535000023
  vertex -0.066019997 -0.000110000001 0.00844999962
  endloop
 endfacet

 facet normal 0.895285547 -0.445492774 0
  outer loop
  vertex -0.066019997 -0.000110000001 0.00844999962
  vertex -0.066019997 -0.000110000001 0.00535000023
  vertex -0.0650940016 0.00175199995 0.00535000023
  endloop
 endfacet

 facet normal 0.895285547 -0.445492774 0
  outer loop
  vertex -0.066019997 -0.000110000001 0.00844999962
  vertex -0.0650940016 0.00175199995 0.00535000023
  vertex -0.0650940016 0.00175199995 0.00844999962
  endloop
 endfacet

 facet normal 0.989121139 -0.147103146 0
  outer loop
  vertex -0.0650940016 0.00175199995 0.00844999962
  vertex -0.0650940016 0.00175199995 0.00535000023
  vertex -0.0649399981 0.00278600003 0.00535000023
  endloop
 endfacet

 facet normal 0.998463571 -0.0427984372 0.0351987146
  outer loop
  vertex -0.0650940016 0.00175199995 0.00844999962
  vertex -0.0649399981 0.00278600003 0.00535000023
  vertex -0.065004997 0.00382900005 0.00844999962
  endloop
 endfacet

 facet normal -0.96834594 0.249611825 0
  outer loop
  vertex -0.0744120032 0.00522800023 -0.00215000007
  vertex -0.0749310032 0.00321400003 -0.00917000044
  vertex -0.0749310032 0.00321400003 -0.00215000007
  endloop
 endfacet

 facet normal -0.986160517 -0.165793374 0
  outer loop
  vertex -0.0749310032 0.00321400003 -0.00215000007
  vertex -0.0749310032 0.00321400003 -0.00917000044
  vertex -0.0745859966 0.00116400002 -0.00917000044
  endloop
 endfacet

 facet normal -0.986160517 -0.165793374 0
  outer loop
  vertex -0.0749310032 0.00321400003 -0.00215000007
  vertex -0.0745859966 0.00116400002 -0.00917000044
  vertex -0.0745859966 0.00116400002 -0.00215000007
  endloop
 endfacet

 facet normal -0.833462894 -0.552575409 0
  outer loop
  vertex -0.0745859966 0.00116400002 -0.00215000007
  vertex -0.0745859966 0.00116400002 -0.00917000044
  vertex -0.0734380037 -0.000569000025 -0.00917000044
  endloop
 endfacet

 facet normal -0.833462894 -0.552575409 0
  outer loop
  vertex -0.0745859966 0.00116400002 -0.00215000007
  vertex -0.0734380037 -0.000569000025 -0.00917000044
  vertex -0.0734380037 -0.000569000025 -0.00215000007
  endloop
 endfacet

 facet normal -0.536687851 -0.843780875 0
  outer loop
  vertex -0.0734380037 -0.000569000025 -0.00215000007
  vertex -0.0734380037 -0.000569000025 -0.00917000044
  vertex -0.071682997 -0.00168500002 -0.00917000044
  endloop
 endfacet

 facet normal -0.536687851 -0.843780875 0
  outer loop
  vertex -0.0734380037 -0.000569000025 -0.00215000007
  vertex -0.071682997 -0.00168500002 -0.00917000044
  vertex -0.071682997 -0.00168500002 -0.00215000007
  endloop
 endfacet

 facet normal -0.147103146 -0.989121139 0
  outer loop
  vertex -0.071682997 -0.00168500002 -0.00215000007
  vertex -0.071682997 -0.00168500002 -0.00917000044
  vertex -0.0696270019 -0.00199000002 -0.00917000044
  endloop
 endfacet

 facet normal -0.147103146 -0.989121139 0
  outer loop
  vertex -0.071682997 -0.00168500002 -0.00215000007
  vertex -0.0696270019 -0.00199000002 -0.00917000044
  vertex -0.0696270019 -0.00199000002 -0.00215000007
  endloop
 endfacet

 facet normal 0.268004864 -0.96341759 0
  outer loop
  vertex -0.0696270019 -0.00199000002 -0.00215000007
  vertex -0.0696270019 -0.00199000002 -0.00917000044
  vertex -0.0676240027 -0.00143299997 -0.00917000044
  endloop
 endfacet

 facet normal 0.268004864 -0.96341759 0
  outer loop
  vertex -0.0696270019 -0.00199000002 -0.00215000007
  vertex -0.0676240027 -0.00143299997 -0.00917000044
  vertex -0.0676240027 -0.00143299997 -0.00215000007
  endloop
 endfacet

 facet normal 0.636705697 -0.771106899 0
  outer loop
  vertex -0.0676240027 -0.00143299997 -0.00215000007
  vertex -0.0676240027 -0.00143299997 -0.00917000044
  vertex -0.066019997 -0.000110000001 -0.00917000044
  endloop
 endfacet

 facet normal 0.636705697 -0.771106899 0
  outer loop
  vertex -0.0676240027 -0.00143299997 -0.00215000007
  vertex -0.066019997 -0.000110000001 -0.00917000044
  vertex -0.066019997 -0.000110000001 -0.00215000007
  endloop
 endfacet

 facet normal 0.895285547 -0.445492774 0
  outer loop
  vertex -0.066019997 -0.000110000001 -0.00215000007
  vertex -0.066019997 -0.000110000001 -0.00917000044
  vertex -0.0650940016 0.00175199995 -0.00917000044
  endloop
 endfacet

 facet normal 0.895285547 -0.445492774 0
  outer loop
  vertex -0.066019997 -0.000110000001 -0.00215000007
  vertex -0.0650940016 0.00175199995 -0.00917000044
  vertex -0.0650940016 0.00175199995 -0.00215000007
  endloop
 endfacet

 facet normal 0.999079466 -0.0428991169 0
  outer loop
  vertex -0.0650940016 0.00175199995 -0.00215000007
  vertex -0.0650940016 0.00175199995 -0.00917000044
  vertex -0.065004997 0.00382900005 -0.00917000044
  endloop
 endfacet

 facet normal 0.999079466 -0.0428991169 0
  outer loop
  vertex -0.0650940016 0.00175199995 -0.00215000007
  vertex -0.065004997 0.00382900005 -0.00917000044
  vertex -0.065004997 0.00382900005 -0.00215000007
  endloop
 endfacet

 facet normal 0.930136323 0.367214292 0
  outer loop
  vertex -0.065004997 0.00382900005 -0.00215000007
  vertex -0.065004997 0.00382900005 -0.00917000044
  vertex -0.0657680035 0.00576299988 -0.00917000044
  endloop
 endfacet

 facet normal 0.930136323 0.367214292 0
  outer loop
  vertex -0.065004997 0.00382900005 -0.00215000007
  vertex -0.0657680035 0.00576299988 -0.00917000044
  vertex -0.0657680035 0.00576299988 -0.00215000007
  endloop
 endfacet

 facet normal 0.700375259 0.7137748 0
  outer loop
  vertex -0.0657680035 0.00576299988 -0.00215000007
  vertex -0.0657680035 0.00576299988 -0.00917000044
  vertex -0.0672520027 0.00721899979 -0.00917000044
  endloop
 endfacet

 facet normal 0.700375259 0.7137748 0
  outer loop
  vertex -0.0657680035 0.00576299988 -0.00215000007
  vertex -0.0672520027 0.00721899979 -0.00917000044
  vertex -0.0672520027 0.00721899979 -0.00215000007
  endloop
 endfacet

 facet normal 0.349511921 0.936931908 0
  outer loop
  vertex -0.0672520027 0.00721899979 -0.00215000007
  vertex -0.0672520027 0.00721899979 -0.00917000044
  vertex -0.0692000017 0.00794600043 -0.00917000044
  endloop
 endfacet

 facet normal 0.349511921 0.936931908 0
  outer loop
  vertex -0.0672520027 0.00721899979 -0.00215000007
  vertex -0.0692000017 0.00794600043 -0.00917000044
  vertex -0.0692000017 0.00794600043 -0.00215000007
  endloop
 endfacet

 facet normal -0.061799299 0.998088658 0
  outer loop
  vertex -0.0692000017 0.00794600043 -0.00215000007
  vertex -0.0692000017 0.00794600043 -0.00917000044
  vertex -0.0712760016 0.00781700015 -0.00917000044
  endloop
 endfacet

 facet normal -0.061799299 0.998088658 0
  outer loop
  vertex -0.0692000017 0.00794600043 -0.00215000007
  vertex -0.0712760016 0.00781700015 -0.00917000044
  vertex -0.0712760016 0.00781700015 -0.00215000007
  endloop
 endfacet

 facet normal -0.462388277 0.886677504 0
  outer loop
  vertex -0.0712760016 0.00781700015 -0.00215000007
  vertex -0.0712760016 0.00781700015 -0.00917000044
  vertex -0.0731189996 0.00685600005 -0.00917000044
  endloop
 endfacet

 facet normal -0.462388277 0.886677504 0
  outer loop
  vertex -0.0712760016 0.00781700015 -0.00215000007
  vertex -0.0731189996 0.00685600005 -0.00917000044
  vertex -0.0731189996 0.00685600005 -0.00215000007
  endloop
 endfacet

 facet normal -0.783097863 0.621898353 0
  outer loop
  vertex -0.0731189996 0.00685600005 -0.00215000007
  vertex -0.0731189996 0.00685600005 -0.00917000044
  vertex -0.0744120032 0.00522800023 -0.00917000044
  endloop
 endfacet

 facet normal -0.783097863 0.621898353 0
  outer loop
  vertex -0.0731189996 0.00685600005 -0.00215000007
  vertex -0.0744120032 0.00522800023 -0.00917000044
  vertex -0.0744120032 0.00522800023 -0.00215000007
  endloop
 endfacet

 facet normal -0.96834594 0.249611825 0
  outer loop
  vertex -0.0744120032 0.00522800023 -0.00215000007
  vertex -0.0744120032 0.00522800023 -0.00917000044
  vertex -0.0749310032 0.00321400003 -0.00917000044
  endloop
 endfacet

 facet normal 0 0 -1
  outer loop
  vertex -0.0745859966 0.00116400002 -0.00917000044
  vertex -0.0749310032 0.00321400003 -0.00917000044
  vertex -0.0744120032 0.00522800023 -0.00917000044
  endloop
 endfacet

 facet normal 0 0 -1
  outer loop
  vertex -0.0712760016 0.00781700015 -0.00917000044
  vertex -0.0692000017 0.00794600043 -0.00917000044
  vertex -0.066019997 -0.000110000001 -0.00917000044
  endloop
 endfacet

 facet normal 0 0 -1
  outer loop
  vertex -0.0734380037 -0.000569000025 -0.00917000044
  vertex -0.0745859966 0.00116400002 -0.00917000044
  vertex -0.071682997 -0.00168500002 -0.00917000044
  endloop
 endfacet

 facet normal 0 0 -1
  outer loop
  vertex -0.071682997 -0.00168500002 -0.00917000044
  vertex -0.0745859966 0.00116400002 -0.00917000044
  vertex -0.066019997 -0.000110000001 -0.00917000044
  endloop
 endfacet

 facet normal 0 0 -1
  outer loop
  vertex -0.071682997 -0.00168500002 -0.00917000044
  vertex -0.066019997 -0.000110000001 -0.00917000044
  vertex -0.0696270019 -0.00199000002 -0.00917000044
  endloop
 endfacet

 facet normal 0 0 -1
  outer loop
  vertex -0.0696270019 -0.00199000002 -0.00917000044
  vertex -0.066019997 -0.000110000001 -0.00917000044
  vertex -0.0676240027 -0.00143299997 -0.00917000044
  endloop
 endfacet

 facet normal 0 0 -1
  outer loop
  vertex -0.0745859966 0.00116400002 -0.00917000044
  vertex -0.0744120032 0.00522800023 -0.00917000044
  vertex -0.066019997 -0.000110000001 -0.00917000044
  endloop
 endfacet

 facet normal 0 0 -1
  outer loop
  vertex -0.066019997 -0.000110000001 -0.00917000044
  vertex -0.0744120032 0.00522800023 -0.00917000044
  vertex -0.0731189996 0.00685600005 -0.00917000044
  endloop
 endfacet

 facet normal 0 0 -1
  outer loop
  vertex -0.066019997 -0.000110000001 -0.00917000044
  vertex -0.0731189996 0.00685600005 -0.00917000044
  vertex -0.0712760016 0.00781700015 -0.00917000044
  endloop
 endfacet

 facet normal 0 0 -1
  outer loop
  vertex -0.0650940016 0.00175199995 -0.00917000044
  vertex -0.066019997 -0.000110000001 -0.00917000044
  vertex -0.065004997 0.00382900005 -0.00917000044
  endloop
 endfacet

 facet normal 0 0 -1
  outer loop
  vertex -0.065004997 0.00382900005 -0.00917000044
  vertex -0.066019997 -0.000110000001 -0.00917000044
  vertex -0.0692000017 0.00794600043 -0.00917000044
  endloop
 endfacet

 facet normal 0 0 -1
  outer loop
  vertex -0.065004997 0.00382900005 -0.00917000044
  vertex -0.0692000017 0.00794600043 -0.00917000044
  vertex -0.0657680035 0.00576299988 -0.00917000044
  endloop
 endfacet

 facet normal 0 0 -1
  outer loop
  vertex -0.0657680035 0.00576299988 -0.00917000044
  vertex -0.0692000017 0.00794600043 -0.00917000044
  vertex -0.0672520027 0.00721899979 -0.00917000044
  endloop
 endfacet

 facet normal 0.486326784 -0.529929221 -0.694738269
  outer loop
  vertex -0.0215850007 0.00187699997 -0.00899999961
  vertex -0.0216690004 0.00193000003 -0.00910000037
  vertex -0.0208599996 0.00254200003 -0.00899999961
  endloop
 endfacet

 facet normal 0.486326784 -0.529929221 -0.694738269
  outer loop
  vertex -0.0208599996 0.00254200003 -0.00899999961
  vertex -0.0216690004 0.00193000003 -0.00910000037
  vertex -0.0209059995 0.00263 -0.00910000037
  endloop
 endfacet

 facet normal 0.156203836 -0.702117205 -0.69471705
  outer loop
  vertex -0.0208599996 0.00254200003 -0.00899999961
  vertex -0.0209059995 0.00263 -0.00910000037
  vertex -0.0198999997 0.00275500002 -0.00899999961
  endloop
 endfacet

 facet normal 0.156203836 -0.702117205 -0.69471705
  outer loop
  vertex -0.0198999997 0.00275500002 -0.00899999961
  vertex -0.0209059995 0.00263 -0.00910000037
  vertex -0.0198960006 0.00285500009 -0.00910000037
  endloop
 endfacet

 facet normal -0.215809599 -0.686130524 -0.694730878
  outer loop
  vertex -0.0198999997 0.00275500002 -0.00899999961
  vertex -0.0198960006 0.00285500009 -0.00910000037
  vertex -0.0189619996 0.00246000011 -0.00899999961
  endloop
 endfacet

 facet normal -0.215809599 -0.686130524 -0.694730878
  outer loop
  vertex -0.0189619996 0.00246000011 -0.00899999961
  vertex -0.0198960006 0.00285500009 -0.00910000037
  vertex -0.0189079996 0.00254500005 -0.00910000037
  endloop
 endfacet

 facet normal -0.529929221 -0.486326784 -0.694738269
  outer loop
  vertex -0.0189619996 0.00246000011 -0.00899999961
  vertex -0.0189079996 0.00254500005 -0.00910000037
  vertex -0.0182969999 0.00173599995 -0.00899999961
  endloop
 endfacet

 facet normal -0.529929221 -0.486326784 -0.694738269
  outer loop
  vertex -0.0182969999 0.00173599995 -0.00899999961
  vertex -0.0189079996 0.00254500005 -0.00910000037
  vertex -0.0182080008 0.00178199995 -0.00910000037
  endloop
 endfacet

 facet normal -0.702117205 -0.156203836 -0.69471705
  outer loop
  vertex -0.0182969999 0.00173599995 -0.00899999961
  vertex -0.0182080008 0.00178199995 -0.00910000037
  vertex -0.0180830006 0.000775999972 -0.00899999961
  endloop
 endfacet

 facet normal -0.702068388 -0.156192988 -0.694768846
  outer loop
  vertex -0.0180830006 0.000775999972 -0.00899999961
  vertex -0.0182080008 0.00178199995 -0.00910000037
  vertex -0.0179830007 0.000770999992 -0.00910000037
  endloop
 endfacet

 facet normal -0.68608284 0.215794608 -0.694782674
  outer loop
  vertex -0.0180830006 0.000775999972 -0.00899999961
  vertex -0.0179830007 0.000770999992 -0.00910000037
  vertex -0.0183780007 -0.000163000004 -0.00899999961
  endloop
 endfacet

 facet normal -0.686130524 0.215809599 -0.694730878
  outer loop
  vertex -0.0183780007 -0.000163000004 -0.00899999961
  vertex -0.0179830007 0.000770999992 -0.00910000037
  vertex -0.0182939991 -0.000216 -0.00910000037
  endloop
 endfacet

 facet normal -0.486326784 0.529929221 -0.694738269
  outer loop
  vertex -0.0183780007 -0.000163000004 -0.00899999961
  vertex -0.0182939991 -0.000216 -0.00910000037
  vertex -0.0191029999 -0.000828000018 -0.00899999961
  endloop
 endfacet

 facet normal -0.486293018 0.529892385 -0.694790065
  outer loop
  vertex -0.0191029999 -0.000828000018 -0.00899999961
  vertex -0.0182939991 -0.000216 -0.00910000037
  vertex -0.0190570001 -0.00091599999 -0.00910000037
  endloop
 endfacet

 facet normal -0.156203836 0.702117205 -0.69471705
  outer loop
  vertex -0.0191029999 -0.000828000018 -0.00899999961
  vertex -0.0190570001 -0.00091599999 -0.00910000037
  vertex -0.0200629998 -0.00104100001 -0.00899999961
  endloop
 endfacet

 facet normal -0.156203836 0.702117205 -0.69471705
  outer loop
  vertex -0.0200629998 -0.00104100001 -0.00899999961
  vertex -0.0190570001 -0.00091599999 -0.00910000037
  vertex -0.0200670008 -0.00114099996 -0.00910000037
  endloop
 endfacet

 facet normal 0.215809599 0.686130524 -0.694730878
  outer loop
  vertex -0.0200629998 -0.00104100001 -0.00899999961
  vertex -0.0200670008 -0.00114099996 -0.00910000037
  vertex -0.021001 -0.000745999976 -0.00899999961
  endloop
 endfacet

 facet normal 0.215809599 0.686130524 -0.694730878
  outer loop
  vertex -0.021001 -0.000745999976 -0.00899999961
  vertex -0.0200670008 -0.00114099996 -0.00910000037
  vertex -0.0210549999 -0.000829999975 -0.00910000037
  endloop
 endfacet

 facet normal 0.529929221 0.486326784 -0.694738269
  outer loop
  vertex -0.021001 -0.000745999976 -0.00899999961
  vertex -0.0210549999 -0.000829999975 -0.00910000037
  vertex -0.0216659997 -2.09999998e-05 -0.00899999961
  endloop
 endfacet

 facet normal 0.529929221 0.486326784 -0.694738269
  outer loop
  vertex -0.0216659997 -2.09999998e-05 -0.00899999961
  vertex -0.0210549999 -0.000829999975 -0.00910000037
  vertex -0.0217550006 -6.80000012e-05 -0.00910000037
  endloop
 endfacet

 facet normal 0.702117205 0.156203836 -0.69471705
  outer loop
  vertex -0.0216659997 -2.09999998e-05 -0.00899999961
  vertex -0.0217550006 -6.80000012e-05 -0.00910000037
  vertex -0.0218800008 0.00093899999 -0.00899999961
  endloop
 endfacet

 facet normal 0.702068388 0.156192988 -0.694768846
  outer loop
  vertex -0.0218800008 0.00093899999 -0.00899999961
  vertex -0.0217550006 -6.80000012e-05 -0.00910000037
  vertex -0.0219800007 0.000943000021 -0.00910000037
  endloop
 endfacet

 facet normal 0.68608284 -0.215794608 -0.694782674
  outer loop
  vertex -0.0218800008 0.00093899999 -0.00899999961
  vertex -0.0219800007 0.000943000021 -0.00910000037
  vertex -0.0215850007 0.00187699997 -0.00899999961
  endloop
 endfacet

 facet normal 0.686130524 -0.215809599 -0.694730878
  outer loop
  vertex -0.0215850007 0.00187699997 -0.00899999961
  vertex -0.0219800007 0.000943000021 -0.00910000037
  vertex -0.0216690004 0.00193000003 -0.00910000037
  endloop
 endfacet

 facet normal 0 0 -1
  outer loop
  vertex -0.0197429992 0.000597000006 -0.00899999961
  vertex -0.0185940005 0.000546999974 -0.00899999961
  vertex -0.0183780007 -0.000163000004 -0.00899999961
  endloop
 endfacet

 facet normal 0 0 -1
  outer loop
  vertex -0.020242 0.000617999991 -0.00899999961
  vertex -0.0202910006 -0.000531000027 -0.00899999961
  vertex -0.021001 -0.000745999976 -0.00899999961
  endloop
 endfacet

 facet normal 0 0 -1
  outer loop
  vertex -0.0183780007 -0.000163000004 -0.00899999961
  vertex -0.0185940005 0.000546999974 -0.00899999961
  vertex -0.0180830006 0.000775999972 -0.00899999961
  endloop
 endfacet

 facet normal 0 0 -1
  outer loop
  vertex -0.0198999997 0.00275500002 -0.00899999961
  vertex -0.0189619996 0.00246000011 -0.00899999961
  vertex -0.0196720008 0.0022450001 -0.00899999961
  endloop
 endfacet

 facet normal 0 0 -1
  outer loop
  vertex -0.0197429992 0.000597000006 -0.00899999961
  vertex -0.0183780007 -0.000163000004 -0.00899999961
  vertex -0.0197919998 -0.000552000012 -0.00899999961
  endloop
 endfacet

 facet normal 0 0 -1
  outer loop
  vertex -0.0197919998 -0.000552000012 -0.00899999961
  vertex -0.0183780007 -0.000163000004 -0.00899999961
  vertex -0.0191029999 -0.000828000018 -0.00899999961
  endloop
 endfacet

 facet normal 0 0 -1
  outer loop
  vertex -0.0197919998 -0.000552000012 -0.00899999961
  vertex -0.0191029999 -0.000828000018 -0.00899999961
  vertex -0.0202910006 -0.000531000027 -0.00899999961
  endloop
 endfacet

 facet normal 0 0 -1
  outer loop
  vertex -0.0202910006 -0.000531000027 -0.00899999961
  vertex -0.0191029999 -0.000828000018 -0.00899999961
  vertex -0.0200629998 -0.00104100001 -0.00899999961
  endloop
 endfacet

 facet normal 0 0 -1
  outer loop
  vertex -0.0202910006 -0.000531000027 -0.00899999961
  vertex -0.0200629998 -0.00104100001 -0.00899999961
  vertex -0.021001 -0.000745999976 -0.00899999961
  endloop
 endfacet

 facet normal 0 0 -1
  outer loop
  vertex -0.0180830006 0.000775999972 -0.00899999961
  vertex -0.0185940005 0.000546999974 -0.00899999961
  vertex -0.0182969999 0.00173599995 -0.00899999961
  endloop
 endfacet

 facet normal 0 0 -1
  outer loop
  vertex -0.0182969999 0.00173599995 -0.00899999961
  vertex -0.0185940005 0.000546999974 -0.00899999961
  vertex -0.0185720008 0.00104700006 -0.00899999961
  endloop
 endfacet

 facet normal 0 0 -1
  outer loop
  vertex -0.0182969999 0.00173599995 -0.00899999961
  vertex -0.0185720008 0.00104700006 -0.00899999961
  vertex -0.0189619996 0.00246000011 -0.00899999961
  endloop
 endfacet

 facet normal 0 0 -1
  outer loop
  vertex -0.0189619996 0.00246000011 -0.00899999961
  vertex -0.0185720008 0.00104700006 -0.00899999961
  vertex -0.0197209995 0.00109599996 -0.00899999961
  endloop
 endfacet

 facet normal 0 0 -1
  outer loop
  vertex -0.0189619996 0.00246000011 -0.00899999961
  vertex -0.0197209995 0.00109599996 -0.00899999961
  vertex -0.0196720008 0.0022450001 -0.00899999961
  endloop
 endfacet

 facet normal 0 0 -1
  outer loop
  vertex -0.0198999997 0.00275500002 -0.00899999961
  vertex -0.0196720008 0.0022450001 -0.00899999961
  vertex -0.0208599996 0.00254200003 -0.00899999961
  endloop
 endfacet

 facet normal 0 0 -1
  outer loop
  vertex -0.0208599996 0.00254200003 -0.00899999961
  vertex -0.0196720008 0.0022450001 -0.00899999961
  vertex -0.0201709997 0.00226700003 -0.00899999961
  endloop
 endfacet

 facet normal 0 0 -1
  outer loop
  vertex -0.0208599996 0.00254200003 -0.00899999961
  vertex -0.0201709997 0.00226700003 -0.00899999961
  vertex -0.0215850007 0.00187699997 -0.00899999961
  endloop
 endfacet

 facet normal 0 0 -1
  outer loop
  vertex -0.0215850007 0.00187699997 -0.00899999961
  vertex -0.0201709997 0.00226700003 -0.00899999961
  vertex -0.0202210005 0.00111800001 -0.00899999961
  endloop
 endfacet

 facet normal 0 0 -1
  outer loop
  vertex -0.0215850007 0.00187699997 -0.00899999961
  vertex -0.0202210005 0.00111800001 -0.00899999961
  vertex -0.0213699993 0.00116700004 -0.00899999961
  endloop
 endfacet

 facet normal 0 0 -1
  outer loop
  vertex -0.020242 0.000617999991 -0.00899999961
  vertex -0.021001 -0.000745999976 -0.00899999961
  vertex -0.0213910006 0.000667000015 -0.00899999961
  endloop
 endfacet

 facet normal 0 0 -1
  outer loop
  vertex -0.0213910006 0.000667000015 -0.00899999961
  vertex -0.021001 -0.000745999976 -0.00899999961
  vertex -0.0216659997 -2.09999998e-05 -0.00899999961
  endloop
 endfacet

 facet normal 0 0 -1
  outer loop
  vertex -0.0213910006 0.000667000015 -0.00899999961
  vertex -0.0216659997 -2.09999998e-05 -0.00899999961
  vertex -0.0213699993 0.00116700004 -0.00899999961
  endloop
 endfacet

 facet normal 0 0 -1
  outer loop
  vertex -0.0213699993 0.00116700004 -0.00899999961
  vertex -0.0216659997 -2.09999998e-05 -0.00899999961
  vertex -0.0218800008 0.00093899999 -0.00899999961
  endloop
 endfacet

 facet normal 0 0 -1
  outer loop
  vertex -0.0213699993 0.00116700004 -0.00899999961
  vertex -0.0218800008 0.00093899999 -0.00899999961
  vertex -0.0215850007 0.00187699997 -0.00899999961
  endloop
 endfacet

 facet normal 0.486326784 -0.529929221 -0.694738269
  outer loop
  vertex -0.0577230006 -0.000577000028 -0.00899999961
  vertex -0.0578080006 -0.000523000024 -0.00910000037
  vertex -0.0569990017 8.80000007e-05 -0.00899999961
  endloop
 endfacet

 facet normal 0.486326784 -0.529929221 -0.694738269
  outer loop
  vertex -0.0569990017 8.80000007e-05 -0.00899999961
  vertex -0.0578080006 -0.000523000024 -0.00910000037
  vertex -0.0570450015 0.000176999994 -0.00910000037
  endloop
 endfacet

 facet normal 0.156203836 -0.702117205 -0.69471705
  outer loop
  vertex -0.0569990017 8.80000007e-05 -0.00899999961
  vertex -0.0570450015 0.000176999994 -0.00910000037
  vertex -0.0560390018 0.000302 -0.00899999961
  endloop
 endfacet

 facet normal 0.156203836 -0.702117205 -0.69471705
  outer loop
  vertex -0.0560390018 0.000302 -0.00899999961
  vertex -0.0570450015 0.000176999994 -0.00910000037
  vertex -0.0560339987 0.000402000005 -0.00910000037
  endloop
 endfacet

 facet normal -0.215809599 -0.686130524 -0.694730878
  outer loop
  vertex -0.0560390018 0.000302 -0.00899999961
  vertex -0.0560339987 0.000402000005 -0.00910000037
  vertex -0.0551000014 7.0000001e-06 -0.00899999961
  endloop
 endfacet

 facet normal -0.215794608 -0.68608284 -0.694782674
  outer loop
  vertex -0.0551000014 7.0000001e-06 -0.00899999961
  vertex -0.0560339987 0.000402000005 -0.00910000037
  vertex -0.0550470017 9.10000017e-05 -0.00910000037
  endloop
 endfacet

 facet normal -0.529929221 -0.486326784 -0.694738269
  outer loop
  vertex -0.0551000014 7.0000001e-06 -0.00899999961
  vertex -0.0550470017 9.10000017e-05 -0.00910000037
  vertex -0.0544349998 -0.000717999996 -0.00899999961
  endloop
 endfacet

 facet normal -0.529929221 -0.486326784 -0.694738269
  outer loop
  vertex -0.0544349998 -0.000717999996 -0.00899999961
  vertex -0.0550470017 9.10000017e-05 -0.00910000037
  vertex -0.054347001 -0.000670999987 -0.00910000037
  endloop
 endfacet

 facet normal -0.702117205 -0.156203836 -0.69471705
  outer loop
  vertex -0.0544349998 -0.000717999996 -0.00899999961
  vertex -0.054347001 -0.000670999987 -0.00910000037
  vertex -0.0542219989 -0.00167799997 -0.00899999961
  endloop
 endfacet

 facet normal -0.702068388 -0.156192988 -0.694768846
  outer loop
  vertex -0.0542219989 -0.00167799997 -0.00899999961
  vertex -0.054347001 -0.000670999987 -0.00910000037
  vertex -0.0541220009 -0.001682 -0.00910000037
  endloop
 endfacet

 facet normal -0.686130524 0.215809599 -0.694730878
  outer loop
  vertex -0.0542219989 -0.00167799997 -0.00899999961
  vertex -0.0541220009 -0.001682 -0.00910000037
  vertex -0.0545170009 -0.0026159999 -0.00899999961
  endloop
 endfacet

 facet normal -0.68608284 0.215794608 -0.694782674
  outer loop
  vertex -0.0545170009 -0.0026159999 -0.00899999961
  vertex -0.0541220009 -0.001682 -0.00910000037
  vertex -0.054432001 -0.00267000007 -0.00910000037
  endloop
 endfacet

 facet normal -0.486293018 0.529892385 -0.694790065
  outer loop
  vertex -0.0545170009 -0.0026159999 -0.00899999961
  vertex -0.054432001 -0.00267000007 -0.00910000037
  vertex -0.0552409999 -0.00328100007 -0.00899999961
  endloop
 endfacet

 facet normal -0.486326784 0.529929221 -0.694738269
  outer loop
  vertex -0.0552409999 -0.00328100007 -0.00899999961
  vertex -0.054432001 -0.00267000007 -0.00910000037
  vertex -0.055195 -0.00337000005 -0.00910000037
  endloop
 endfacet

 facet normal -0.156203836 0.702117205 -0.69471705
  outer loop
  vertex -0.0552409999 -0.00328100007 -0.00899999961
  vertex -0.055195 -0.00337000005 -0.00910000037
  vertex -0.0562009998 -0.00349500007 -0.00899999961
  endloop
 endfacet

 facet normal -0.156203836 0.702117205 -0.69471705
  outer loop
  vertex -0.0562009998 -0.00349500007 -0.00899999961
  vertex -0.055195 -0.00337000005 -0.00910000037
  vertex -0.0562059991 -0.00359399989 -0.00910000037
  endloop
 endfacet

 facet normal 0.215794608 0.68608284 -0.694782674
  outer loop
  vertex -0.0562009998 -0.00349500007 -0.00899999961
  vertex -0.0562059991 -0.00359399989 -0.00910000037
  vertex -0.0571400002 -0.00319999992 -0.00899999961
  endloop
 endfacet

 facet normal 0.215809599 0.686130524 -0.694730878
  outer loop
  vertex -0.0571400002 -0.00319999992 -0.00899999961
  vertex -0.0562059991 -0.00359399989 -0.00910000037
  vertex -0.0571929999 -0.00328400009 -0.00910000037
  endloop
 endfacet

 facet normal 0.529929221 0.486326784 -0.694738269
  outer loop
  vertex -0.0571400002 -0.00319999992 -0.00899999961
  vertex -0.0571929999 -0.00328400009 -0.00910000037
  vertex -0.0578050017 -0.00247499999 -0.00899999961
  endloop
 endfacet

 facet normal 0.529929221 0.486326784 -0.694738269
  outer loop
  vertex -0.0578050017 -0.00247499999 -0.00899999961
  vertex -0.0571929999 -0.00328400009 -0.00910000037
  vertex -0.0578930005 -0.0025210001 -0.00910000037
  endloop
 endfacet

 facet normal 0.702117205 0.156203836 -0.69471705
  outer loop
  vertex -0.0578050017 -0.00247499999 -0.00899999961
  vertex -0.0578930005 -0.0025210001 -0.00910000037
  vertex -0.0580179989 -0.00151500001 -0.00899999961
  endloop
 endfacet

 facet normal 0.702117205 0.156203836 -0.69471705
  outer loop
  vertex -0.0580179989 -0.00151500001 -0.00899999961
  vertex -0.0578930005 -0.0025210001 -0.00910000037
  vertex -0.0581180006 -0.00151099998 -0.00910000037
  endloop
 endfacet

 facet normal 0.68608284 -0.215794608 -0.694782674
  outer loop
  vertex -0.0580179989 -0.00151500001 -0.00899999961
  vertex -0.0581180006 -0.00151099998 -0.00910000037
  vertex -0.0577230006 -0.000577000028 -0.00899999961
  endloop
 endfacet

 facet normal 0.686130524 -0.215809599 -0.694730878
  outer loop
  vertex -0.0577230006 -0.000577000028 -0.00899999961
  vertex -0.0581180006 -0.00151099998 -0.00910000037
  vertex -0.0578080006 -0.000523000024 -0.00910000037
  endloop
 endfacet

 facet normal 0 0 -1
  outer loop
  vertex -0.0561220013 -0.000174000001 -0.00899999961
  vertex -0.0566149987 -0.000262999994 -0.00899999961
  vertex -0.0569990017 8.80000007e-05 -0.00899999961
  endloop
 endfacet

 facet normal 0 0 -1
  outer loop
  vertex -0.0574529991 -0.00209100009 -0.00899999961
  vertex -0.0563220009 -0.00188700005 -0.00899999961
  vertex -0.0561180003 -0.00301799993 -0.00899999961
  endloop
 endfacet

 facet normal 0 0 -1
  outer loop
  vertex -0.0564099997 -0.00139500003 -0.00899999961
  vertex -0.057542 -0.00159899995 -0.00899999961
  vertex -0.0566149987 -0.000262999994 -0.00899999961
  endloop
 endfacet

 facet normal 0 0 -1
  outer loop
  vertex -0.0566149987 -0.000262999994 -0.00899999961
  vertex -0.057542 -0.00159899995 -0.00899999961
  vertex -0.0577230006 -0.000577000028 -0.00899999961
  endloop
 endfacet

 facet normal 0 0 -1
  outer loop
  vertex -0.0566149987 -0.000262999994 -0.00899999961
  vertex -0.0577230006 -0.000577000028 -0.00899999961
  vertex -0.0569990017 8.80000007e-05 -0.00899999961
  endloop
 endfacet

 facet normal 0 0 -1
  outer loop
  vertex -0.0561180003 -0.00301799993 -0.00899999961
  vertex -0.0571400002 -0.00319999992 -0.00899999961
  vertex -0.0574529991 -0.00209100009 -0.00899999961
  endloop
 endfacet

 facet normal 0 0 -1
  outer loop
  vertex -0.0574529991 -0.00209100009 -0.00899999961
  vertex -0.0571400002 -0.00319999992 -0.00899999961
  vertex -0.0578050017 -0.00247499999 -0.00899999961
  endloop
 endfacet

 facet normal 0 0 -1
  outer loop
  vertex -0.0574529991 -0.00209100009 -0.00899999961
  vertex -0.0578050017 -0.00247499999 -0.00899999961
  vertex -0.057542 -0.00159899995 -0.00899999961
  endloop
 endfacet

 facet normal 0 0 -1
  outer loop
  vertex -0.057542 -0.00159899995 -0.00899999961
  vertex -0.0578050017 -0.00247499999 -0.00899999961
  vertex -0.0580179989 -0.00151500001 -0.00899999961
  endloop
 endfacet

 facet normal 0 0 -1
  outer loop
  vertex -0.057542 -0.00159899995 -0.00899999961
  vertex -0.0580179989 -0.00151500001 -0.00899999961
  vertex -0.0577230006 -0.000577000028 -0.00899999961
  endloop
 endfacet

 facet normal 0 0 -1
  outer loop
  vertex -0.0556249991 -0.00292999996 -0.00899999961
  vertex -0.0558300018 -0.00179799995 -0.00899999961
  vertex -0.0546980016 -0.00159400003 -0.00899999961
  endloop
 endfacet

 facet normal 0 0 -1
  outer loop
  vertex -0.0547869988 -0.00110200001 -0.00899999961
  vertex -0.0559180006 -0.00130600005 -0.00899999961
  vertex -0.0561220013 -0.000174000001 -0.00899999961
  endloop
 endfacet

 facet normal 0 0 -1
  outer loop
  vertex -0.0546980016 -0.00159400003 -0.00899999961
  vertex -0.0545170009 -0.0026159999 -0.00899999961
  vertex -0.0556249991 -0.00292999996 -0.00899999961
  endloop
 endfacet

 facet normal 0 0 -1
  outer loop
  vertex -0.0556249991 -0.00292999996 -0.00899999961
  vertex -0.0545170009 -0.0026159999 -0.00899999961
  vertex -0.0552409999 -0.00328100007 -0.00899999961
  endloop
 endfacet

 facet normal 0 0 -1
  outer loop
  vertex -0.0556249991 -0.00292999996 -0.00899999961
  vertex -0.0552409999 -0.00328100007 -0.00899999961
  vertex -0.0561180003 -0.00301799993 -0.00899999961
  endloop
 endfacet

 facet normal 0 0 -1
  outer loop
  vertex -0.0561180003 -0.00301799993 -0.00899999961
  vertex -0.0552409999 -0.00328100007 -0.00899999961
  vertex -0.0562009998 -0.00349500007 -0.00899999961
  endloop
 endfacet

 facet normal 0 0 -1
  outer loop
  vertex -0.0561180003 -0.00301799993 -0.00899999961
  vertex -0.0562009998 -0.00349500007 -0.00899999961
  vertex -0.0571400002 -0.00319999992 -0.00899999961
  endloop
 endfacet

 facet normal 0 0 -1
  outer loop
  vertex -0.0569990017 8.80000007e-05 -0.00899999961
  vertex -0.0560390018 0.000302 -0.00899999961
  vertex -0.0561220013 -0.000174000001 -0.00899999961
  endloop
 endfacet

 facet normal 0 0 -1
  outer loop
  vertex -0.0561220013 -0.000174000001 -0.00899999961
  vertex -0.0560390018 0.000302 -0.00899999961
  vertex -0.0551000014 7.0000001e-06 -0.00899999961
  endloop
 endfacet

 facet normal 0 0 -1
  outer loop
  vertex -0.0561220013 -0.000174000001 -0.00899999961
  vertex -0.0551000014 7.0000001e-06 -0.00899999961
  vertex -0.0547869988 -0.00110200001 -0.00899999961
  endloop
 endfacet

 facet normal 0 0 -1
  outer loop
  vertex -0.0547869988 -0.00110200001 -0.00899999961
  vertex -0.0551000014 7.0000001e-06 -0.00899999961
  vertex -0.0544349998 -0.000717999996 -0.00899999961
  endloop
 endfacet

 facet normal 0 0 -1
  outer loop
  vertex -0.0547869988 -0.00110200001 -0.00899999961
  vertex -0.0544349998 -0.000717999996 -0.00899999961
  vertex -0.0546980016 -0.00159400003 -0.00899999961
  endloop
 endfacet

 facet normal 0 0 -1
  outer loop
  vertex -0.0546980016 -0.00159400003 -0.00899999961
  vertex -0.0544349998 -0.000717999996 -0.00899999961
  vertex -0.0542219989 -0.00167799997 -0.00899999961
  endloop
 endfacet

 facet normal 0 0 -1
  outer loop
  vertex -0.0546980016 -0.00159400003 -0.00899999961
  vertex -0.0542219989 -0.00167799997 -0.00899999961
  vertex -0.0545170009 -0.0026159999 -0.00899999961
  endloop
 endfacet

 facet normal 0.995275557 -0.0426989533 -0.0871978626
  outer loop
  vertex -0.0213450007 0.00113999995 -0.00870000012
  vertex -0.0213639997 0.000691999972 -0.00870000012
  vertex -0.0213699993 0.00116700004 -0.00899999961
  endloop
 endfacet

 facet normal 0.995275557 -0.0426989533 -0.0871978626
  outer loop
  vertex -0.0213699993 0.00116700004 -0.00899999961
  vertex -0.0213639997 0.000691999972 -0.00870000012
  vertex -0.0213910006 0.000667000015 -0.00899999961
  endloop
 endfacet

 facet normal 0.0426989533 0.995275557 -0.0871978626
  outer loop
  vertex -0.0213639997 0.000691999972 -0.00870000012
  vertex -0.0202149991 0.000643000007 -0.00870000012
  vertex -0.0213910006 0.000667000015 -0.00899999961
  endloop
 endfacet

 facet normal 0.0426989533 0.995275557 -0.0871978626
  outer loop
  vertex -0.0213910006 0.000667000015 -0.00899999961
  vertex -0.0202149991 0.000643000007 -0.00870000012
  vertex -0.020242 0.000617999991 -0.00899999961
  endloop
 endfacet

 facet normal 0.995275557 -0.0426989533 -0.0871978626
  outer loop
  vertex -0.0202149991 0.000643000007 -0.00870000012
  vertex -0.0202639997 -0.000506000011 -0.00870000012
  vertex -0.020242 0.000617999991 -0.00899999961
  endloop
 endfacet

 facet normal 0.995275557 -0.0426989533 -0.0871978626
  outer loop
  vertex -0.020242 0.000617999991 -0.00899999961
  vertex -0.0202639997 -0.000506000011 -0.00870000012
  vertex -0.0202910006 -0.000531000027 -0.00899999961
  endloop
 endfacet

 facet normal 0.0426989533 0.995275557 -0.0871978626
  outer loop
  vertex -0.0202639997 -0.000506000011 -0.00870000012
  vertex -0.0198170003 -0.000524999981 -0.00870000012
  vertex -0.0202910006 -0.000531000027 -0.00899999961
  endloop
 endfacet

 facet normal 0.0426989533 0.995275557 -0.0871978626
  outer loop
  vertex -0.0202910006 -0.000531000027 -0.00899999961
  vertex -0.0198170003 -0.000524999981 -0.00870000012
  vertex -0.0197919998 -0.000552000012 -0.00899999961
  endloop
 endfacet

 facet normal -0.995275557 0.0426989533 -0.0871978626
  outer loop
  vertex -0.0198170003 -0.000524999981 -0.00870000012
  vertex -0.0197679996 0.000623999978 -0.00870000012
  vertex -0.0197919998 -0.000552000012 -0.00899999961
  endloop
 endfacet

 facet normal -0.995275557 0.0426989533 -0.0871978626
  outer loop
  vertex -0.0197919998 -0.000552000012 -0.00899999961
  vertex -0.0197679996 0.000623999978 -0.00870000012
  vertex -0.0197429992 0.000597000006 -0.00899999961
  endloop
 endfacet

 facet normal 0.0426989533 0.995275557 -0.0871978626
  outer loop
  vertex -0.0197679996 0.000623999978 -0.00870000012
  vertex -0.0186190009 0.000575000013 -0.00870000012
  vertex -0.0197429992 0.000597000006 -0.00899999961
  endloop
 endfacet

 facet normal 0.0426989533 0.995275557 -0.0871978626
  outer loop
  vertex -0.0197429992 0.000597000006 -0.00899999961
  vertex -0.0186190009 0.000575000013 -0.00870000012
  vertex -0.0185940005 0.000546999974 -0.00899999961
  endloop
 endfacet

 facet normal -0.995275557 0.0426989533 -0.0871978626
  outer loop
  vertex -0.0186190009 0.000575000013 -0.00870000012
  vertex -0.0186000001 0.00102199998 -0.00870000012
  vertex -0.0185940005 0.000546999974 -0.00899999961
  endloop
 endfacet

 facet normal -0.995275557 0.0426989533 -0.0871978626
  outer loop
  vertex -0.0185940005 0.000546999974 -0.00899999961
  vertex -0.0186000001 0.00102199998 -0.00870000012
  vertex -0.0185720008 0.00104700006 -0.00899999961
  endloop
 endfacet

 facet normal -0.0426989533 -0.995275557 -0.0871978626
  outer loop
  vertex -0.0186000001 0.00102199998 -0.00870000012
  vertex -0.0197480004 0.00107100001 -0.00870000012
  vertex -0.0185720008 0.00104700006 -0.00899999961
  endloop
 endfacet

 facet normal -0.0426989533 -0.995275557 -0.0871978626
  outer loop
  vertex -0.0185720008 0.00104700006 -0.00899999961
  vertex -0.0197480004 0.00107100001 -0.00870000012
  vertex -0.0197209995 0.00109599996 -0.00899999961
  endloop
 endfacet

 facet normal -0.995275557 0.0426989533 -0.0871978626
  outer loop
  vertex -0.0197480004 0.00107100001 -0.00870000012
  vertex -0.0196989998 0.00221999991 -0.00870000012
  vertex -0.0197209995 0.00109599996 -0.00899999961
  endloop
 endfacet

 facet normal -0.995275557 0.0426989533 -0.0871978626
  outer loop
  vertex -0.0197209995 0.00109599996 -0.00899999961
  vertex -0.0196989998 0.00221999991 -0.00870000012
  vertex -0.0196720008 0.0022450001 -0.00899999961
  endloop
 endfacet

 facet normal -0.0426989533 -0.995275557 -0.0871978626
  outer loop
  vertex -0.0196989998 0.00221999991 -0.00870000012
  vertex -0.0201459993 0.00223900005 -0.00870000012
  vertex -0.0196720008 0.0022450001 -0.00899999961
  endloop
 endfacet

 facet normal -0.0426989533 -0.995275557 -0.0871978626
  outer loop
  vertex -0.0196720008 0.0022450001 -0.00899999961
  vertex -0.0201459993 0.00223900005 -0.00870000012
  vertex -0.0201709997 0.00226700003 -0.00899999961
  endloop
 endfacet

 facet normal 0.995275557 -0.0426989533 -0.0871978626
  outer loop
  vertex -0.0201459993 0.00223900005 -0.00870000012
  vertex -0.0201960001 0.00109000003 -0.00870000012
  vertex -0.0201709997 0.00226700003 -0.00899999961
  endloop
 endfacet

 facet normal 0.995275557 -0.0426989533 -0.0871978626
  outer loop
  vertex -0.0201709997 0.00226700003 -0.00899999961
  vertex -0.0201960001 0.00109000003 -0.00870000012
  vertex -0.0202210005 0.00111800001 -0.00899999961
  endloop
 endfacet

 facet normal -0.0426989533 -0.995275557 -0.0871978626
  outer loop
  vertex -0.0201960001 0.00109000003 -0.00870000012
  vertex -0.0213450007 0.00113999995 -0.00870000012
  vertex -0.0202210005 0.00111800001 -0.00899999961
  endloop
 endfacet

 facet normal -0.0426989533 -0.995275557 -0.0871978626
  outer loop
  vertex -0.0202210005 0.00111800001 -0.00899999961
  vertex -0.0213450007 0.00113999995 -0.00870000012
  vertex -0.0213699993 0.00116700004 -0.00899999961
  endloop
 endfacet

 facet normal 0 0 -1
  outer loop
  vertex -0.0202639997 -0.000506000011 -0.00870000012
  vertex -0.0202149991 0.000643000007 -0.00870000012
  vertex -0.0198170003 -0.000524999981 -0.00870000012
  endloop
 endfacet

 facet normal 0 0 -1
  outer loop
  vertex -0.0198170003 -0.000524999981 -0.00870000012
  vertex -0.0202149991 0.000643000007 -0.00870000012
  vertex -0.0197679996 0.000623999978 -0.00870000012
  endloop
 endfacet

 facet normal 0 0 -1
  outer loop
  vertex -0.0196989998 0.00221999991 -0.00870000012
  vertex -0.0197480004 0.00107100001 -0.00870000012
  vertex -0.0201459993 0.00223900005 -0.00870000012
  endloop
 endfacet

 facet normal 0 0 -1
  outer loop
  vertex -0.0201459993 0.00223900005 -0.00870000012
  vertex -0.0197480004 0.00107100001 -0.00870000012
  vertex -0.0201960001 0.00109000003 -0.00870000012
  endloop
 endfacet

 facet normal 0 0 -1
  outer loop
  vertex -0.0186000001 0.00102199998 -0.00870000012
  vertex -0.0186190009 0.000575000013 -0.00870000012
  vertex -0.0197480004 0.00107100001 -0.00870000012
  endloop
 endfacet

 facet normal 0 0 -1
  outer loop
  vertex -0.0197480004 0.00107100001 -0.00870000012
  vertex -0.0186190009 0.000575000013 -0.00870000012
  vertex -0.0197679996 0.000623999978 -0.00870000012
  endloop
 endfacet

 facet normal 0 0 -1
  outer loop
  vertex -0.0197480004 0.00107100001 -0.00870000012
  vertex -0.0197679996 0.000623999978 -0.00870000012
  vertex -0.0201960001 0.00109000003 -0.00870000012
  endloop
 endfacet

 facet normal 0 0 -1
  outer loop
  vertex -0.0201960001 0.00109000003 -0.00870000012
  vertex -0.0197679996 0.000623999978 -0.00870000012
  vertex -0.0202149991 0.000643000007 -0.00870000012
  endloop
 endfacet

 facet normal 0 0 -1
  outer loop
  vertex -0.0201960001 0.00109000003 -0.00870000012
  vertex -0.0202149991 0.000643000007 -0.00870000012
  vertex -0.0213450007 0.00113999995 -0.00870000012
  endloop
 endfacet

 facet normal 0 0 -1
  outer loop
  vertex -0.0213450007 0.00113999995 -0.00870000012
  vertex -0.0202149991 0.000643000007 -0.00870000012
  vertex -0.0213639997 0.000691999972 -0.00870000012
  endloop
 endfacet

 facet normal -0.980377316 -0.1767959 -0.0871979892
  outer loop
  vertex -0.055656001 -0.00290900003 -0.00870000012
  vertex -0.0558600016 -0.00177700003 -0.00870000012
  vertex -0.0556249991 -0.00292999996 -0.00899999961
  endloop
 endfacet

 facet normal -0.980377316 -0.1767959 -0.0871979892
  outer loop
  vertex -0.0556249991 -0.00292999996 -0.00899999961
  vertex -0.0558600016 -0.00177700003 -0.00870000012
  vertex -0.0558300018 -0.00179799995 -0.00899999961
  endloop
 endfacet

 facet normal -0.1767959 0.980377316 -0.0871979892
  outer loop
  vertex -0.0558600016 -0.00177700003 -0.00870000012
  vertex -0.0547280014 -0.00157299999 -0.00870000012
  vertex -0.0558300018 -0.00179799995 -0.00899999961
  endloop
 endfacet

 facet normal -0.1767959 0.980377316 -0.0871979892
  outer loop
  vertex -0.0558300018 -0.00179799995 -0.00899999961
  vertex -0.0547280014 -0.00157299999 -0.00870000012
  vertex -0.0546980016 -0.00159400003 -0.00899999961
  endloop
 endfacet

 facet normal -0.980377316 -0.1767959 -0.0871979892
  outer loop
  vertex -0.0547280014 -0.00157299999 -0.00870000012
  vertex -0.0548079982 -0.001132 -0.00870000012
  vertex -0.0546980016 -0.00159400003 -0.00899999961
  endloop
 endfacet

 facet normal -0.980377316 -0.1767959 -0.0871979892
  outer loop
  vertex -0.0546980016 -0.00159400003 -0.00899999961
  vertex -0.0548079982 -0.001132 -0.00870000012
  vertex -0.0547869988 -0.00110200001 -0.00899999961
  endloop
 endfacet

 facet normal 0.1767959 -0.980377316 -0.0871979892
  outer loop
  vertex -0.0548079982 -0.001132 -0.00870000012
  vertex -0.0559390001 -0.00133600004 -0.00870000012
  vertex -0.0547869988 -0.00110200001 -0.00899999961
  endloop
 endfacet

 facet normal 0.1767959 -0.980377316 -0.0871979892
  outer loop
  vertex -0.0547869988 -0.00110200001 -0.00899999961
  vertex -0.0559390001 -0.00133600004 -0.00870000012
  vertex -0.0559180006 -0.00130600005 -0.00899999961
  endloop
 endfacet

 facet normal -0.980377316 -0.1767959 -0.0871979892
  outer loop
  vertex -0.0559390001 -0.00133600004 -0.00870000012
  vertex -0.0561439991 -0.000205000004 -0.00870000012
  vertex -0.0559180006 -0.00130600005 -0.00899999961
  endloop
 endfacet

 facet normal -0.980377316 -0.1767959 -0.0871979892
  outer loop
  vertex -0.0559180006 -0.00130600005 -0.00899999961
  vertex -0.0561439991 -0.000205000004 -0.00870000012
  vertex -0.0561220013 -0.000174000001 -0.00899999961
  endloop
 endfacet

 facet normal 0.1767959 -0.980377316 -0.0871979892
  outer loop
  vertex -0.0561439991 -0.000205000004 -0.00870000012
  vertex -0.0565840006 -0.000284000009 -0.00870000012
  vertex -0.0561220013 -0.000174000001 -0.00899999961
  endloop
 endfacet

 facet normal 0.1767959 -0.980377316 -0.0871979892
  outer loop
  vertex -0.0561220013 -0.000174000001 -0.00899999961
  vertex -0.0565840006 -0.000284000009 -0.00870000012
  vertex -0.0566149987 -0.000262999994 -0.00899999961
  endloop
 endfacet

 facet normal 0.980377316 0.1767959 -0.0871979892
  outer loop
  vertex -0.0565840006 -0.000284000009 -0.00870000012
  vertex -0.05638 -0.00141599996 -0.00870000012
  vertex -0.0566149987 -0.000262999994 -0.00899999961
  endloop
 endfacet

 facet normal 0.980377316 0.1767959 -0.0871979892
  outer loop
  vertex -0.0566149987 -0.000262999994 -0.00899999961
  vertex -0.05638 -0.00141599996 -0.00870000012
  vertex -0.0564099997 -0.00139500003 -0.00899999961
  endloop
 endfacet

 facet normal 0.1767959 -0.980377316 -0.0871979892
  outer loop
  vertex -0.05638 -0.00141599996 -0.00870000012
  vertex -0.0575120002 -0.00162 -0.00870000012
  vertex -0.0564099997 -0.00139500003 -0.00899999961
  endloop
 endfacet

 facet normal 0.1767959 -0.980377316 -0.0871979892
  outer loop
  vertex -0.0564099997 -0.00139500003 -0.00899999961
  vertex -0.0575120002 -0.00162 -0.00870000012
  vertex -0.057542 -0.00159899995 -0.00899999961
  endloop
 endfacet

 facet normal 0.980377316 0.1767959 -0.0871979892
  outer loop
  vertex -0.0575120002 -0.00162 -0.00870000012
  vertex -0.0574319996 -0.00206000009 -0.00870000012
  vertex -0.057542 -0.00159899995 -0.00899999961
  endloop
 endfacet

 facet normal 0.980377316 0.1767959 -0.0871979892
  outer loop
  vertex -0.057542 -0.00159899995 -0.00899999961
  vertex -0.0574319996 -0.00206000009 -0.00870000012
  vertex -0.0574529991 -0.00209100009 -0.00899999961
  endloop
 endfacet

 facet normal -0.1767959 0.980377316 -0.0871979892
  outer loop
  vertex -0.0574319996 -0.00206000009 -0.00870000012
  vertex -0.0562999994 -0.00185600005 -0.00870000012
  vertex -0.0574529991 -0.00209100009 -0.00899999961
  endloop
 endfacet

 facet normal -0.1767959 0.980377316 -0.0871979892
  outer loop
  vertex -0.0574529991 -0.00209100009 -0.00899999961
  vertex -0.0562999994 -0.00185600005 -0.00870000012
  vertex -0.0563220009 -0.00188700005 -0.00899999961
  endloop
 endfacet

 facet normal 0.980377316 0.1767959 -0.0871979892
  outer loop
  vertex -0.0562999994 -0.00185600005 -0.00870000012
  vertex -0.0560959987 -0.00298799993 -0.00870000012
  vertex -0.0563220009 -0.00188700005 -0.00899999961
  endloop
 endfacet

 facet normal 0.980377316 0.1767959 -0.0871979892
  outer loop
  vertex -0.0563220009 -0.00188700005 -0.00899999961
  vertex -0.0560959987 -0.00298799993 -0.00870000012
  vertex -0.0561180003 -0.00301799993 -0.00899999961
  endloop
 endfacet

 facet normal -0.1767959 0.980377316 -0.0871979892
  outer loop
  vertex -0.0560959987 -0.00298799993 -0.00870000012
  vertex -0.055656001 -0.00290900003 -0.00870000012
  vertex -0.0561180003 -0.00301799993 -0.00899999961
  endloop
 endfacet

 facet normal -0.1767959 0.980377316 -0.0871979892
  outer loop
  vertex -0.0561180003 -0.00301799993 -0.00899999961
  vertex -0.055656001 -0.00290900003 -0.00870000012
  vertex -0.0556249991 -0.00292999996 -0.00899999961
  endloop
 endfacet

 facet normal 0 0 -1
  outer loop
  vertex -0.0574319996 -0.00206000009 -0.00870000012
  vertex -0.0575120002 -0.00162 -0.00870000012
  vertex -0.0562999994 -0.00185600005 -0.00870000012
  endloop
 endfacet

 facet normal 0 0 -1
  outer loop
  vertex -0.0562999994 -0.00185600005 -0.00870000012
  vertex -0.0575120002 -0.00162 -0.00870000012
  vertex -0.05638 -0.00141599996 -0.00870000012
  endloop
 endfacet

 facet normal 0 0 -1
  outer loop
  vertex -0.0548079982 -0.001132 -0.00870000012
  vertex -0.0547280014 -0.00157299999 -0.00870000012
  vertex -0.0559390001 -0.00133600004 -0.00870000012
  endloop
 endfacet

 facet normal 0 0 -1
  outer loop
  vertex -0.0559390001 -0.00133600004 -0.00870000012
  vertex -0.0547280014 -0.00157299999 -0.00870000012
  vertex -0.0558600016 -0.00177700003 -0.00870000012
  endloop
 endfacet

 facet normal 0 0 -1
  outer loop
  vertex -0.055656001 -0.00290900003 -0.00870000012
  vertex -0.0560959987 -0.00298799993 -0.00870000012
  vertex -0.0558600016 -0.00177700003 -0.00870000012
  endloop
 endfacet

 facet normal 0 0 -1
  outer loop
  vertex -0.0558600016 -0.00177700003 -0.00870000012
  vertex -0.0560959987 -0.00298799993 -0.00870000012
  vertex -0.0562999994 -0.00185600005 -0.00870000012
  endloop
 endfacet

 facet normal 0 0 -1
  outer loop
  vertex -0.0558600016 -0.00177700003 -0.00870000012
  vertex -0.0562999994 -0.00185600005 -0.00870000012
  vertex -0.0559390001 -0.00133600004 -0.00870000012
  endloop
 endfacet

 facet normal 0 0 -1
  outer loop
  vertex -0.0559390001 -0.00133600004 -0.00870000012
  vertex -0.0562999994 -0.00185600005 -0.00870000012
  vertex -0.05638 -0.00141599996 -0.00870000012
  endloop
 endfacet

 facet normal 0 0 -1
  outer loop
  vertex -0.0559390001 -0.00133600004 -0.00870000012
  vertex -0.05638 -0.00141599996 -0.00870000012
  vertex -0.0561439991 -0.000205000004 -0.00870000012
  endloop
 endfacet

 facet normal 0 0 -1
  outer loop
  vertex -0.0561439991 -0.000205000004 -0.00870000012
  vertex -0.05638 -0.00141599996 -0.00870000012
  vertex -0.0565840006 -0.000284000009 -0.00870000012
  endloop
 endfacet

endsolid AssimpScene
