solid AssimpScene
 facet normal 0 -1 0
  outer loop
  vertex -0.0533690006 -0.0121999998 0.00714999996
  vertex -0.0533500016 -0.0121999998 0.0074
  vertex -0.0533690006 -0.0121999998 0.00765000004
  endloop
 endfacet

 facet normal 0 -1 0
  outer loop
  vertex -0.0564289987 -0.0121999998 0.00822500046
  vertex -0.0566309988 -0.0121999998 0.00765000004
  vertex -0.0535710007 -0.0121999998 0.00822500046
  endloop
 endfacet

 facet normal 0 -1 0
  outer loop
  vertex -0.0535710007 -0.0121999998 0.00822500046
  vertex -0.0566309988 -0.0121999998 0.00765000004
  vertex -0.0533690006 -0.0121999998 0.00765000004
  endloop
 endfacet

 facet normal 0 -1 0
  outer loop
  vertex -0.0541750006 -0.0121999998 0.00882900041
  vertex -0.0549999997 -0.0121999998 0.00905000046
  vertex -0.0535710007 -0.0121999998 0.00822500046
  endloop
 endfacet

 facet normal 0 -1 0
  outer loop
  vertex -0.0535710007 -0.0121999998 0.00822500046
  vertex -0.0549999997 -0.0121999998 0.00905000046
  vertex -0.0558249988 -0.0121999998 0.00882900041
  endloop
 endfacet

 facet normal 0 -1 0
  outer loop
  vertex -0.0535710007 -0.0121999998 0.00822500046
  vertex -0.0558249988 -0.0121999998 0.00882900041
  vertex -0.0564289987 -0.0121999998 0.00822500046
  endloop
 endfacet

 facet normal 0 -1 0
  outer loop
  vertex -0.0566309988 -0.0121999998 0.00765000004
  vertex -0.0566500016 -0.0121999998 0.0074
  vertex -0.0566309988 -0.0121999998 0.00714999996
  endloop
 endfacet

 facet normal 0 -1 0
  outer loop
  vertex -0.038869001 -0.0121999998 0.00714999996
  vertex -0.0388499983 -0.0121999998 0.0074
  vertex -0.038869001 -0.0121999998 0.00765000004
  endloop
 endfacet

 facet normal 0 -1 0
  outer loop
  vertex -0.0405000001 -0.0121999998 0.00905000046
  vertex -0.0413249992 -0.0121999998 0.00882900041
  vertex -0.0396750011 -0.0121999998 0.00882900041
  endloop
 endfacet

 facet normal 0 -1 0
  outer loop
  vertex -0.0396750011 -0.0121999998 0.00882900041
  vertex -0.0413249992 -0.0121999998 0.00882900041
  vertex -0.0419289991 -0.0121999998 0.00822500046
  endloop
 endfacet

 facet normal 0 -1 0
  outer loop
  vertex -0.0396750011 -0.0121999998 0.00882900041
  vertex -0.0419289991 -0.0121999998 0.00822500046
  vertex -0.0390710011 -0.0121999998 0.00822500046
  endloop
 endfacet

 facet normal 0 -1 0
  outer loop
  vertex -0.0390710011 -0.0121999998 0.00822500046
  vertex -0.0419289991 -0.0121999998 0.00822500046
  vertex -0.0421309993 -0.0121999998 0.00765000004
  endloop
 endfacet

 facet normal 0 -1 0
  outer loop
  vertex -0.0390710011 -0.0121999998 0.00822500046
  vertex -0.0421309993 -0.0121999998 0.00765000004
  vertex -0.038869001 -0.0121999998 0.00765000004
  endloop
 endfacet

 facet normal 0 -1 0
  outer loop
  vertex -0.0421309993 -0.0121999998 0.00765000004
  vertex -0.0421499982 -0.0121999998 0.0074
  vertex -0.0421309993 -0.0121999998 0.00714999996
  endloop
 endfacet

 facet normal -1 0 0
  outer loop
  vertex -0.0649000034 -0.00999999978 0.0127320001
  vertex -0.0649000034 -0.00980000012 0.0127499998
  vertex -0.0649000034 -0.00960000046 0.0127320001
  endloop
 endfacet

 facet normal -1 0 0
  outer loop
  vertex -0.0649000034 -0.00865000021 0.0115999999
  vertex -0.0649000034 -0.00880399998 0.0110250004
  vertex -0.0649000034 -0.00880399998 0.0121750003
  endloop
 endfacet

 facet normal -1 0 0
  outer loop
  vertex -0.0649000034 -0.00880399998 0.0121750003
  vertex -0.0649000034 -0.00880399998 0.0110250004
  vertex -0.0649000034 -0.0092249997 0.0106039997
  endloop
 endfacet

 facet normal -1 0 0
  outer loop
  vertex -0.0649000034 -0.00880399998 0.0121750003
  vertex -0.0649000034 -0.0092249997 0.0106039997
  vertex -0.0649000034 -0.0092249997 0.012596
  endloop
 endfacet

 facet normal -1 0 0
  outer loop
  vertex -0.0649000034 -0.0092249997 0.012596
  vertex -0.0649000034 -0.0092249997 0.0106039997
  vertex -0.0649000034 -0.00960000046 0.0104679996
  endloop
 endfacet

 facet normal -1 0 0
  outer loop
  vertex -0.0649000034 -0.0092249997 0.012596
  vertex -0.0649000034 -0.00960000046 0.0104679996
  vertex -0.0649000034 -0.00960000046 0.0127320001
  endloop
 endfacet

 facet normal -1 0 0
  outer loop
  vertex -0.0649000034 -0.00960000046 0.0104679996
  vertex -0.0649000034 -0.00980000012 0.0104499999
  vertex -0.0649000034 -0.00999999978 0.0104679996
  endloop
 endfacet

 facet normal -1 0 0
  outer loop
  vertex -0.0649000034 0.00800000038 0.0127320001
  vertex -0.0649000034 0.00820000004 0.0127499998
  vertex -0.0649000034 0.0083999997 0.0127320001
  endloop
 endfacet

 facet normal -1 0 0
  outer loop
  vertex -0.0649000034 0.00934999995 0.0115999999
  vertex -0.0649000034 0.00919600017 0.0110250004
  vertex -0.0649000034 0.00919600017 0.0121750003
  endloop
 endfacet

 facet normal -1 0 0
  outer loop
  vertex -0.0649000034 0.00919600017 0.0121750003
  vertex -0.0649000034 0.00919600017 0.0110250004
  vertex -0.0649000034 0.00877500046 0.0106039997
  endloop
 endfacet

 facet normal -1 0 0
  outer loop
  vertex -0.0649000034 0.00919600017 0.0121750003
  vertex -0.0649000034 0.00877500046 0.0106039997
  vertex -0.0649000034 0.00877500046 0.012596
  endloop
 endfacet

 facet normal -1 0 0
  outer loop
  vertex -0.0649000034 0.00877500046 0.012596
  vertex -0.0649000034 0.00877500046 0.0106039997
  vertex -0.0649000034 0.0083999997 0.0104679996
  endloop
 endfacet

 facet normal -1 0 0
  outer loop
  vertex -0.0649000034 0.00877500046 0.012596
  vertex -0.0649000034 0.0083999997 0.0104679996
  vertex -0.0649000034 0.0083999997 0.0127320001
  endloop
 endfacet

 facet normal -1 0 0
  outer loop
  vertex -0.0649000034 0.0083999997 0.0104679996
  vertex -0.0649000034 0.00820000004 0.0104499999
  vertex -0.0649000034 0.00800000038 0.0104679996
  endloop
 endfacet

 facet normal -1 0 0
  outer loop
  vertex -0.0649000034 -0.00999999978 0.0227320008
  vertex -0.0649000034 -0.00980000012 0.0227499995
  vertex -0.0649000034 -0.00960000046 0.0227320008
  endloop
 endfacet

 facet normal -1 0 0
  outer loop
  vertex -0.0649000034 -0.0092249997 0.0206039995
  vertex -0.0649000034 -0.00960000046 0.0204680003
  vertex -0.0649000034 -0.0092249997 0.0225959998
  endloop
 endfacet

 facet normal -1 0 0
  outer loop
  vertex -0.0649000034 -0.0092249997 0.0225959998
  vertex -0.0649000034 -0.00960000046 0.0204680003
  vertex -0.0649000034 -0.00960000046 0.0227320008
  endloop
 endfacet

 facet normal -1 0 0
  outer loop
  vertex -0.0649000034 -0.00880399998 0.0221749991
  vertex -0.0649000034 -0.00865000021 0.0216000006
  vertex -0.0649000034 -0.0092249997 0.0225959998
  endloop
 endfacet

 facet normal -1 0 0
  outer loop
  vertex -0.0649000034 -0.0092249997 0.0225959998
  vertex -0.0649000034 -0.00865000021 0.0216000006
  vertex -0.0649000034 -0.00880399998 0.0210250001
  endloop
 endfacet

 facet normal -1 0 0
  outer loop
  vertex -0.0649000034 -0.0092249997 0.0225959998
  vertex -0.0649000034 -0.00880399998 0.0210250001
  vertex -0.0649000034 -0.0092249997 0.0206039995
  endloop
 endfacet

 facet normal -1 0 0
  outer loop
  vertex -0.0649000034 -0.00960000046 0.0204680003
  vertex -0.0649000034 -0.00980000012 0.0204499997
  vertex -0.0649000034 -0.00999999978 0.0204680003
  endloop
 endfacet

 facet normal -1 0 0
  outer loop
  vertex -0.0649000034 0.00877500046 0.0206039995
  vertex -0.0649000034 0.0083999997 0.0204680003
  vertex -0.0649000034 0.00877500046 0.0225959998
  endloop
 endfacet

 facet normal -1 0 0
  outer loop
  vertex -0.0649000034 0.00877500046 0.0225959998
  vertex -0.0649000034 0.0083999997 0.0204680003
  vertex -0.0649000034 0.0083999997 0.0227320008
  endloop
 endfacet

 facet normal -1 0 0
  outer loop
  vertex -0.0649000034 0.00919600017 0.0221749991
  vertex -0.0649000034 0.00934999995 0.0216000006
  vertex -0.0649000034 0.00877500046 0.0225959998
  endloop
 endfacet

 facet normal -1 0 0
  outer loop
  vertex -0.0649000034 0.00877500046 0.0225959998
  vertex -0.0649000034 0.00934999995 0.0216000006
  vertex -0.0649000034 0.00919600017 0.0210250001
  endloop
 endfacet

 facet normal -1 0 0
  outer loop
  vertex -0.0649000034 0.00877500046 0.0225959998
  vertex -0.0649000034 0.00919600017 0.0210250001
  vertex -0.0649000034 0.00877500046 0.0206039995
  endloop
 endfacet

 facet normal -1 0 0
  outer loop
  vertex -0.0649000034 0.0083999997 0.0204680003
  vertex -0.0649000034 0.00820000004 0.0204499997
  vertex -0.0649000034 0.00800000038 0.0204680003
  endloop
 endfacet

 facet normal -1 0 0
  outer loop
  vertex -0.0649000034 0.00762500009 0.0225959998
  vertex -0.0649000034 0.00800000038 0.0227320008
  vertex -0.0649000034 0.00800000038 0.0204680003
  endloop
 endfacet

 facet normal -1 0 0
  outer loop
  vertex -0.0649000034 0.00705000013 0.0216000006
  vertex -0.0649000034 0.00720399991 0.0221749991
  vertex -0.0649000034 0.00720399991 0.0210250001
  endloop
 endfacet

 facet normal -1 0 0
  outer loop
  vertex -0.0649000034 0.00720399991 0.0210250001
  vertex -0.0649000034 0.00720399991 0.0221749991
  vertex -0.0649000034 0.00762500009 0.0225959998
  endloop
 endfacet

 facet normal -1 0 0
  outer loop
  vertex -0.0649000034 0.00720399991 0.0210250001
  vertex -0.0649000034 0.00762500009 0.0225959998
  vertex -0.0649000034 0.00762500009 0.0206039995
  endloop
 endfacet

 facet normal -1 0 0
  outer loop
  vertex -0.0649000034 0.00762500009 0.0206039995
  vertex -0.0649000034 0.00762500009 0.0225959998
  vertex -0.0649000034 0.00800000038 0.0204680003
  endloop
 endfacet

 facet normal -1 0 0
  outer loop
  vertex -0.0390999988 0.000575000013 0.00638200017
  vertex -0.0390999988 0.00079999998 0.0067710001
  vertex -0.0390999988 0.00158200006 0.00537500018
  endloop
 endfacet

 facet normal -1 0 0
  outer loop
  vertex -0.0390999988 0.00158200006 0.00537500018
  vertex -0.0390999988 0.00079999998 0.0067710001
  vertex -0.0390999988 0.00197100011 0.0055999998
  endloop
 endfacet

 facet normal -1 0 0
  outer loop
  vertex -0.0390999988 0.00158200006 0.00537500018
  vertex -0.0390999988 0.00197100011 0.0055999998
  vertex -0.0390999988 0.00194999995 0.00400000019
  endloop
 endfacet

 facet normal -1 0 0
  outer loop
  vertex -0.0390999988 0.00194999995 0.00400000019
  vertex -0.0390999988 0.00197100011 0.0055999998
  vertex -0.0390999988 0.00240000011 0.00400000019
  endloop
 endfacet

 facet normal -1 0 0
  outer loop
  vertex -0.0390999988 0.00194999995 0.00400000019
  vertex -0.0390999988 0.00240000011 0.00400000019
  vertex -0.0390999988 0.00158200006 0.00262499996
  endloop
 endfacet

 facet normal -1 0 0
  outer loop
  vertex -0.0390999988 0.00158200006 0.00262499996
  vertex -0.0390999988 0.00240000011 0.00400000019
  vertex -0.0390999988 0.00197100011 0.00240000011
  endloop
 endfacet

 facet normal -1 0 0
  outer loop
  vertex -0.0390999988 0.00158200006 0.00262499996
  vertex -0.0390999988 0.00197100011 0.00240000011
  vertex -0.0390999988 0.000575000013 0.00161799998
  endloop
 endfacet

 facet normal -1 0 0
  outer loop
  vertex -0.0390999988 0.000575000013 0.00161799998
  vertex -0.0390999988 0.00197100011 0.00240000011
  vertex -0.0390999988 0.00079999998 0.00122900004
  endloop
 endfacet

 facet normal -1 0 0
  outer loop
  vertex -0.0390999988 0.000575000013 0.00161799998
  vertex -0.0390999988 0.00079999998 0.00122900004
  vertex -0.0390999988 -0.00079999998 0.00124999997
  endloop
 endfacet

 facet normal -1 0 0
  outer loop
  vertex -0.0390999988 -0.00079999998 0.00124999997
  vertex -0.0390999988 0.00079999998 0.00122900004
  vertex -0.0390999988 -0.00079999998 0.00079999998
  endloop
 endfacet

 facet normal -1 0 0
  outer loop
  vertex -0.0390999988 -0.00079999998 0.00124999997
  vertex -0.0390999988 -0.00079999998 0.00079999998
  vertex -0.0390999988 -0.00217500003 0.00161799998
  endloop
 endfacet

 facet normal -1 0 0
  outer loop
  vertex -0.0390999988 -0.00217500003 0.00161799998
  vertex -0.0390999988 -0.00079999998 0.00079999998
  vertex -0.0390999988 -0.00240000011 0.00122900004
  endloop
 endfacet

 facet normal -1 0 0
  outer loop
  vertex -0.0390999988 -0.00217500003 0.00161799998
  vertex -0.0390999988 -0.00240000011 0.00122900004
  vertex -0.0390999988 -0.00318200001 0.00262499996
  endloop
 endfacet

 facet normal -1 0 0
  outer loop
  vertex -0.0390999988 -0.00318200001 0.00262499996
  vertex -0.0390999988 -0.00240000011 0.00122900004
  vertex -0.0390999988 -0.00357099995 0.00240000011
  endloop
 endfacet

 facet normal -1 0 0
  outer loop
  vertex -0.0390999988 -0.00318200001 0.00262499996
  vertex -0.0390999988 -0.00357099995 0.00240000011
  vertex -0.0390999988 -0.00355000002 0.00400000019
  endloop
 endfacet

 facet normal -1 0 0
  outer loop
  vertex -0.0390999988 -0.00355000002 0.00400000019
  vertex -0.0390999988 -0.00357099995 0.00240000011
  vertex -0.0390999988 -0.00400000019 0.00400000019
  endloop
 endfacet

 facet normal -1 0 0
  outer loop
  vertex -0.0390999988 -0.00355000002 0.00400000019
  vertex -0.0390999988 -0.00400000019 0.00400000019
  vertex -0.0390999988 -0.00318200001 0.00537500018
  endloop
 endfacet

 facet normal -1 0 0
  outer loop
  vertex -0.0390999988 -0.00318200001 0.00537500018
  vertex -0.0390999988 -0.00400000019 0.00400000019
  vertex -0.0390999988 -0.00357099995 0.0055999998
  endloop
 endfacet

 facet normal -1 0 0
  outer loop
  vertex -0.0390999988 -0.00318200001 0.00537500018
  vertex -0.0390999988 -0.00357099995 0.0055999998
  vertex -0.0390999988 -0.00217500003 0.00638200017
  endloop
 endfacet

 facet normal -1 0 0
  outer loop
  vertex -0.0390999988 -0.00217500003 0.00638200017
  vertex -0.0390999988 -0.00357099995 0.0055999998
  vertex -0.0390999988 -0.00240000011 0.0067710001
  endloop
 endfacet

 facet normal -1 0 0
  outer loop
  vertex -0.0390999988 -0.00217500003 0.00638200017
  vertex -0.0390999988 -0.00240000011 0.0067710001
  vertex -0.0390999988 -0.00079999998 0.00675000018
  endloop
 endfacet

 facet normal -1 0 0
  outer loop
  vertex -0.0390999988 -0.00079999998 0.00675000018
  vertex -0.0390999988 -0.00240000011 0.0067710001
  vertex -0.0390999988 -0.00079999998 0.00719999988
  endloop
 endfacet

 facet normal -1 0 0
  outer loop
  vertex -0.0390999988 -0.00079999998 0.00675000018
  vertex -0.0390999988 -0.00079999998 0.00719999988
  vertex -0.0390999988 0.000575000013 0.00638200017
  endloop
 endfacet

 facet normal -1 0 0
  outer loop
  vertex -0.0390999988 0.000575000013 0.00638200017
  vertex -0.0390999988 -0.00079999998 0.00719999988
  vertex -0.0390999988 0.00079999998 0.0067710001
  endloop
 endfacet

 facet normal -1 0 0
  outer loop
  vertex -0.0649999976 0.00270000007 0.0252
  vertex -0.0649999976 0.00270000007 0.0339000002
  vertex -0.0649999976 0.0110499999 0.0252
  endloop
 endfacet

 facet normal -1 0 0
  outer loop
  vertex -0.0649999976 0.0110499999 0.0252
  vertex -0.0649999976 0.00270000007 0.0339000002
  vertex -0.0649999976 0.0110499999 0.0339000002
  endloop
 endfacet

 facet normal -1 0 0
  outer loop
  vertex -0.0649999976 -0.0110499999 0.0252
  vertex -0.0649999976 -0.0110499999 0.0339000002
  vertex -0.0649999976 -0.00430000015 0.0252
  endloop
 endfacet

 facet normal -1 0 0
  outer loop
  vertex -0.0649999976 -0.00430000015 0.0252
  vertex -0.0649999976 -0.0110499999 0.0339000002
  vertex -0.0649999976 -0.00430000015 0.0339000002
  endloop
 endfacet

 facet normal -0.258807719 0.965928912 0
  outer loop
  vertex -0.0637499988 0.0122999996 0.0339000002
  vertex -0.0637499988 0.0122999996 0.0252
  vertex -0.0643749982 0.0121330004 0.0252
  endloop
 endfacet

 facet normal -0.258807719 0.965928912 0
  outer loop
  vertex -0.0637499988 0.0122999996 0.0339000002
  vertex -0.0643749982 0.0121330004 0.0252
  vertex -0.0643749982 0.0121330004 0.0339000002
  endloop
 endfacet

 facet normal -0.707106769 0.707106769 0
  outer loop
  vertex -0.0643749982 0.0121330004 0.0339000002
  vertex -0.0643749982 0.0121330004 0.0252
  vertex -0.0648330003 0.0116750002 0.0252
  endloop
 endfacet

 facet normal -0.707106769 0.707106769 0
  outer loop
  vertex -0.0643749982 0.0121330004 0.0339000002
  vertex -0.0648330003 0.0116750002 0.0252
  vertex -0.0648330003 0.0116750002 0.0339000002
  endloop
 endfacet

 facet normal -0.965928912 0.258807719 0
  outer loop
  vertex -0.0648330003 0.0116750002 0.0339000002
  vertex -0.0648330003 0.0116750002 0.0252
  vertex -0.0649999976 0.0110499999 0.0252
  endloop
 endfacet

 facet normal -0.965928912 0.258807719 0
  outer loop
  vertex -0.0648330003 0.0116750002 0.0339000002
  vertex -0.0649999976 0.0110499999 0.0252
  vertex -0.0649999976 0.0110499999 0.0339000002
  endloop
 endfacet

 facet normal -0.258807719 -0.965928912 0
  outer loop
  vertex -0.0637499988 -0.0122999996 0.0252
  vertex -0.0637499988 -0.0122999996 0.0339000002
  vertex -0.0643749982 -0.0121330004 0.0339000002
  endloop
 endfacet

 facet normal -0.258807719 -0.965928912 0
  outer loop
  vertex -0.0637499988 -0.0122999996 0.0252
  vertex -0.0643749982 -0.0121330004 0.0339000002
  vertex -0.0643749982 -0.0121330004 0.0252
  endloop
 endfacet

 facet normal -0.707106769 -0.707106769 0
  outer loop
  vertex -0.0643749982 -0.0121330004 0.0252
  vertex -0.0643749982 -0.0121330004 0.0339000002
  vertex -0.0648330003 -0.0116750002 0.0339000002
  endloop
 endfacet

 facet normal -0.707106769 -0.707106769 0
  outer loop
  vertex -0.0643749982 -0.0121330004 0.0252
  vertex -0.0648330003 -0.0116750002 0.0339000002
  vertex -0.0648330003 -0.0116750002 0.0252
  endloop
 endfacet

 facet normal -0.965928912 -0.258807719 0
  outer loop
  vertex -0.0648330003 -0.0116750002 0.0252
  vertex -0.0648330003 -0.0116750002 0.0339000002
  vertex -0.0649999976 -0.0110499999 0.0339000002
  endloop
 endfacet

 facet normal -0.965928912 -0.258807719 0
  outer loop
  vertex -0.0648330003 -0.0116750002 0.0252
  vertex -0.0649999976 -0.0110499999 0.0339000002
  vertex -0.0649999976 -0.0110499999 0.0252
  endloop
 endfacet

 facet normal -0.0129002156 0 0.999916792
  outer loop
  vertex -0.0637499988 0.00270000007 0.0220110007
  vertex -0.0637499988 -0.00430000015 0.0220110007
  vertex -0.0607639998 -0.00430000015 0.0220500007
  endloop
 endfacet

 facet normal -0.0129002156 0 0.999916792
  outer loop
  vertex -0.0637499988 0.00270000007 0.0220110007
  vertex -0.0607639998 -0.00430000015 0.0220500007
  vertex -0.0607639998 0.00270000007 0.0220500007
  endloop
 endfacet

 facet normal 0.136099324 0 0.990695179
  outer loop
  vertex -0.0607639998 0.00270000007 0.0220500007
  vertex -0.0607639998 -0.00430000015 0.0220500007
  vertex -0.0578060001 -0.00430000015 0.0216429997
  endloop
 endfacet

 facet normal 0.136099324 0 0.990695179
  outer loop
  vertex -0.0607639998 0.00270000007 0.0220500007
  vertex -0.0578060001 -0.00430000015 0.0216429997
  vertex -0.0578060001 0.00270000007 0.0216429997
  endloop
 endfacet

 facet normal 0.282095939 0 0.95938623
  outer loop
  vertex -0.0578060001 0.00270000007 0.0216429997
  vertex -0.0578060001 -0.00430000015 0.0216429997
  vertex -0.0549409986 -0.00430000015 0.0208010003
  endloop
 endfacet

 facet normal 0.282095939 0 0.95938623
  outer loop
  vertex -0.0578060001 0.00270000007 0.0216429997
  vertex -0.0549409986 -0.00430000015 0.0208010003
  vertex -0.0549409986 0.00270000007 0.0208010003
  endloop
 endfacet

 facet normal -1 0 0
  outer loop
  vertex -0.0649999976 0.00711699994 0.022225
  vertex -0.0649999976 0.00545000006 0.0178989992
  vertex -0.0649999976 0.00469999993 0.0181000009
  endloop
 endfacet

 facet normal -1 0 0
  outer loop
  vertex -0.0649999976 -0.00480000023 0.0165999997
  vertex -0.0649999976 -0.00500100013 0.0173499994
  vertex -0.0649999976 -0.00431000022 0.0219969992
  endloop
 endfacet

 facet normal -1 0 0
  outer loop
  vertex -0.0649999976 -0.00431000022 0.0219969992
  vertex -0.0649999976 -0.00500100013 0.0173499994
  vertex -0.0649999976 -0.00554999989 0.0178989992
  endloop
 endfacet

 facet normal -1 0 0
  outer loop
  vertex -0.0649999976 -0.00431000022 0.0219969992
  vertex -0.0649999976 -0.00554999989 0.0178989992
  vertex -0.0649999976 -0.00630000001 0.0181000009
  endloop
 endfacet

 facet normal -1 0 0
  outer loop
  vertex -0.0649999976 -0.0110499999 0.01021
  vertex -0.0649999976 -0.0110499999 0.0115999999
  vertex -0.0649999976 -0.0108829997 0.0109750004
  endloop
 endfacet

 facet normal -1 0 0
  outer loop
  vertex -0.0649999976 0.00757500017 0.0226830002
  vertex -0.0649999976 0.00270999991 0.0251899995
  vertex -0.0649999976 0.00820000004 0.0228499994
  endloop
 endfacet

 facet normal -1 0 0
  outer loop
  vertex -0.0649999976 0.00820000004 0.0228499994
  vertex -0.0649999976 0.00270999991 0.0251899995
  vertex -0.0649999976 0.0110499999 0.0251899995
  endloop
 endfacet

 facet normal -1 0 0
  outer loop
  vertex -0.0649999976 0.00820000004 0.0228499994
  vertex -0.0649999976 0.0110499999 0.0251899995
  vertex -0.0649999976 0.00882500038 0.0226830002
  endloop
 endfacet

 facet normal -1 -9.99999975e-05 0
  outer loop
  vertex -0.0649999976 -0.0110499999 0.0115999999
  vertex -0.0649999976 -0.0110499999 0.0216000006
  vertex -0.0649999976 -0.0108829997 0.0122250002
  endloop
 endfacet

 facet normal -1 0 0
  outer loop
  vertex -0.0649999976 -0.0108829997 0.0122250002
  vertex -0.0649999976 -0.0110499999 0.0216000006
  vertex -0.0649999976 -0.0104250005 0.0126830004
  endloop
 endfacet

 facet normal -1 0 0
  outer loop
  vertex -0.0649999976 -0.00871699955 0.0209749993
  vertex -0.0649999976 -0.00855000038 0.0216000006
  vertex -0.0649999976 -0.00431000022 0.0251899995
  endloop
 endfacet

 facet normal -1 0 0
  outer loop
  vertex -0.0649999976 0.00757500017 0.0226830002
  vertex -0.0649999976 0.00711699994 0.022225
  vertex -0.0649999976 0.00270999991 0.0251899995
  endloop
 endfacet

 facet normal -1 0 0
  outer loop
  vertex -0.0649999976 0.00270999991 0.0251899995
  vertex -0.0649999976 0.00711699994 0.022225
  vertex -0.0649999976 0.00469999993 0.0181000009
  endloop
 endfacet

 facet normal -1 0 0
  outer loop
  vertex -0.0649999976 0.00270999991 0.0251899995
  vertex -0.0649999976 0.00469999993 0.0181000009
  vertex -0.0649999976 0.00270999991 0.0219969992
  endloop
 endfacet

 facet normal -1 0 0
  outer loop
  vertex -0.0649999976 0.00270999991 0.0219969992
  vertex -0.0649999976 0.00469999993 0.0181000009
  vertex -0.0649999976 0.00394999981 0.0178989992
  endloop
 endfacet

 facet normal -1 0 0
  outer loop
  vertex -0.0649999976 0.00270999991 0.0219969992
  vertex -0.0649999976 0.00394999981 0.0178989992
  vertex -0.0649999976 -0.00431000022 0.0219969992
  endloop
 endfacet

 facet normal -1 0 0
  outer loop
  vertex -0.0649999976 -0.00431000022 0.0219969992
  vertex -0.0649999976 0.00394999981 0.0178989992
  vertex -0.0649999976 0.00340100005 0.0173499994
  endloop
 endfacet

 facet normal -1 0 0
  outer loop
  vertex -0.0649999976 -0.00431000022 0.0219969992
  vertex -0.0649999976 0.00340100005 0.0173499994
  vertex -0.0649999976 -0.00480000023 0.0165999997
  endloop
 endfacet

 facet normal -1 0 0
  outer loop
  vertex -0.0649999976 -0.00480000023 0.0165999997
  vertex -0.0649999976 0.00340100005 0.0173499994
  vertex -0.0649999976 0.00319999992 0.0165999997
  endloop
 endfacet

 facet normal -1 0 0
  outer loop
  vertex -0.0649999976 -0.00480000023 0.0165999997
  vertex -0.0649999976 0.00319999992 0.0165999997
  vertex -0.0649999976 -0.00500100013 0.0158500001
  endloop
 endfacet

 facet normal -1 0 0
  outer loop
  vertex -0.0649999976 -0.00500100013 0.0158500001
  vertex -0.0649999976 0.00711699994 0.0122250002
  vertex -0.0649999976 0.00694999984 0.0115999999
  endloop
 endfacet

 facet normal -1 0 0
  outer loop
  vertex -0.0649999976 -0.0110499999 0.0216000006
  vertex -0.0649999976 -0.0110499999 0.0251899995
  vertex -0.0649999976 -0.0108829997 0.022225
  endloop
 endfacet

 facet normal -1 0 0
  outer loop
  vertex -0.0649999976 -0.0108829997 0.022225
  vertex -0.0649999976 -0.0110499999 0.0251899995
  vertex -0.0649999976 -0.0104250005 0.0226830002
  endloop
 endfacet

 facet normal -1 0 0
  outer loop
  vertex -0.0649999976 0.00319999992 0.0165999997
  vertex -0.0649999976 0.00340100005 0.0158500001
  vertex -0.0649999976 -0.00500100013 0.0158500001
  endloop
 endfacet

 facet normal -1 0 0
  outer loop
  vertex -0.0649999976 -0.00500100013 0.0158500001
  vertex -0.0649999976 0.00340100005 0.0158500001
  vertex -0.0649999976 0.00394999981 0.0153010003
  endloop
 endfacet

 facet normal -1 0 0
  outer loop
  vertex -0.0649999976 -0.00500100013 0.0158500001
  vertex -0.0649999976 0.00394999981 0.0153010003
  vertex -0.0649999976 0.00711699994 0.0122250002
  endloop
 endfacet

 facet normal -1 0 0
  outer loop
  vertex -0.0649999976 0.00599899981 0.0158500001
  vertex -0.0649999976 0.00757500017 0.0205170009
  vertex -0.0649999976 0.00820000004 0.0203499999
  endloop
 endfacet

 facet normal -1 0 0
  outer loop
  vertex -0.0649999976 -0.0108829997 0.0109750004
  vertex -0.0649999976 -0.0104250005 0.0105170002
  vertex -0.0649999976 -0.0110499999 0.01021
  endloop
 endfacet

 facet normal -1 0 0
  outer loop
  vertex -0.0649999976 -0.0110499999 0.01021
  vertex -0.0649999976 -0.0104250005 0.0105170002
  vertex -0.0649999976 -0.00980000012 0.0103500001
  endloop
 endfacet

 facet normal -1 0 0
  outer loop
  vertex -0.0649999976 -0.0110499999 0.01021
  vertex -0.0649999976 -0.00980000012 0.0103500001
  vertex -0.0649999976 0.0110499999 0.01021
  endloop
 endfacet

 facet normal -1 0 0
  outer loop
  vertex -0.0649999976 0.0110499999 0.01021
  vertex -0.0649999976 -0.00980000012 0.0103500001
  vertex -0.0649999976 -0.00917499978 0.0105170002
  endloop
 endfacet

 facet normal -1 0 0
  outer loop
  vertex -0.0649999976 0.0110499999 0.01021
  vertex -0.0649999976 -0.00917499978 0.0105170002
  vertex -0.0649999976 -0.00871699955 0.0109750004
  endloop
 endfacet

 facet normal -1 0 0
  outer loop
  vertex -0.0649999976 0.00928299967 0.0122250002
  vertex -0.0649999976 0.0110499999 0.0251899995
  vertex -0.0649999976 0.00944999978 0.0115999999
  endloop
 endfacet

 facet normal -1 0 0
  outer loop
  vertex -0.0649999976 0.00944999978 0.0115999999
  vertex -0.0649999976 0.0110499999 0.0251899995
  vertex -0.0649999976 0.0110499999 0.01021
  endloop
 endfacet

 facet normal -1 0 0
  outer loop
  vertex -0.0649999976 0.00944999978 0.0115999999
  vertex -0.0649999976 0.0110499999 0.01021
  vertex -0.0649999976 0.00928299967 0.0109750004
  endloop
 endfacet

 facet normal -1 0 0
  outer loop
  vertex -0.0649999976 0.00928299967 0.0109750004
  vertex -0.0649999976 0.0110499999 0.01021
  vertex -0.0649999976 0.00882500038 0.0105170002
  endloop
 endfacet

 facet normal -1 0 0
  outer loop
  vertex -0.0649999976 -0.00980000012 0.0128499996
  vertex -0.0649999976 -0.00759899989 0.0173499994
  vertex -0.0649999976 -0.00917499978 0.0126830004
  endloop
 endfacet

 facet normal -1 -9.99999975e-05 0
  outer loop
  vertex -0.0649999976 -0.00917499978 0.0126830004
  vertex -0.0649999976 -0.00759899989 0.0173499994
  vertex -0.0649999976 -0.00779999979 0.0165999997
  endloop
 endfacet

 facet normal -1 0 0
  outer loop
  vertex -0.0649999976 -0.00917499978 0.0126830004
  vertex -0.0649999976 -0.00779999979 0.0165999997
  vertex -0.0649999976 -0.00871699955 0.0122250002
  endloop
 endfacet

 facet normal -1 0 0
  outer loop
  vertex -0.0649999976 -0.00871699955 0.0122250002
  vertex -0.0649999976 -0.00779999979 0.0165999997
  vertex -0.0649999976 -0.00759899989 0.0158500001
  endloop
 endfacet

 facet normal -1 0 0
  outer loop
  vertex -0.0649999976 -0.00871699955 0.0122250002
  vertex -0.0649999976 -0.00759899989 0.0158500001
  vertex -0.0649999976 -0.00855000038 0.0115999999
  endloop
 endfacet

 facet normal -1 0 0
  outer loop
  vertex -0.0649999976 -0.00855000038 0.0216000006
  vertex -0.0649999976 -0.00871699955 0.022225
  vertex -0.0649999976 -0.00431000022 0.0251899995
  endloop
 endfacet

 facet normal -1 0 0
  outer loop
  vertex -0.0649999976 -0.00431000022 0.0251899995
  vertex -0.0649999976 -0.00871699955 0.022225
  vertex -0.0649999976 -0.00917499978 0.0226830002
  endloop
 endfacet

 facet normal -1 0 0
  outer loop
  vertex -0.0649999976 -0.00431000022 0.0251899995
  vertex -0.0649999976 -0.00917499978 0.0226830002
  vertex -0.0649999976 -0.0110499999 0.0251899995
  endloop
 endfacet

 facet normal -1 0 0
  outer loop
  vertex -0.0649999976 -0.0110499999 0.0251899995
  vertex -0.0649999976 -0.00917499978 0.0226830002
  vertex -0.0649999976 -0.00980000012 0.0228499994
  endloop
 endfacet

 facet normal -1 0 0
  outer loop
  vertex -0.0649999976 -0.0110499999 0.0251899995
  vertex -0.0649999976 -0.00980000012 0.0228499994
  vertex -0.0649999976 -0.0104250005 0.0226830002
  endloop
 endfacet

 facet normal -1 0 0
  outer loop
  vertex -0.0649999976 0.00711699994 0.022225
  vertex -0.0649999976 0.00694999984 0.0216000006
  vertex -0.0649999976 0.00545000006 0.0178989992
  endloop
 endfacet

 facet normal -1 0 0
  outer loop
  vertex -0.0649999976 0.00545000006 0.0178989992
  vertex -0.0649999976 0.00694999984 0.0216000006
  vertex -0.0649999976 0.00711699994 0.0209749993
  endloop
 endfacet

 facet normal -1 0 0
  outer loop
  vertex -0.0649999976 0.00545000006 0.0178989992
  vertex -0.0649999976 0.00711699994 0.0209749993
  vertex -0.0649999976 0.00599899981 0.0173499994
  endloop
 endfacet

 facet normal -1 0 0
  outer loop
  vertex -0.0649999976 0.00599899981 0.0173499994
  vertex -0.0649999976 0.00711699994 0.0209749993
  vertex -0.0649999976 0.00757500017 0.0205170009
  endloop
 endfacet

 facet normal -1 0 0
  outer loop
  vertex -0.0649999976 0.00599899981 0.0173499994
  vertex -0.0649999976 0.00757500017 0.0205170009
  vertex -0.0649999976 0.00620000018 0.0165999997
  endloop
 endfacet

 facet normal -1 0 0
  outer loop
  vertex -0.0649999976 0.00620000018 0.0165999997
  vertex -0.0649999976 0.00757500017 0.0205170009
  vertex -0.0649999976 0.00599899981 0.0158500001
  endloop
 endfacet

 facet normal -1 0 0
  outer loop
  vertex -0.0649999976 0.00394999981 0.0153010003
  vertex -0.0649999976 0.00469999993 0.0151000004
  vertex -0.0649999976 0.00711699994 0.0122250002
  endloop
 endfacet

 facet normal -1 0 0
  outer loop
  vertex -0.0649999976 0.00711699994 0.0122250002
  vertex -0.0649999976 0.00469999993 0.0151000004
  vertex -0.0649999976 0.00545000006 0.0153010003
  endloop
 endfacet

 facet normal -1 0 0
  outer loop
  vertex -0.0649999976 0.00711699994 0.0122250002
  vertex -0.0649999976 0.00545000006 0.0153010003
  vertex -0.0649999976 0.00757500017 0.0126830004
  endloop
 endfacet

 facet normal -1 0 0
  outer loop
  vertex -0.0649999976 0.00757500017 0.0126830004
  vertex -0.0649999976 0.00545000006 0.0153010003
  vertex -0.0649999976 0.00599899981 0.0158500001
  endloop
 endfacet

 facet normal -1 0 0
  outer loop
  vertex -0.0649999976 0.00757500017 0.0126830004
  vertex -0.0649999976 0.00599899981 0.0158500001
  vertex -0.0649999976 0.00820000004 0.0128499996
  endloop
 endfacet

 facet normal -1 0 0
  outer loop
  vertex -0.0649999976 0.00820000004 0.0128499996
  vertex -0.0649999976 0.00599899981 0.0158500001
  vertex -0.0649999976 0.00820000004 0.0203499999
  endloop
 endfacet

 facet normal -1 0 0
  outer loop
  vertex -0.0649999976 0.00820000004 0.0128499996
  vertex -0.0649999976 0.00820000004 0.0203499999
  vertex -0.0649999976 0.00882500038 0.0126830004
  endloop
 endfacet

 facet normal -1 0 0
  outer loop
  vertex -0.0649999976 0.00882500038 0.0126830004
  vertex -0.0649999976 0.00820000004 0.0203499999
  vertex -0.0649999976 0.00882500038 0.0205170009
  endloop
 endfacet

 facet normal -1 0 0
  outer loop
  vertex -0.0649999976 0.00882500038 0.0126830004
  vertex -0.0649999976 0.00882500038 0.0205170009
  vertex -0.0649999976 0.00928299967 0.0122250002
  endloop
 endfacet

 facet normal -1 0 0
  outer loop
  vertex -0.0649999976 0.00882500038 0.0105170002
  vertex -0.0649999976 0.0110499999 0.01021
  vertex -0.0649999976 0.00820000004 0.0103500001
  endloop
 endfacet

 facet normal -1 0 0
  outer loop
  vertex -0.0649999976 0.00820000004 0.0103500001
  vertex -0.0649999976 0.0110499999 0.01021
  vertex -0.0649999976 -0.00871699955 0.0109750004
  endloop
 endfacet

 facet normal -1 0 0
  outer loop
  vertex -0.0649999976 0.00820000004 0.0103500001
  vertex -0.0649999976 -0.00871699955 0.0109750004
  vertex -0.0649999976 0.00757500017 0.0105170002
  endloop
 endfacet

 facet normal -1 0 0
  outer loop
  vertex -0.0649999976 0.00882500038 0.0205170009
  vertex -0.0649999976 0.00928299967 0.0209749993
  vertex -0.0649999976 0.00928299967 0.0122250002
  endloop
 endfacet

 facet normal -1 0 0
  outer loop
  vertex -0.0649999976 0.00928299967 0.0122250002
  vertex -0.0649999976 0.00928299967 0.0209749993
  vertex -0.0649999976 0.00944999978 0.0216000006
  endloop
 endfacet

 facet normal -1 0 0
  outer loop
  vertex -0.0649999976 0.00928299967 0.0122250002
  vertex -0.0649999976 0.00944999978 0.0216000006
  vertex -0.0649999976 0.0110499999 0.0251899995
  endloop
 endfacet

 facet normal -1 0 0
  outer loop
  vertex -0.0649999976 0.0110499999 0.0251899995
  vertex -0.0649999976 0.00944999978 0.0216000006
  vertex -0.0649999976 0.00928299967 0.022225
  endloop
 endfacet

 facet normal -1 0 0
  outer loop
  vertex -0.0649999976 0.0110499999 0.0251899995
  vertex -0.0649999976 0.00928299967 0.022225
  vertex -0.0649999976 0.00882500038 0.0226830002
  endloop
 endfacet

 facet normal -1 0 0
  outer loop
  vertex -0.0649999976 -0.0110499999 0.0216000006
  vertex -0.0649999976 -0.0108829997 0.0209749993
  vertex -0.0649999976 -0.0104250005 0.0126830004
  endloop
 endfacet

 facet normal -1 0 0
  outer loop
  vertex -0.0649999976 -0.0104250005 0.0126830004
  vertex -0.0649999976 -0.0108829997 0.0209749993
  vertex -0.0649999976 -0.0104250005 0.0205170009
  endloop
 endfacet

 facet normal -1 0 0
  outer loop
  vertex -0.0649999976 -0.0104250005 0.0126830004
  vertex -0.0649999976 -0.0104250005 0.0205170009
  vertex -0.0649999976 -0.00980000012 0.0128499996
  endloop
 endfacet

 facet normal -1 0 0
  outer loop
  vertex -0.0649999976 -0.00980000012 0.0128499996
  vertex -0.0649999976 -0.0104250005 0.0205170009
  vertex -0.0649999976 -0.00980000012 0.0203499999
  endloop
 endfacet

 facet normal -1 0 0
  outer loop
  vertex -0.0649999976 -0.00980000012 0.0128499996
  vertex -0.0649999976 -0.00980000012 0.0203499999
  vertex -0.0649999976 -0.00759899989 0.0173499994
  endloop
 endfacet

 facet normal -1 0 0
  outer loop
  vertex -0.0649999976 -0.00759899989 0.0173499994
  vertex -0.0649999976 -0.00980000012 0.0203499999
  vertex -0.0649999976 -0.00917499978 0.0205170009
  endloop
 endfacet

 facet normal -1 0 0
  outer loop
  vertex -0.0649999976 -0.00759899989 0.0173499994
  vertex -0.0649999976 -0.00917499978 0.0205170009
  vertex -0.0649999976 -0.00705000013 0.0178989992
  endloop
 endfacet

 facet normal -1 0 0
  outer loop
  vertex -0.0649999976 -0.00705000013 0.0178989992
  vertex -0.0649999976 -0.00917499978 0.0205170009
  vertex -0.0649999976 -0.00871699955 0.0209749993
  endloop
 endfacet

 facet normal -1 0 0
  outer loop
  vertex -0.0649999976 -0.00705000013 0.0178989992
  vertex -0.0649999976 -0.00871699955 0.0209749993
  vertex -0.0649999976 -0.00630000001 0.0181000009
  endloop
 endfacet

 facet normal -1 0 0
  outer loop
  vertex -0.0649999976 -0.00630000001 0.0181000009
  vertex -0.0649999976 -0.00871699955 0.0209749993
  vertex -0.0649999976 -0.00431000022 0.0251899995
  endloop
 endfacet

 facet normal -1 0 0
  outer loop
  vertex -0.0649999976 -0.00630000001 0.0181000009
  vertex -0.0649999976 -0.00431000022 0.0251899995
  vertex -0.0649999976 -0.00431000022 0.0219969992
  endloop
 endfacet

 facet normal -1 0 0
  outer loop
  vertex -0.0649999976 0.00694999984 0.0115999999
  vertex -0.0649999976 0.00711699994 0.0109750004
  vertex -0.0649999976 -0.00500100013 0.0158500001
  endloop
 endfacet

 facet normal -1 0 0
  outer loop
  vertex -0.0649999976 -0.00500100013 0.0158500001
  vertex -0.0649999976 0.00711699994 0.0109750004
  vertex -0.0649999976 0.00757500017 0.0105170002
  endloop
 endfacet

 facet normal -1 0 0
  outer loop
  vertex -0.0649999976 -0.00500100013 0.0158500001
  vertex -0.0649999976 0.00757500017 0.0105170002
  vertex -0.0649999976 -0.00554999989 0.0153010003
  endloop
 endfacet

 facet normal -1 0 0
  outer loop
  vertex -0.0649999976 -0.00554999989 0.0153010003
  vertex -0.0649999976 0.00757500017 0.0105170002
  vertex -0.0649999976 -0.00871699955 0.0109750004
  endloop
 endfacet

 facet normal -1 0 0
  outer loop
  vertex -0.0649999976 -0.00554999989 0.0153010003
  vertex -0.0649999976 -0.00871699955 0.0109750004
  vertex -0.0649999976 -0.00630000001 0.0151000004
  endloop
 endfacet

 facet normal -1 0 0
  outer loop
  vertex -0.0649999976 -0.00630000001 0.0151000004
  vertex -0.0649999976 -0.00871699955 0.0109750004
  vertex -0.0649999976 -0.00855000038 0.0115999999
  endloop
 endfacet

 facet normal -1 0 0
  outer loop
  vertex -0.0649999976 -0.00630000001 0.0151000004
  vertex -0.0649999976 -0.00855000038 0.0115999999
  vertex -0.0649999976 -0.00705000013 0.0153010003
  endloop
 endfacet

 facet normal -1 0 0
  outer loop
  vertex -0.0649999976 -0.00705000013 0.0153010003
  vertex -0.0649999976 -0.00855000038 0.0115999999
  vertex -0.0649999976 -0.00759899989 0.0158500001
  endloop
 endfacet

 facet normal -0.258807719 0.965928912 0
  outer loop
  vertex -0.0637499988 0.0122999996 0.0251899995
  vertex -0.0637499988 0.0122999996 0.01021
  vertex -0.0643749982 0.0121330004 0.01021
  endloop
 endfacet

 facet normal -0.258807719 0.965928912 0
  outer loop
  vertex -0.0637499988 0.0122999996 0.0251899995
  vertex -0.0643749982 0.0121330004 0.01021
  vertex -0.0643749982 0.0121330004 0.0251899995
  endloop
 endfacet

 facet normal -0.707106769 0.707106769 0
  outer loop
  vertex -0.0643749982 0.0121330004 0.0251899995
  vertex -0.0643749982 0.0121330004 0.01021
  vertex -0.0648330003 0.0116750002 0.01021
  endloop
 endfacet

 facet normal -0.707106769 0.707106769 0
  outer loop
  vertex -0.0643749982 0.0121330004 0.0251899995
  vertex -0.0648330003 0.0116750002 0.01021
  vertex -0.0648330003 0.0116750002 0.0251899995
  endloop
 endfacet

 facet normal -0.965928912 0.258807719 0
  outer loop
  vertex -0.0648330003 0.0116750002 0.0251899995
  vertex -0.0648330003 0.0116750002 0.01021
  vertex -0.0649999976 0.0110499999 0.01021
  endloop
 endfacet

 facet normal -0.965928912 0.258807719 0
  outer loop
  vertex -0.0648330003 0.0116750002 0.0251899995
  vertex -0.0649999976 0.0110499999 0.01021
  vertex -0.0649999976 0.0110499999 0.0251899995
  endloop
 endfacet

 facet normal -0.980783999 -0.195096806 0
  outer loop
  vertex -0.0649999976 -0.0110499999 0.0115999999
  vertex -0.0649999976 -0.0110499999 0.01021
  vertex -0.0649050027 -0.0115280002 0.01021
  endloop
 endfacet

 facet normal -0.195096806 -0.980783999 0
  outer loop
  vertex -0.0637499988 -0.0122999996 0.01021
  vertex -0.0637499988 -0.0122999996 0.0251899995
  vertex -0.0642279983 -0.012205 0.0251899995
  endloop
 endfacet

 facet normal -0.980783999 -0.195096806 0
  outer loop
  vertex -0.0649050027 -0.0115280002 0.0251899995
  vertex -0.0649999976 -0.0110499999 0.0251899995
  vertex -0.0649999976 -0.0110499999 0.0216000006
  endloop
 endfacet

 facet normal -0.195096806 -0.980783999 0
  outer loop
  vertex -0.0637499988 -0.0122999996 0.01021
  vertex -0.0642279983 -0.012205 0.0251899995
  vertex -0.0642279983 -0.012205 0.01021
  endloop
 endfacet

 facet normal -0.555576801 -0.831465185 0
  outer loop
  vertex -0.0642279983 -0.012205 0.01021
  vertex -0.0642279983 -0.012205 0.0251899995
  vertex -0.0646340027 -0.0119340001 0.0251899995
  endloop
 endfacet

 facet normal -0.555576801 -0.831465185 0
  outer loop
  vertex -0.0642279983 -0.012205 0.01021
  vertex -0.0646340027 -0.0119340001 0.0251899995
  vertex -0.0646340027 -0.0119340001 0.01021
  endloop
 endfacet

 facet normal -0.831465185 -0.555576801 0
  outer loop
  vertex -0.0646340027 -0.0119340001 0.01021
  vertex -0.0646340027 -0.0119340001 0.0251899995
  vertex -0.0649050027 -0.0115280002 0.0251899995
  endloop
 endfacet

 facet normal -0.831465185 -0.555576801 0
  outer loop
  vertex -0.0646340027 -0.0119340001 0.01021
  vertex -0.0649050027 -0.0115280002 0.0251899995
  vertex -0.0649050027 -0.0115280002 0.01021
  endloop
 endfacet

 facet normal -0.980783999 -0.195096806 0
  outer loop
  vertex -0.0649050027 -0.0115280002 0.01021
  vertex -0.0649050027 -0.0115280002 0.0251899995
  vertex -0.0649999976 -0.0110499999 0.0216000006
  endloop
 endfacet

 facet normal -0.980783999 -0.195096806 0
  outer loop
  vertex -0.0649050027 -0.0115280002 0.01021
  vertex -0.0649999976 -0.0110499999 0.0216000006
  vertex -0.0649999976 -0.0110499999 0.0115999999
  endloop
 endfacet

 facet normal 0 -1 0
  outer loop
  vertex -0.041375 -0.0122999996 0.0089159999
  vertex -0.0420049988 -0.0122999996 0.0146589996
  vertex -0.0427410007 -0.0122999996 0.0153949996
  endloop
 endfacet

 facet normal 0 -1 0
  outer loop
  vertex -0.0532499999 -0.0122999996 0.0074
  vertex -0.0420159996 -0.0122999996 0.00652500009
  vertex -0.0534840003 -0.0122999996 0.00827500038
  endloop
 endfacet

 facet normal 0 -1 0
  outer loop
  vertex -0.0534840003 -0.0122999996 0.00827500038
  vertex -0.0420159996 -0.0122999996 0.00652500009
  vertex -0.0422499999 -0.0122999996 0.0074
  endloop
 endfacet

 facet normal 0 -1 0
  outer loop
  vertex -0.0534840003 -0.0122999996 0.00827500038
  vertex -0.0422499999 -0.0122999996 0.0074
  vertex -0.0541249998 -0.0122999996 0.0089159999
  endloop
 endfacet

 facet normal 0 -1 0
  outer loop
  vertex -0.0420049988 -0.0122999996 0.0146589996
  vertex -0.041375 -0.0122999996 0.0089159999
  vertex -0.0410000011 -0.0122999996 0.0143900001
  endloop
 endfacet

 facet normal 0 -1 0
  outer loop
  vertex -0.0410000011 -0.0122999996 0.0143900001
  vertex -0.041375 -0.0122999996 0.0089159999
  vertex -0.0405000001 -0.0122999996 0.00915000029
  endloop
 endfacet

 facet normal 0 -1 0
  outer loop
  vertex -0.0410000011 -0.0122999996 0.0143900001
  vertex -0.0405000001 -0.0122999996 0.00915000029
  vertex -0.0350099988 -0.0122999996 0.0143900001
  endloop
 endfacet

 facet normal 0 -1 0
  outer loop
  vertex -0.0569900014 -0.0122999996 0.0339000002
  vertex -0.0558749996 -0.0122999996 0.0089159999
  vertex -0.0549999997 -0.0122999996 0.00915000029
  endloop
 endfacet

 facet normal 0 -1 0
  outer loop
  vertex -0.0565680005 -0.0122999996 0.0362909995
  vertex -0.0430100001 -0.0122999996 0.0164000001
  vertex -0.0430100001 -0.0122999996 0.0339000002
  endloop
 endfacet

 facet normal 0 -1 0
  outer loop
  vertex -0.0389840007 -0.0122999996 0.00652500009
  vertex -0.0396250002 -0.0122999996 0.0058840001
  vertex -0.0350099988 -0.0122999996 0.00164999999
  endloop
 endfacet

 facet normal 0 -1 0
  outer loop
  vertex -0.0350099988 -0.0122999996 0.00164999999
  vertex -0.0396250002 -0.0122999996 0.0058840001
  vertex -0.0405000001 -0.0122999996 0.00565000018
  endloop
 endfacet

 facet normal 0 -1 0
  outer loop
  vertex -0.0558749996 -0.0122999996 0.0058840001
  vertex -0.0565159991 -0.0122999996 0.00652500009
  vertex -0.0569900014 -0.0122999996 0.00536399987
  endloop
 endfacet

 facet normal 0 -1 0
  outer loop
  vertex -0.0569900014 -0.0122999996 0.00536399987
  vertex -0.0565159991 -0.0122999996 0.00652500009
  vertex -0.0567499995 -0.0122999996 0.0074
  endloop
 endfacet

 facet normal 0 -1 0
  outer loop
  vertex -0.0569900014 -0.0122999996 0.00536399987
  vertex -0.0567499995 -0.0122999996 0.0074
  vertex -0.0569900014 -0.0122999996 0.0339000002
  endloop
 endfacet

 facet normal 0 -1 0
  outer loop
  vertex -0.0569900014 -0.0122999996 0.0339000002
  vertex -0.0567499995 -0.0122999996 0.0074
  vertex -0.0565159991 -0.0122999996 0.00827500038
  endloop
 endfacet

 facet normal 0 -1 0
  outer loop
  vertex -0.0569900014 -0.0122999996 0.0339000002
  vertex -0.0565159991 -0.0122999996 0.00827500038
  vertex -0.0558749996 -0.0122999996 0.0089159999
  endloop
 endfacet

 facet normal 0 -1 0
  outer loop
  vertex -0.0405000001 -0.0122999996 0.00915000029
  vertex -0.0396250002 -0.0122999996 0.0089159999
  vertex -0.0350099988 -0.0122999996 0.0143900001
  endloop
 endfacet

 facet normal 0 -1 0
  outer loop
  vertex -0.0350099988 -0.0122999996 0.0143900001
  vertex -0.0396250002 -0.0122999996 0.0089159999
  vertex -0.0389840007 -0.0122999996 0.00827500038
  endloop
 endfacet

 facet normal 0 -1 0
  outer loop
  vertex -0.0350099988 -0.0122999996 0.0143900001
  vertex -0.0389840007 -0.0122999996 0.00827500038
  vertex -0.0350099988 -0.0122999996 0.00164999999
  endloop
 endfacet

 facet normal 0 -1 0
  outer loop
  vertex -0.0350099988 -0.0122999996 0.00164999999
  vertex -0.0389840007 -0.0122999996 0.00827500038
  vertex -0.0387500003 -0.0122999996 0.0074
  endloop
 endfacet

 facet normal 0 -1 0
  outer loop
  vertex -0.0350099988 -0.0122999996 0.00164999999
  vertex -0.0387500003 -0.0122999996 0.0074
  vertex -0.0389840007 -0.0122999996 0.00652500009
  endloop
 endfacet

 facet normal 0 -1 0
  outer loop
  vertex -0.0487999991 -0.0122999996 0.00164999999
  vertex -0.0350099988 -0.0122999996 0.00164999999
  vertex -0.0534840003 -0.0122999996 0.00652500009
  endloop
 endfacet

 facet normal 0 -1 0
  outer loop
  vertex -0.0534840003 -0.0122999996 0.00652500009
  vertex -0.0350099988 -0.0122999996 0.00164999999
  vertex -0.0405000001 -0.0122999996 0.00565000018
  endloop
 endfacet

 facet normal 0 -1 0
  outer loop
  vertex -0.0534840003 -0.0122999996 0.00652500009
  vertex -0.0405000001 -0.0122999996 0.00565000018
  vertex -0.0532499999 -0.0122999996 0.0074
  endloop
 endfacet

 facet normal 0 -1 0
  outer loop
  vertex -0.0532499999 -0.0122999996 0.0074
  vertex -0.0405000001 -0.0122999996 0.00565000018
  vertex -0.041375 -0.0122999996 0.0058840001
  endloop
 endfacet

 facet normal 0 -1 0
  outer loop
  vertex -0.0532499999 -0.0122999996 0.0074
  vertex -0.041375 -0.0122999996 0.0058840001
  vertex -0.0420159996 -0.0122999996 0.00652500009
  endloop
 endfacet

 facet normal 0 -1 0
  outer loop
  vertex -0.0558749996 -0.0122999996 0.0058840001
  vertex -0.0569900014 -0.0122999996 0.00536399987
  vertex -0.0549999997 -0.0122999996 0.00565000018
  endloop
 endfacet

 facet normal 0 -1 0
  outer loop
  vertex -0.0549999997 -0.0122999996 0.00565000018
  vertex -0.0569900014 -0.0122999996 0.00536399987
  vertex -0.0505019985 -0.0122999996 0.00205900008
  endloop
 endfacet

 facet normal 0 -1 0
  outer loop
  vertex -0.0549999997 -0.0122999996 0.00565000018
  vertex -0.0505019985 -0.0122999996 0.00205900008
  vertex -0.0541249998 -0.0122999996 0.0058840001
  endloop
 endfacet

 facet normal 0 -1 0
  outer loop
  vertex -0.0541249998 -0.0122999996 0.0089159999
  vertex -0.0422499999 -0.0122999996 0.0074
  vertex -0.0549999997 -0.0122999996 0.00915000029
  endloop
 endfacet

 facet normal 0 -1 0
  outer loop
  vertex -0.0549999997 -0.0122999996 0.00915000029
  vertex -0.0422499999 -0.0122999996 0.0074
  vertex -0.0420159996 -0.0122999996 0.00827500038
  endloop
 endfacet

 facet normal 0 -1 0
  outer loop
  vertex -0.0549999997 -0.0122999996 0.00915000029
  vertex -0.0420159996 -0.0122999996 0.00827500038
  vertex -0.0569900014 -0.0122999996 0.0339000002
  endloop
 endfacet

 facet normal 0 -1 0
  outer loop
  vertex -0.0569900014 -0.0122999996 0.0339000002
  vertex -0.0420159996 -0.0122999996 0.00827500038
  vertex -0.041375 -0.0122999996 0.0089159999
  endloop
 endfacet

 facet normal 0 -1 0
  outer loop
  vertex -0.0569900014 -0.0122999996 0.0339000002
  vertex -0.041375 -0.0122999996 0.0089159999
  vertex -0.0565680005 -0.0122999996 0.0362909995
  endloop
 endfacet

 facet normal 0 -1 0
  outer loop
  vertex -0.0565680005 -0.0122999996 0.0362909995
  vertex -0.041375 -0.0122999996 0.0089159999
  vertex -0.0427410007 -0.0122999996 0.0153949996
  endloop
 endfacet

 facet normal 0 -1 0
  outer loop
  vertex -0.0565680005 -0.0122999996 0.0362909995
  vertex -0.0427410007 -0.0122999996 0.0153949996
  vertex -0.0430100001 -0.0122999996 0.0164000001
  endloop
 endfacet

 facet normal 0 -1 0
  outer loop
  vertex -0.0541249998 -0.0122999996 0.0058840001
  vertex -0.0505019985 -0.0122999996 0.00205900008
  vertex -0.0534840003 -0.0122999996 0.00652500009
  endloop
 endfacet

 facet normal 0 -1 0
  outer loop
  vertex -0.0534840003 -0.0122999996 0.00652500009
  vertex -0.0505019985 -0.0122999996 0.00205900008
  vertex -0.049674999 -0.0122999996 0.00175399997
  endloop
 endfacet

 facet normal 0 -1 0
  outer loop
  vertex -0.0534840003 -0.0122999996 0.00652500009
  vertex -0.049674999 -0.0122999996 0.00175399997
  vertex -0.0487999991 -0.0122999996 0.00164999999
  endloop
 endfacet

 facet normal 0 -1 0
  outer loop
  vertex -0.0446450002 -0.0122999996 0.0383929983
  vertex -0.0465050004 -0.0122999996 0.0399539992
  vertex -0.043432001 -0.0122999996 0.0362909995
  endloop
 endfacet

 facet normal 0 -1 0
  outer loop
  vertex -0.043432001 -0.0122999996 0.0362909995
  vertex -0.0465050004 -0.0122999996 0.0399539992
  vertex -0.0487859994 -0.0122999996 0.0407840014
  endloop
 endfacet

 facet normal 0 -1 0
  outer loop
  vertex -0.043432001 -0.0122999996 0.0362909995
  vertex -0.0487859994 -0.0122999996 0.0407840014
  vertex -0.0430100001 -0.0122999996 0.0339000002
  endloop
 endfacet

 facet normal 0 -1 0
  outer loop
  vertex -0.0553550012 -0.0122999996 0.0383929983
  vertex -0.0565680005 -0.0122999996 0.0362909995
  vertex -0.053495001 -0.0122999996 0.0399539992
  endloop
 endfacet

 facet normal 0 -1 0
  outer loop
  vertex -0.053495001 -0.0122999996 0.0399539992
  vertex -0.0565680005 -0.0122999996 0.0362909995
  vertex -0.0430100001 -0.0122999996 0.0339000002
  endloop
 endfacet

 facet normal 0 -1 0
  outer loop
  vertex -0.053495001 -0.0122999996 0.0399539992
  vertex -0.0430100001 -0.0122999996 0.0339000002
  vertex -0.0512139983 -0.0122999996 0.0407840014
  endloop
 endfacet

 facet normal 0 -1 0
  outer loop
  vertex -0.0512139983 -0.0122999996 0.0407840014
  vertex -0.0430100001 -0.0122999996 0.0339000002
  vertex -0.0487859994 -0.0122999996 0.0407840014
  endloop
 endfacet

 facet normal 0 -1 0
  outer loop
  vertex -0.0649999976 0.00270000007 0.0339000002
  vertex -0.0649999976 0.00270000007 0.0252
  vertex -0.0637499988 0.00270000007 0.0252
  endloop
 endfacet

 facet normal 0 -1 0
  outer loop
  vertex -0.0549999997 0.00270000007 0.0339000002
  vertex -0.0545680001 0.00270000007 0.0359340012
  vertex -0.0645830035 0.00270000007 0.0374110006
  endloop
 endfacet

 facet normal 0 -1 0
  outer loop
  vertex -0.0637499988 0.00270000007 0.0252
  vertex -0.0637499988 0.00270000007 0.0220110007
  vertex -0.0607639998 0.00270000007 0.0220500007
  endloop
 endfacet

 facet normal 0 -1 0
  outer loop
  vertex -0.0494769998 0.00270000007 0.0388729982
  vertex -0.0522870012 0.00270000007 0.0487250015
  vertex -0.0515450016 0.00270000007 0.0386550017
  endloop
 endfacet

 facet normal 0 -1 0
  outer loop
  vertex -0.0515450016 0.00270000007 0.0386550017
  vertex -0.0522870012 0.00270000007 0.0487250015
  vertex -0.0556939989 0.00270000007 0.0477770008
  endloop
 endfacet

 facet normal 0 -1 0
  outer loop
  vertex -0.0515450016 0.00270000007 0.0386550017
  vertex -0.0556939989 0.00270000007 0.0477770008
  vertex -0.0533460006 0.00270000007 0.0376159996
  endloop
 endfacet

 facet normal 0 -1 0
  outer loop
  vertex -0.0474999994 0.00270000007 0.0295700002
  vertex -0.0404499993 0.00270000007 0.0236629993
  vertex -0.0459549986 0.00270000007 0.0309609994
  endloop
 endfacet

 facet normal 0 -1 0
  outer loop
  vertex -0.0459549986 0.00270000007 0.0309609994
  vertex -0.0404499993 0.00270000007 0.0236629993
  vertex -0.0384280011 0.00270000007 0.026021
  endloop
 endfacet

 facet normal 0 -1 0
  outer loop
  vertex -0.0459549986 0.00270000007 0.0309609994
  vertex -0.0384280011 0.00270000007 0.026021
  vertex -0.0451090001 0.00270000007 0.0328599997
  endloop
 endfacet

 facet normal 0 -1 0
  outer loop
  vertex -0.0451090001 0.00270000007 0.0328599997
  vertex -0.0384280011 0.00270000007 0.026021
  vertex -0.0304959994 0.00270000007 0.0306000002
  endloop
 endfacet

 facet normal 0 -1 0
  outer loop
  vertex -0.0451090001 0.00270000007 0.0328599997
  vertex -0.0304959994 0.00270000007 0.0306000002
  vertex -0.0451090001 0.00270000007 0.0349400006
  endloop
 endfacet

 facet normal 0 -1 0
  outer loop
  vertex -0.0451090001 0.00270000007 0.0349400006
  vertex -0.0304959994 0.00270000007 0.0306000002
  vertex -0.0371540003 0.00270000007 0.0416439995
  endloop
 endfacet

 facet normal 0 -1 0
  outer loop
  vertex -0.0451090001 0.00270000007 0.0349400006
  vertex -0.0371540003 0.00270000007 0.0416439995
  vertex -0.0459549986 0.00270000007 0.0368390009
  endloop
 endfacet

 facet normal 0 -1 0
  outer loop
  vertex -0.0459549986 0.00270000007 0.0368390009
  vertex -0.0371540003 0.00270000007 0.0416439995
  vertex -0.0393229984 0.00270000007 0.0444360003
  endloop
 endfacet

 facet normal 0 -1 0
  outer loop
  vertex -0.0459549986 0.00270000007 0.0368390009
  vertex -0.0393229984 0.00270000007 0.0444360003
  vertex -0.0474999994 0.00270000007 0.0382299982
  endloop
 endfacet

 facet normal 0 -1 0
  outer loop
  vertex -0.0494769998 0.00270000007 0.0289270002
  vertex -0.0457799993 0.00270000007 0.0205509998
  vertex -0.0474999994 0.00270000007 0.0295700002
  endloop
 endfacet

 facet normal 0 -1 0
  outer loop
  vertex -0.0474999994 0.00270000007 0.0295700002
  vertex -0.0457799993 0.00270000007 0.0205509998
  vertex -0.0429410003 0.00270000007 0.0218100008
  endloop
 endfacet

 facet normal 0 -1 0
  outer loop
  vertex -0.0474999994 0.00270000007 0.0295700002
  vertex -0.0429410003 0.00270000007 0.0218100008
  vertex -0.0404499993 0.00270000007 0.0236629993
  endloop
 endfacet

 facet normal 0 -1 0
  outer loop
  vertex -0.0556939989 0.00270000007 0.0477770008
  vertex -0.058784999 0.00270000007 0.0460590012
  vertex -0.0533460006 0.00270000007 0.0376159996
  endloop
 endfacet

 facet normal 0 -1 0
  outer loop
  vertex -0.0533460006 0.00270000007 0.0376159996
  vertex -0.058784999 0.00270000007 0.0460590012
  vertex -0.0613869987 0.00270000007 0.0436640009
  endloop
 endfacet

 facet normal 0 -1 0
  outer loop
  vertex -0.0533460006 0.00270000007 0.0376159996
  vertex -0.0613869987 0.00270000007 0.0436640009
  vertex -0.0545680001 0.00270000007 0.0359340012
  endloop
 endfacet

 facet normal 0 -1 0
  outer loop
  vertex -0.0545680001 0.00270000007 0.0359340012
  vertex -0.0613869987 0.00270000007 0.0436640009
  vertex -0.0633559972 0.00270000007 0.0407279991
  endloop
 endfacet

 facet normal 0 -1 0
  outer loop
  vertex -0.0545680001 0.00270000007 0.0359340012
  vertex -0.0633559972 0.00270000007 0.0407279991
  vertex -0.0645830035 0.00270000007 0.0374110006
  endloop
 endfacet

 facet normal 0 -1 0
  outer loop
  vertex -0.0393229984 0.00270000007 0.0444360003
  vertex -0.0420860015 0.00270000007 0.0466430001
  vertex -0.0474999994 0.00270000007 0.0382299982
  endloop
 endfacet

 facet normal 0 -1 0
  outer loop
  vertex -0.0474999994 0.00270000007 0.0382299982
  vertex -0.0420860015 0.00270000007 0.0466430001
  vertex -0.0452889986 0.00270000007 0.0481409989
  endloop
 endfacet

 facet normal 0 -1 0
  outer loop
  vertex -0.0474999994 0.00270000007 0.0382299982
  vertex -0.0452889986 0.00270000007 0.0481409989
  vertex -0.0494769998 0.00270000007 0.0388729982
  endloop
 endfacet

 facet normal 0 -1 0
  outer loop
  vertex -0.0494769998 0.00270000007 0.0388729982
  vertex -0.0452889986 0.00270000007 0.0481409989
  vertex -0.0487539992 0.00270000007 0.0488479994
  endloop
 endfacet

 facet normal 0 -1 0
  outer loop
  vertex -0.0494769998 0.00270000007 0.0388729982
  vertex -0.0487539992 0.00270000007 0.0488479994
  vertex -0.0522870012 0.00270000007 0.0487250015
  endloop
 endfacet

 facet normal 0 -1 0
  outer loop
  vertex -0.0515450016 0.00270000007 0.0291450005
  vertex -0.0519319996 0.00270000007 0.0200340003
  vertex -0.0494769998 0.00270000007 0.0289270002
  endloop
 endfacet

 facet normal 0 -1 0
  outer loop
  vertex -0.0494769998 0.00270000007 0.0289270002
  vertex -0.0519319996 0.00270000007 0.0200340003
  vertex -0.048827 0.00270000007 0.0199490003
  endloop
 endfacet

 facet normal 0 -1 0
  outer loop
  vertex -0.0494769998 0.00270000007 0.0289270002
  vertex -0.048827 0.00270000007 0.0199490003
  vertex -0.0457799993 0.00270000007 0.0205509998
  endloop
 endfacet

 facet normal 0 -1 0
  outer loop
  vertex -0.0645830035 0.00270000007 0.0374110006
  vertex -0.0649999976 0.00270000007 0.0339000002
  vertex -0.0549999997 0.00270000007 0.0339000002
  endloop
 endfacet

 facet normal 0 -1 0
  outer loop
  vertex -0.0549999997 0.00270000007 0.0339000002
  vertex -0.0649999976 0.00270000007 0.0339000002
  vertex -0.0637499988 0.00270000007 0.0252
  endloop
 endfacet

 facet normal 0 -1 0
  outer loop
  vertex -0.0549999997 0.00270000007 0.0339000002
  vertex -0.0637499988 0.00270000007 0.0252
  vertex -0.0545680001 0.00270000007 0.0318659991
  endloop
 endfacet

 facet normal 0 -1 0
  outer loop
  vertex -0.0545680001 0.00270000007 0.0318659991
  vertex -0.0637499988 0.00270000007 0.0252
  vertex -0.0607639998 0.00270000007 0.0220500007
  endloop
 endfacet

 facet normal 0 -1 0
  outer loop
  vertex -0.0545680001 0.00270000007 0.0318659991
  vertex -0.0607639998 0.00270000007 0.0220500007
  vertex -0.0533460006 0.00270000007 0.0301840007
  endloop
 endfacet

 facet normal 0 -1 0
  outer loop
  vertex -0.0533460006 0.00270000007 0.0301840007
  vertex -0.0607639998 0.00270000007 0.0220500007
  vertex -0.0578060001 0.00270000007 0.0216429997
  endloop
 endfacet

 facet normal 0 -1 0
  outer loop
  vertex -0.0533460006 0.00270000007 0.0301840007
  vertex -0.0578060001 0.00270000007 0.0216429997
  vertex -0.0515450016 0.00270000007 0.0291450005
  endloop
 endfacet

 facet normal 0 -1 0
  outer loop
  vertex -0.0515450016 0.00270000007 0.0291450005
  vertex -0.0578060001 0.00270000007 0.0216429997
  vertex -0.0549409986 0.00270000007 0.0208010003
  endloop
 endfacet

 facet normal 0 -1 0
  outer loop
  vertex -0.0515450016 0.00270000007 0.0291450005
  vertex -0.0549409986 0.00270000007 0.0208010003
  vertex -0.0519319996 0.00270000007 0.0200340003
  endloop
 endfacet

 facet normal 0 1 0
  outer loop
  vertex -0.0637499988 -0.00430000015 0.0252
  vertex -0.0649999976 -0.00430000015 0.0252
  vertex -0.0649999976 -0.00430000015 0.0339000002
  endloop
 endfacet

 facet normal 0 1 0
  outer loop
  vertex -0.0607639998 -0.00430000015 0.0220500007
  vertex -0.0637499988 -0.00430000015 0.0220110007
  vertex -0.0637499988 -0.00430000015 0.0252
  endloop
 endfacet

 facet normal 0 1 0
  outer loop
  vertex -0.0645830035 -0.00430000015 0.0374110006
  vertex -0.0545680001 -0.00430000015 0.0359340012
  vertex -0.0549999997 -0.00430000015 0.0339000002
  endloop
 endfacet

 facet normal 0 1 0
  outer loop
  vertex -0.0533460006 -0.00430000015 0.0301840007
  vertex -0.0515450016 -0.00430000015 0.0291450005
  vertex -0.0549409986 -0.00430000015 0.0208010003
  endloop
 endfacet

 facet normal 0 1 0
  outer loop
  vertex -0.0549409986 -0.00430000015 0.0208010003
  vertex -0.0515450016 -0.00430000015 0.0291450005
  vertex -0.0519319996 -0.00430000015 0.0200340003
  endloop
 endfacet

 facet normal 0 1 0
  outer loop
  vertex -0.0519319996 -0.00430000015 0.0200340003
  vertex -0.0515450016 -0.00430000015 0.0291450005
  vertex -0.0494769998 -0.00430000015 0.0289270002
  endloop
 endfacet

 facet normal 0 1 0
  outer loop
  vertex -0.0519319996 -0.00430000015 0.0200340003
  vertex -0.0494769998 -0.00430000015 0.0289270002
  vertex -0.048827 -0.00430000015 0.0199490003
  endloop
 endfacet

 facet normal 0 1 0
  outer loop
  vertex -0.0549409986 -0.00430000015 0.0208010003
  vertex -0.0578060001 -0.00430000015 0.0216429997
  vertex -0.0533460006 -0.00430000015 0.0301840007
  endloop
 endfacet

 facet normal 0 1 0
  outer loop
  vertex -0.0533460006 -0.00430000015 0.0301840007
  vertex -0.0578060001 -0.00430000015 0.0216429997
  vertex -0.0607639998 -0.00430000015 0.0220500007
  endloop
 endfacet

 facet normal 0 1 0
  outer loop
  vertex -0.0533460006 -0.00430000015 0.0301840007
  vertex -0.0607639998 -0.00430000015 0.0220500007
  vertex -0.0545680001 -0.00430000015 0.0318659991
  endloop
 endfacet

 facet normal 0 1 0
  outer loop
  vertex -0.0545680001 -0.00430000015 0.0318659991
  vertex -0.0607639998 -0.00430000015 0.0220500007
  vertex -0.0637499988 -0.00430000015 0.0252
  endloop
 endfacet

 facet normal 0 1 0
  outer loop
  vertex -0.0545680001 -0.00430000015 0.0318659991
  vertex -0.0637499988 -0.00430000015 0.0252
  vertex -0.0549999997 -0.00430000015 0.0339000002
  endloop
 endfacet

 facet normal 0 1 0
  outer loop
  vertex -0.0549999997 -0.00430000015 0.0339000002
  vertex -0.0637499988 -0.00430000015 0.0252
  vertex -0.0649999976 -0.00430000015 0.0339000002
  endloop
 endfacet

 facet normal 0 1 0
  outer loop
  vertex -0.0549999997 -0.00430000015 0.0339000002
  vertex -0.0649999976 -0.00430000015 0.0339000002
  vertex -0.0645830035 -0.00430000015 0.0374110006
  endloop
 endfacet

 facet normal 0 1 0
  outer loop
  vertex -0.048827 -0.00430000015 0.0199490003
  vertex -0.0494769998 -0.00430000015 0.0289270002
  vertex -0.0457799993 -0.00430000015 0.0205509998
  endloop
 endfacet

 facet normal 0 1 0
  outer loop
  vertex -0.0457799993 -0.00430000015 0.0205509998
  vertex -0.0494769998 -0.00430000015 0.0289270002
  vertex -0.0474999994 -0.00430000015 0.0295700002
  endloop
 endfacet

 facet normal 0 1 0
  outer loop
  vertex -0.0457799993 -0.00430000015 0.0205509998
  vertex -0.0474999994 -0.00430000015 0.0295700002
  vertex -0.0429410003 -0.00430000015 0.0218100008
  endloop
 endfacet

 facet normal 0 1 0
  outer loop
  vertex -0.0371540003 -0.00430000015 0.0416439995
  vertex -0.0459549986 -0.00430000015 0.0368390009
  vertex -0.0393229984 -0.00430000015 0.0444360003
  endloop
 endfacet

 facet normal 0 1 0
  outer loop
  vertex -0.0393229984 -0.00430000015 0.0444360003
  vertex -0.0459549986 -0.00430000015 0.0368390009
  vertex -0.0474999994 -0.00430000015 0.0382299982
  endloop
 endfacet

 facet normal 0 1 0
  outer loop
  vertex -0.0494769998 -0.00430000015 0.0388729982
  vertex -0.0452889986 -0.00430000015 0.0481409989
  vertex -0.0474999994 -0.00430000015 0.0382299982
  endloop
 endfacet

 facet normal 0 1 0
  outer loop
  vertex -0.0474999994 -0.00430000015 0.0382299982
  vertex -0.0452889986 -0.00430000015 0.0481409989
  vertex -0.0420860015 -0.00430000015 0.0466430001
  endloop
 endfacet

 facet normal 0 1 0
  outer loop
  vertex -0.0474999994 -0.00430000015 0.0382299982
  vertex -0.0420860015 -0.00430000015 0.0466430001
  vertex -0.0393229984 -0.00430000015 0.0444360003
  endloop
 endfacet

 facet normal 0 1 0
  outer loop
  vertex -0.0645830035 -0.00430000015 0.0374110006
  vertex -0.0633559972 -0.00430000015 0.0407279991
  vertex -0.0545680001 -0.00430000015 0.0359340012
  endloop
 endfacet

 facet normal 0 1 0
  outer loop
  vertex -0.0545680001 -0.00430000015 0.0359340012
  vertex -0.0633559972 -0.00430000015 0.0407279991
  vertex -0.0613869987 -0.00430000015 0.0436640009
  endloop
 endfacet

 facet normal 0 1 0
  outer loop
  vertex -0.0545680001 -0.00430000015 0.0359340012
  vertex -0.0613869987 -0.00430000015 0.0436640009
  vertex -0.0533460006 -0.00430000015 0.0376159996
  endloop
 endfacet

 facet normal 0 1 0
  outer loop
  vertex -0.0533460006 -0.00430000015 0.0376159996
  vertex -0.0613869987 -0.00430000015 0.0436640009
  vertex -0.058784999 -0.00430000015 0.0460590012
  endloop
 endfacet

 facet normal 0 1 0
  outer loop
  vertex -0.0533460006 -0.00430000015 0.0376159996
  vertex -0.058784999 -0.00430000015 0.0460590012
  vertex -0.0515450016 -0.00430000015 0.0386550017
  endloop
 endfacet

 facet normal 0 1 0
  outer loop
  vertex -0.0429410003 -0.00430000015 0.0218100008
  vertex -0.0474999994 -0.00430000015 0.0295700002
  vertex -0.0404499993 -0.00430000015 0.0236629993
  endloop
 endfacet

 facet normal 0 1 0
  outer loop
  vertex -0.0404499993 -0.00430000015 0.0236629993
  vertex -0.0474999994 -0.00430000015 0.0295700002
  vertex -0.0459549986 -0.00430000015 0.0309609994
  endloop
 endfacet

 facet normal 0 1 0
  outer loop
  vertex -0.0404499993 -0.00430000015 0.0236629993
  vertex -0.0459549986 -0.00430000015 0.0309609994
  vertex -0.0384280011 -0.00430000015 0.026021
  endloop
 endfacet

 facet normal 0 1 0
  outer loop
  vertex -0.058784999 -0.00430000015 0.0460590012
  vertex -0.0556939989 -0.00430000015 0.0477770008
  vertex -0.0515450016 -0.00430000015 0.0386550017
  endloop
 endfacet

 facet normal 0 1 0
  outer loop
  vertex -0.0515450016 -0.00430000015 0.0386550017
  vertex -0.0556939989 -0.00430000015 0.0477770008
  vertex -0.0522870012 -0.00430000015 0.0487250015
  endloop
 endfacet

 facet normal 0 1 0
  outer loop
  vertex -0.0515450016 -0.00430000015 0.0386550017
  vertex -0.0522870012 -0.00430000015 0.0487250015
  vertex -0.0494769998 -0.00430000015 0.0388729982
  endloop
 endfacet

 facet normal 0 1 0
  outer loop
  vertex -0.0494769998 -0.00430000015 0.0388729982
  vertex -0.0522870012 -0.00430000015 0.0487250015
  vertex -0.0487539992 -0.00430000015 0.0488479994
  endloop
 endfacet

 facet normal 0 1 0
  outer loop
  vertex -0.0494769998 -0.00430000015 0.0388729982
  vertex -0.0487539992 -0.00430000015 0.0488479994
  vertex -0.0452889986 -0.00430000015 0.0481409989
  endloop
 endfacet

 facet normal 0 1 0
  outer loop
  vertex -0.0384280011 -0.00430000015 0.026021
  vertex -0.0459549986 -0.00430000015 0.0309609994
  vertex -0.0304959994 -0.00430000015 0.0306000002
  endloop
 endfacet

 facet normal 0 1 0
  outer loop
  vertex -0.0304959994 -0.00430000015 0.0306000002
  vertex -0.0459549986 -0.00430000015 0.0309609994
  vertex -0.0451090001 -0.00430000015 0.0328599997
  endloop
 endfacet

 facet normal 0 1 0
  outer loop
  vertex -0.0304959994 -0.00430000015 0.0306000002
  vertex -0.0451090001 -0.00430000015 0.0328599997
  vertex -0.0371540003 -0.00430000015 0.0416439995
  endloop
 endfacet

 facet normal 0 1 0
  outer loop
  vertex -0.0371540003 -0.00430000015 0.0416439995
  vertex -0.0451090001 -0.00430000015 0.0328599997
  vertex -0.0451090001 -0.00430000015 0.0349400006
  endloop
 endfacet

 facet normal 0 1 0
  outer loop
  vertex -0.0371540003 -0.00430000015 0.0416439995
  vertex -0.0451090001 -0.00430000015 0.0349400006
  vertex -0.0459549986 -0.00430000015 0.0368390009
  endloop
 endfacet

 facet normal -0.996251404 0 0.0865044668
  outer loop
  vertex -0.0649999976 -0.0110499999 0.0339000002
  vertex -0.0647749975 -0.0110499999 0.0364859998
  vertex -0.0649999976 -0.00430000015 0.0339000002
  endloop
 endfacet

 facet normal -0.992952406 0.0120994207 0.117894344
  outer loop
  vertex -0.0649999976 -0.00430000015 0.0339000002
  vertex -0.0647749975 -0.0110499999 0.0364859998
  vertex -0.0645830035 -0.00430000015 0.0374110006
  endloop
 endfacet

 facet normal -0.907593966 -0.00659995573 0.419797212
  outer loop
  vertex -0.0633160025 -0.0110499999 0.0407090001
  vertex -0.0633559972 -0.00430000015 0.0407279991
  vertex -0.0641079992 -0.0110499999 0.0389950015
  endloop
 endfacet

 facet normal -0.937734008 0.0154005596 0.347012609
  outer loop
  vertex -0.0641079992 -0.0110499999 0.0389950015
  vertex -0.0633559972 -0.00430000015 0.0407279991
  vertex -0.0645830035 -0.00430000015 0.0374110006
  endloop
 endfacet

 facet normal -0.966381967 -0.00769985653 0.256995201
  outer loop
  vertex -0.0641079992 -0.0110499999 0.0389950015
  vertex -0.0645830035 -0.00430000015 0.0374110006
  vertex -0.0645330027 -0.0110499999 0.0373979993
  endloop
 endfacet

 facet normal -0.966381967 -0.00769985653 0.256995201
  outer loop
  vertex -0.0645330027 -0.0110499999 0.0373979993
  vertex -0.0645830035 -0.00430000015 0.0374110006
  vertex -0.0647749975 -0.0110499999 0.0364859998
  endloop
 endfacet

 facet normal -0.907593966 -0.00659995573 0.419797212
  outer loop
  vertex -0.0633160025 -0.0110499999 0.0407090001
  vertex -0.063019 -0.0110499999 0.0413510017
  vertex -0.0633559972 -0.00430000015 0.0407279991
  endloop
 endfacet

 facet normal -0.821621835 0.0116003072 0.569915056
  outer loop
  vertex -0.0633559972 -0.00430000015 0.0407279991
  vertex -0.063019 -0.0110499999 0.0413510017
  vertex -0.0615390018 -0.0110499999 0.0434839986
  endloop
 endfacet

 facet normal -0.830548525 0.00390022807 0.556932628
  outer loop
  vertex -0.0633559972 -0.00430000015 0.0407279991
  vertex -0.0615390018 -0.0110499999 0.0434839986
  vertex -0.0613869987 -0.00430000015 0.0436640009
  endloop
 endfacet

 facet normal -0.711092591 -0.00279997103 0.703092754
  outer loop
  vertex -0.0615390018 -0.0110499999 0.0434839986
  vertex -0.0613729991 -0.0110499999 0.0436509997
  vertex -0.0613869987 -0.00430000015 0.0436640009
  endloop
 endfacet

 facet normal -0.711092591 -0.00279997103 0.703092754
  outer loop
  vertex -0.0613869987 -0.00430000015 0.0436640009
  vertex -0.0613729991 -0.0110499999 0.0436509997
  vertex -0.0597140007 -0.0110499999 0.0453299992
  endloop
 endfacet

 facet normal -0.677026689 0.0138005447 0.735829055
  outer loop
  vertex -0.0613869987 -0.00430000015 0.0436640009
  vertex -0.0597140007 -0.0110499999 0.0453299992
  vertex -0.058784999 -0.00430000015 0.0460590012
  endloop
 endfacet

 facet normal -0.430005848 -0.00500006787 0.902812302
  outer loop
  vertex -0.0556799993 -0.0110499999 0.0477470011
  vertex -0.0556939989 -0.00430000015 0.0477770008
  vertex -0.0575979985 -0.0110499999 0.0468330011
  endloop
 endfacet

 facet normal -0.485971004 0.0148991123 0.873847902
  outer loop
  vertex -0.0575979985 -0.0110499999 0.0468330011
  vertex -0.0556939989 -0.00430000015 0.0477770008
  vertex -0.058784999 -0.00430000015 0.0460590012
  endloop
 endfacet

 facet normal -0.579220414 -0.00830029231 0.815128684
  outer loop
  vertex -0.0575979985 -0.0110499999 0.0468330011
  vertex -0.058784999 -0.00430000015 0.0460590012
  vertex -0.0587520003 -0.0110499999 0.0460130014
  endloop
 endfacet

 facet normal -0.579220414 -0.00830029231 0.815128684
  outer loop
  vertex -0.0587520003 -0.0110499999 0.0460130014
  vertex -0.058784999 -0.00430000015 0.0460590012
  vertex -0.0597140007 -0.0110499999 0.0453299992
  endloop
 endfacet

 facet normal -0.430005848 -0.00500006787 0.902812302
  outer loop
  vertex -0.0556799993 -0.0110499999 0.0477470011
  vertex -0.0552540012 -0.0110499999 0.0479499996
  vertex -0.0556939989 -0.00430000015 0.0477770008
  endloop
 endfacet

 facet normal -0.267905086 0.00720013678 0.963418365
  outer loop
  vertex -0.0556939989 -0.00430000015 0.0477770008
  vertex -0.0552540012 -0.0110499999 0.0479499996
  vertex -0.0527530015 -0.0110499999 0.0486450009
  endloop
 endfacet

 facet normal -0.267905086 0.00720013678 0.963418365
  outer loop
  vertex -0.0556939989 -0.00430000015 0.0477770008
  vertex -0.0527530015 -0.0110499999 0.0486450009
  vertex -0.0522870012 -0.00430000015 0.0487250015
  endloop
 endfacet

 facet normal -0.0977993682 -0.00499996776 0.995193601
  outer loop
  vertex -0.0527530015 -0.0110499999 0.0486450009
  vertex -0.0522839986 -0.0110499999 0.0486910008
  vertex -0.0522870012 -0.00430000015 0.0487250015
  endloop
 endfacet

 facet normal -0.0977993682 -0.00499996776 0.995193601
  outer loop
  vertex -0.0522870012 -0.00430000015 0.0487250015
  vertex -0.0522839986 -0.0110499999 0.0486910008
  vertex -0.0501700006 -0.0110499999 0.0488989986
  endloop
 endfacet

 facet normal -0.0348992907 0.0148996981 0.999279737
  outer loop
  vertex -0.0522870012 -0.00430000015 0.0487250015
  vertex -0.0501700006 -0.0110499999 0.0488989986
  vertex -0.0487539992 -0.00430000015 0.0488479994
  endloop
 endfacet

 facet normal 0.245991856 -0.002799907 0.969267845
  outer loop
  vertex -0.0452940017 -0.0110499999 0.0481229983
  vertex -0.0452889986 -0.00430000015 0.0481409989
  vertex -0.0475809984 -0.0110499999 0.0487039983
  endloop
 endfacet

 facet normal 0.19999975 0.0137999821 0.979698718
  outer loop
  vertex -0.0475809984 -0.0110499999 0.0487039983
  vertex -0.0452889986 -0.00430000015 0.0481409989
  vertex -0.0487539992 -0.00430000015 0.0488479994
  endloop
 endfacet

 facet normal 0.0752025396 -0.0083002802 0.997133672
  outer loop
  vertex -0.0475809984 -0.0110499999 0.0487039983
  vertex -0.0487539992 -0.00430000015 0.0488479994
  vertex -0.0487580001 -0.0110499999 0.0487920009
  endloop
 endfacet

 facet normal 0.0752025396 -0.0083002802 0.997133672
  outer loop
  vertex -0.0487580001 -0.0110499999 0.0487920009
  vertex -0.0487539992 -0.00430000015 0.0488479994
  vertex -0.0501700006 -0.0110499999 0.0488989986
  endloop
 endfacet

 facet normal 0.246085778 -0.00279983832 0.969244003
  outer loop
  vertex -0.0452940017 -0.0110499999 0.0481229983
  vertex -0.0450650007 -0.0110499999 0.0480649993
  vertex -0.0452889986 -0.00430000015 0.0481409989
  endloop
 endfacet

 facet normal 0.409501553 0.00330001255 0.912303388
  outer loop
  vertex -0.0452889986 -0.00430000015 0.0481409989
  vertex -0.0450650007 -0.0110499999 0.0480649993
  vertex -0.0426970012 -0.0110499999 0.0470019989
  endloop
 endfacet

 facet normal 0.423800647 0.00990001485 0.905701458
  outer loop
  vertex -0.0452889986 -0.00430000015 0.0481409989
  vertex -0.0426970012 -0.0110499999 0.0470019989
  vertex -0.0420860015 -0.00430000015 0.0466430001
  endloop
 endfacet

 facet normal 0.560581565 -0.00659978343 0.828072906
  outer loop
  vertex -0.0426970012 -0.0110499999 0.0470019989
  vertex -0.0421109982 -0.0110499999 0.0466060005
  vertex -0.0420860015 -0.00430000015 0.0466430001
  endloop
 endfacet

 facet normal 0.560581565 -0.00659978343 0.828072906
  outer loop
  vertex -0.0420860015 -0.00430000015 0.0466430001
  vertex -0.0421109982 -0.0110499999 0.0466060005
  vertex -0.0405469984 -0.0110499999 0.0455470011
  endloop
 endfacet

 facet normal 0.623986661 0.0153996712 0.781283319
  outer loop
  vertex -0.0420860015 -0.00430000015 0.0466430001
  vertex -0.0405469984 -0.0110499999 0.0455470011
  vertex -0.0393229984 -0.00430000015 0.0444360003
  endloop
 endfacet

 facet normal 0.808580458 0 0.588385761
  outer loop
  vertex -0.0371540003 -0.0110499999 0.0416439995
  vertex -0.0371540003 -0.00430000015 0.0416439995
  vertex -0.0386810005 -0.0110499999 0.0437429994
  endloop
 endfacet

 facet normal 0.789552808 0.0120992754 0.613563299
  outer loop
  vertex -0.0386810005 -0.0110499999 0.0437429994
  vertex -0.0371540003 -0.00430000015 0.0416439995
  vertex -0.0393229984 -0.00430000015 0.0444360003
  endloop
 endfacet

 facet normal 0.694984257 -0.00769982534 0.71898371
  outer loop
  vertex -0.0386810005 -0.0110499999 0.0437429994
  vertex -0.0393229984 -0.00430000015 0.0444360003
  vertex -0.0393589996 -0.0110499999 0.0443990007
  endloop
 endfacet

 facet normal 0.694984257 -0.00769982534 0.71898371
  outer loop
  vertex -0.0393589996 -0.0110499999 0.0443990007
  vertex -0.0393229984 -0.00430000015 0.0444360003
  vertex -0.0405469984 -0.0110499999 0.0455470011
  endloop
 endfacet

 facet normal 0 1 0
  outer loop
  vertex 0 0.0122999996 0
  vertex -0.0350000001 0.0122999996 0
  vertex -0 0.0122999996 0.0248000007
  endloop
 endfacet

 facet normal 0 1 0
  outer loop
  vertex -0 0.0122999996 0.0248000007
  vertex -0.0350000001 0.0122999996 0
  vertex -0.0350000001 0.0122999996 0.00164999999
  endloop
 endfacet

 facet normal 0 1 0
  outer loop
  vertex -0 0.0122999996 0.0248000007
  vertex -0.0350000001 0.0122999996 0.00164999999
  vertex -0.0284599997 0.0122999996 0.0248000007
  endloop
 endfacet

 facet normal 0 1 0
  outer loop
  vertex -0.0284599997 0.0122999996 0.0248000007
  vertex -0.0350000001 0.0122999996 0.00164999999
  vertex -0.0487999991 0.0122999996 0.00164999999
  endloop
 endfacet

 facet normal 0 1 0
  outer loop
  vertex -0.0487999991 0.0122999996 0.00164999999
  vertex -0.049674999 0.0122999996 0.00175399997
  vertex -0.0284599997 0.0122999996 0.0248000007
  endloop
 endfacet

 facet normal 0 1 0
  outer loop
  vertex -0.0284599997 0.0122999996 0.0248000007
  vertex -0.049674999 0.0122999996 0.00175399997
  vertex -0.0505019985 0.0122999996 0.00205900008
  endloop
 endfacet

 facet normal 0 1 0
  outer loop
  vertex -0.0284599997 0.0122999996 0.0248000007
  vertex -0.0505019985 0.0122999996 0.00205900008
  vertex -0.0627939999 0.0122999996 0.00832199957
  endloop
 endfacet

 facet normal 0 1 0
  outer loop
  vertex -0.0637499988 0.0122999996 0.00988100003
  vertex -0.0637499988 0.0122999996 0.0102000004
  vertex -0.0284599997 0.0122999996 0.0248000007
  endloop
 endfacet

 facet normal 0 1 0
  outer loop
  vertex -0.0284599997 0.0122999996 0.0248000007
  vertex -0.0637499988 0.0122999996 0.0102000004
  vertex -0.0637499988 0.0122999996 0.01021
  endloop
 endfacet

 facet normal 0 1 0
  outer loop
  vertex -0.0637499988 0.0122999996 0.0252
  vertex -0.0637499988 0.0122999996 0.0339000002
  vertex -0.0635439977 0.0122999996 0.0362709984
  endloop
 endfacet

 facet normal 0 1 0
  outer loop
  vertex -0.0637499988 0.0122999996 0.01021
  vertex -0.0637499988 0.0122999996 0.0251899995
  vertex -0.0284599997 0.0122999996 0.0248000007
  endloop
 endfacet

 facet normal 0 1 0
  outer loop
  vertex -0.0284599997 0.0122999996 0.0248000007
  vertex -0.0637499988 0.0122999996 0.0251899995
  vertex -0.0637499988 0.0122999996 0.0252
  endloop
 endfacet

 facet normal 0 1 0
  outer loop
  vertex -0.0284599997 0.0122999996 0.0248000007
  vertex -0.0637499988 0.0122999996 0.0252
  vertex -0.0382240005 0.0122999996 0.040998999
  endloop
 endfacet

 facet normal 0 1 0
  outer loop
  vertex -0.0627939999 0.0122999996 0.00832199957
  vertex -0.063300997 0.0122999996 0.00870999973
  vertex -0.0284599997 0.0122999996 0.0248000007
  endloop
 endfacet

 facet normal 0 1 0
  outer loop
  vertex -0.0284599997 0.0122999996 0.0248000007
  vertex -0.063300997 0.0122999996 0.00870999973
  vertex -0.0636340007 0.0122999996 0.00925400015
  endloop
 endfacet

 facet normal 0 1 0
  outer loop
  vertex -0.0284599997 0.0122999996 0.0248000007
  vertex -0.0636340007 0.0122999996 0.00925400015
  vertex -0.0637499988 0.0122999996 0.00988100003
  endloop
 endfacet

 facet normal 0 1 0
  outer loop
  vertex -0.0454769991 0.0122999996 0.0468849987
  vertex -0.0433060005 0.0122999996 0.0459100008
  vertex -0.0637499988 0.0122999996 0.0252
  endloop
 endfacet

 facet normal 0 1 0
  outer loop
  vertex -0.0454769991 0.0122999996 0.0468849987
  vertex -0.0637499988 0.0122999996 0.0252
  vertex -0.0477829985 0.0122999996 0.0474699996
  endloop
 endfacet

 facet normal 0 1 0
  outer loop
  vertex -0.0477829985 0.0122999996 0.0474699996
  vertex -0.0637499988 0.0122999996 0.0252
  vertex -0.0635439977 0.0122999996 0.0362709984
  endloop
 endfacet

 facet normal 0 1 0
  outer loop
  vertex -0.0477829985 0.0122999996 0.0474699996
  vertex -0.0635439977 0.0122999996 0.0362709984
  vertex -0.0629329979 0.0122999996 0.0385700017
  endloop
 endfacet

 facet normal 0 1 0
  outer loop
  vertex -0.0433060005 0.0122999996 0.0459100008
  vertex -0.0413350016 0.0122999996 0.0445760004
  vertex -0.0637499988 0.0122999996 0.0252
  endloop
 endfacet

 facet normal 0 1 0
  outer loop
  vertex -0.0637499988 0.0122999996 0.0252
  vertex -0.0413350016 0.0122999996 0.0445760004
  vertex -0.0396240018 0.0122999996 0.0429229997
  endloop
 endfacet

 facet normal 0 1 0
  outer loop
  vertex -0.0637499988 0.0122999996 0.0252
  vertex -0.0396240018 0.0122999996 0.0429229997
  vertex -0.0382240005 0.0122999996 0.040998999
  endloop
 endfacet

 facet normal 0 1 0
  outer loop
  vertex -0.0589039996 0.0122999996 0.0443769991
  vertex -0.0569650009 0.0122999996 0.045756001
  vertex -0.0605770014 0.0122999996 0.0426849984
  endloop
 endfacet

 facet normal 0 1 0
  outer loop
  vertex -0.0605770014 0.0122999996 0.0426849984
  vertex -0.0569650009 0.0122999996 0.045756001
  vertex -0.0548160002 0.0122999996 0.0467789993
  endloop
 endfacet

 facet normal 0 1 0
  outer loop
  vertex -0.0605770014 0.0122999996 0.0426849984
  vertex -0.0548160002 0.0122999996 0.0467789993
  vertex -0.0525240004 0.0122999996 0.0474160016
  endloop
 endfacet

 facet normal 0 1 0
  outer loop
  vertex -0.0629329979 0.0122999996 0.0385700017
  vertex -0.0619340017 0.0122999996 0.0407299995
  vertex -0.0477829985 0.0122999996 0.0474699996
  endloop
 endfacet

 facet normal 0 1 0
  outer loop
  vertex -0.0477829985 0.0122999996 0.0474699996
  vertex -0.0619340017 0.0122999996 0.0407299995
  vertex -0.0605770014 0.0122999996 0.0426849984
  endloop
 endfacet

 facet normal 0 1 0
  outer loop
  vertex -0.0477829985 0.0122999996 0.0474699996
  vertex -0.0605770014 0.0122999996 0.0426849984
  vertex -0.050156001 0.0122999996 0.0476489998
  endloop
 endfacet

 facet normal 0 1 0
  outer loop
  vertex -0.050156001 0.0122999996 0.0476489998
  vertex -0.0605770014 0.0122999996 0.0426849984
  vertex -0.0525240004 0.0122999996 0.0474160016
  endloop
 endfacet

 facet normal 0 -1 0
  outer loop
  vertex -0.0410000011 -0.0122999996 0.0143999998
  vertex -0.0350000001 -0.0122999996 0.0143999998
  vertex -0.0284599997 -0.0122999996 0.0248000007
  endloop
 endfacet

 facet normal 0 -1 0
  outer loop
  vertex -0 -0.0122999996 0.0248000007
  vertex -0.0284599997 -0.0122999996 0.0248000007
  vertex 0 -0.0122999996 0
  endloop
 endfacet

 facet normal 0 -1 0
  outer loop
  vertex 0 -0.0122999996 0
  vertex -0.0284599997 -0.0122999996 0.0248000007
  vertex -0.0350000001 -0.0122999996 0.0143999998
  endloop
 endfacet

 facet normal 0 -1 0
  outer loop
  vertex 0 -0.0122999996 0
  vertex -0.0350000001 -0.0122999996 0.0143999998
  vertex -0.0350000001 -0.0122999996 0
  endloop
 endfacet

 facet normal 0 -1 0
  outer loop
  vertex -0.0637499988 -0.0122999996 0.0339000002
  vertex -0.057 -0.0122999996 0.0339000002
  vertex -0.0635439977 -0.0122999996 0.0362709984
  endloop
 endfacet

 facet normal 0 -1 0
  outer loop
  vertex -0.0635439977 -0.0122999996 0.0362709984
  vertex -0.057 -0.0122999996 0.0339000002
  vertex -0.0565779991 -0.0122999996 0.0362939984
  endloop
 endfacet

 facet normal 0 -1 0
  outer loop
  vertex -0.0637499988 -0.0122999996 0.0339000002
  vertex -0.0637499988 -0.0122999996 0.0252
  vertex -0.057 -0.0122999996 0.0339000002
  endloop
 endfacet

 facet normal 0 -1 0
  outer loop
  vertex -0.057 -0.0122999996 0.0339000002
  vertex -0.0637499988 -0.0122999996 0.0252
  vertex -0.0637499988 -0.0122999996 0.0251899995
  endloop
 endfacet

 facet normal 0 -1 0
  outer loop
  vertex -0.057 -0.0122999996 0.0339000002
  vertex -0.0637499988 -0.0122999996 0.0251899995
  vertex -0.057 -0.0122999996 0.00536999991
  endloop
 endfacet

 facet normal 0 -1 0
  outer loop
  vertex -0.0413350016 -0.0122999996 0.0445760004
  vertex -0.0465000011 -0.0122999996 0.0399620011
  vertex -0.0446380004 -0.0122999996 0.0384000018
  endloop
 endfacet

 facet normal 0 -1 0
  outer loop
  vertex -0.0548160002 -0.0122999996 0.0467789993
  vertex -0.0535000004 -0.0122999996 0.0399620011
  vertex -0.0512159988 -0.0122999996 0.040794
  endloop
 endfacet

 facet normal 0 -1 0
  outer loop
  vertex -0.0487839989 -0.0122999996 0.040794
  vertex -0.050156001 -0.0122999996 0.0476489998
  vertex -0.0512159988 -0.0122999996 0.040794
  endloop
 endfacet

 facet normal 0 -1 0
  outer loop
  vertex -0.0512159988 -0.0122999996 0.040794
  vertex -0.050156001 -0.0122999996 0.0476489998
  vertex -0.0525240004 -0.0122999996 0.0474160016
  endloop
 endfacet

 facet normal 0 -1 0
  outer loop
  vertex -0.0512159988 -0.0122999996 0.040794
  vertex -0.0525240004 -0.0122999996 0.0474160016
  vertex -0.0548160002 -0.0122999996 0.0467789993
  endloop
 endfacet

 facet normal 0 -1 0
  outer loop
  vertex -0.0413350016 -0.0122999996 0.0445760004
  vertex -0.0433060005 -0.0122999996 0.0459100008
  vertex -0.0465000011 -0.0122999996 0.0399620011
  endloop
 endfacet

 facet normal 0 -1 0
  outer loop
  vertex -0.0465000011 -0.0122999996 0.0399620011
  vertex -0.0433060005 -0.0122999996 0.0459100008
  vertex -0.0454769991 -0.0122999996 0.0468849987
  endloop
 endfacet

 facet normal 0 -1 0
  outer loop
  vertex -0.0465000011 -0.0122999996 0.0399620011
  vertex -0.0454769991 -0.0122999996 0.0468849987
  vertex -0.0487839989 -0.0122999996 0.040794
  endloop
 endfacet

 facet normal 0 -1 0
  outer loop
  vertex -0.0487839989 -0.0122999996 0.040794
  vertex -0.0454769991 -0.0122999996 0.0468849987
  vertex -0.0477829985 -0.0122999996 0.0474699996
  endloop
 endfacet

 facet normal 0 -1 0
  outer loop
  vertex -0.0487839989 -0.0122999996 0.040794
  vertex -0.0477829985 -0.0122999996 0.0474699996
  vertex -0.050156001 -0.0122999996 0.0476489998
  endloop
 endfacet

 facet normal 0 -1 0
  outer loop
  vertex -0.0427320004 -0.0122999996 0.0153999999
  vertex -0.0419999994 -0.0122999996 0.0146679999
  vertex -0.0430000015 -0.0122999996 0.0164000001
  endloop
 endfacet

 facet normal 0 -1 0
  outer loop
  vertex -0.0430000015 -0.0122999996 0.0164000001
  vertex -0.0419999994 -0.0122999996 0.0146679999
  vertex -0.0410000011 -0.0122999996 0.0143999998
  endloop
 endfacet

 facet normal 0 -1 0
  outer loop
  vertex -0.0430000015 -0.0122999996 0.0164000001
  vertex -0.0410000011 -0.0122999996 0.0143999998
  vertex -0.0430000015 -0.0122999996 0.0339000002
  endloop
 endfacet

 facet normal 0 -1 0
  outer loop
  vertex -0.0430000015 -0.0122999996 0.0339000002
  vertex -0.0410000011 -0.0122999996 0.0143999998
  vertex -0.0284599997 -0.0122999996 0.0248000007
  endloop
 endfacet

 facet normal 0 -1 0
  outer loop
  vertex -0.0430000015 -0.0122999996 0.0339000002
  vertex -0.0284599997 -0.0122999996 0.0248000007
  vertex -0.0434219986 -0.0122999996 0.0362939984
  endloop
 endfacet

 facet normal 0 -1 0
  outer loop
  vertex -0.0434219986 -0.0122999996 0.0362939984
  vertex -0.0284599997 -0.0122999996 0.0248000007
  vertex -0.0382240005 -0.0122999996 0.040998999
  endloop
 endfacet

 facet normal 0 -1 0
  outer loop
  vertex -0.0434219986 -0.0122999996 0.0362939984
  vertex -0.0382240005 -0.0122999996 0.040998999
  vertex -0.0446380004 -0.0122999996 0.0384000018
  endloop
 endfacet

 facet normal 0 -1 0
  outer loop
  vertex -0.0446380004 -0.0122999996 0.0384000018
  vertex -0.0382240005 -0.0122999996 0.040998999
  vertex -0.0396240018 -0.0122999996 0.0429229997
  endloop
 endfacet

 facet normal 0 -1 0
  outer loop
  vertex -0.0446380004 -0.0122999996 0.0384000018
  vertex -0.0396240018 -0.0122999996 0.0429229997
  vertex -0.0413350016 -0.0122999996 0.0445760004
  endloop
 endfacet

 facet normal 0 -1 0
  outer loop
  vertex -0.0637499988 -0.0122999996 0.00988100003
  vertex -0.0636340007 -0.0122999996 0.00925400015
  vertex -0.0637499988 -0.0122999996 0.0102000004
  endloop
 endfacet

 facet normal 0 -1 0
  outer loop
  vertex -0.0637499988 -0.0122999996 0.0102000004
  vertex -0.0636340007 -0.0122999996 0.00925400015
  vertex -0.063300997 -0.0122999996 0.00870999973
  endloop
 endfacet

 facet normal 0 -1 0
  outer loop
  vertex -0.0553620011 -0.0122999996 0.0384000018
  vertex -0.0619340017 -0.0122999996 0.0407299995
  vertex -0.0565779991 -0.0122999996 0.0362939984
  endloop
 endfacet

 facet normal 0 -1 0
  outer loop
  vertex -0.0565779991 -0.0122999996 0.0362939984
  vertex -0.0619340017 -0.0122999996 0.0407299995
  vertex -0.0629329979 -0.0122999996 0.0385700017
  endloop
 endfacet

 facet normal 0 -1 0
  outer loop
  vertex -0.0565779991 -0.0122999996 0.0362939984
  vertex -0.0629329979 -0.0122999996 0.0385700017
  vertex -0.0635439977 -0.0122999996 0.0362709984
  endloop
 endfacet

 facet normal 0 -1 0
  outer loop
  vertex -0.0548160002 -0.0122999996 0.0467789993
  vertex -0.0569650009 -0.0122999996 0.045756001
  vertex -0.0535000004 -0.0122999996 0.0399620011
  endloop
 endfacet

 facet normal 0 -1 0
  outer loop
  vertex -0.0535000004 -0.0122999996 0.0399620011
  vertex -0.0569650009 -0.0122999996 0.045756001
  vertex -0.0589039996 -0.0122999996 0.0443769991
  endloop
 endfacet

 facet normal 0 -1 0
  outer loop
  vertex -0.0535000004 -0.0122999996 0.0399620011
  vertex -0.0589039996 -0.0122999996 0.0443769991
  vertex -0.0553620011 -0.0122999996 0.0384000018
  endloop
 endfacet

 facet normal 0 -1 0
  outer loop
  vertex -0.0553620011 -0.0122999996 0.0384000018
  vertex -0.0589039996 -0.0122999996 0.0443769991
  vertex -0.0605770014 -0.0122999996 0.0426849984
  endloop
 endfacet

 facet normal 0 -1 0
  outer loop
  vertex -0.0553620011 -0.0122999996 0.0384000018
  vertex -0.0605770014 -0.0122999996 0.0426849984
  vertex -0.0619340017 -0.0122999996 0.0407299995
  endloop
 endfacet

 facet normal 0 -1 0
  outer loop
  vertex -0.0637499988 -0.0122999996 0.0251899995
  vertex -0.0637499988 -0.0122999996 0.01021
  vertex -0.057 -0.0122999996 0.00536999991
  endloop
 endfacet

 facet normal 0 -1 0
  outer loop
  vertex -0.057 -0.0122999996 0.00536999991
  vertex -0.0637499988 -0.0122999996 0.01021
  vertex -0.0637499988 -0.0122999996 0.0102000004
  endloop
 endfacet

 facet normal 0 -1 0
  outer loop
  vertex -0.057 -0.0122999996 0.00536999991
  vertex -0.0637499988 -0.0122999996 0.0102000004
  vertex -0.0627939999 -0.0122999996 0.00832199957
  endloop
 endfacet

 facet normal 0 -1 0
  outer loop
  vertex -0.0627939999 -0.0122999996 0.00832199957
  vertex -0.0637499988 -0.0122999996 0.0102000004
  vertex -0.063300997 -0.0122999996 0.00870999973
  endloop
 endfacet

 facet normal 0 0 -1
  outer loop
  vertex -0.0350000001 -0.0122999996 0
  vertex -0.00728099979 -0.00528999977 0
  vertex -0.00528999977 -0.00728099979 0
  endloop
 endfacet

 facet normal 0 0 -1
  outer loop
  vertex 0 0.00899999961 0
  vertex -0.00278099999 0.00855999999 0
  vertex 0 0.0122999996 0
  endloop
 endfacet

 facet normal 0 0 -1
  outer loop
  vertex -0.0350000001 -0.0122999996 0
  vertex -0.00528999977 -0.00728099979 0
  vertex 0 -0.0122999996 0
  endloop
 endfacet

 facet normal 0 0 -1
  outer loop
  vertex -0.00728099979 0.00528999977 0
  vertex -0.00855999999 0.00278099999 0
  vertex -0.0350000001 0.0122999996 0
  endloop
 endfacet

 facet normal 0 0 -1
  outer loop
  vertex -0.0350000001 0.0122999996 0
  vertex -0.00855999999 0.00278099999 0
  vertex -0.00899999961 -0 0
  endloop
 endfacet

 facet normal 0 0 -1
  outer loop
  vertex -0.0350000001 0.0122999996 0
  vertex -0.00899999961 -0 0
  vertex -0.0350000001 -0.0122999996 0
  endloop
 endfacet

 facet normal 0 0 -1
  outer loop
  vertex -0.0350000001 -0.0122999996 0
  vertex -0.00899999961 -0 0
  vertex -0.00855999999 -0.00278099999 0
  endloop
 endfacet

 facet normal 0 0 -1
  outer loop
  vertex -0.0350000001 -0.0122999996 0
  vertex -0.00855999999 -0.00278099999 0
  vertex -0.00728099979 -0.00528999977 0
  endloop
 endfacet

 facet normal 0 0 -1
  outer loop
  vertex -0.00528999977 -0.00728099979 0
  vertex -0.00278099999 -0.00855999999 0
  vertex 0 -0.0122999996 0
  endloop
 endfacet

 facet normal 0 0 -1
  outer loop
  vertex 0 -0.0122999996 0
  vertex -0.00278099999 -0.00855999999 0
  vertex 0 -0.00899999961 0
  endloop
 endfacet

 facet normal 0 0 -1
  outer loop
  vertex 0 -0.0122999996 0
  vertex 0 -0.00899999961 0
  vertex 0.00318300002 -0.0118810004 0
  endloop
 endfacet

 facet normal 0 0 -1
  outer loop
  vertex 0.00318300002 -0.0118810004 0
  vertex 0 -0.00899999961 0
  vertex 0.00278099999 -0.00855999999 0
  endloop
 endfacet

 facet normal 0 0 -1
  outer loop
  vertex 0.00318300002 -0.0118810004 0
  vertex 0.00278099999 -0.00855999999 0
  vertex 0.0061499998 -0.0106520001 0
  endloop
 endfacet

 facet normal 0 0 -1
  outer loop
  vertex 0.0061499998 -0.0106520001 0
  vertex 0.00278099999 -0.00855999999 0
  vertex 0.00528999977 -0.00728099979 0
  endloop
 endfacet

 facet normal 0 0 -1
  outer loop
  vertex 0 0.0122999996 0
  vertex -0.00278099999 0.00855999999 0
  vertex -0.0350000001 0.0122999996 0
  endloop
 endfacet

 facet normal 0 0 -1
  outer loop
  vertex -0.0350000001 0.0122999996 0
  vertex -0.00278099999 0.00855999999 0
  vertex -0.00528999977 0.00728099979 0
  endloop
 endfacet

 facet normal 0 0 -1
  outer loop
  vertex -0.0350000001 0.0122999996 0
  vertex -0.00528999977 0.00728099979 0
  vertex -0.00728099979 0.00528999977 0
  endloop
 endfacet

 facet normal 0 0 -1
  outer loop
  vertex 0 0.00899999961 0
  vertex 0 0.0122999996 0
  vertex 0.00278099999 0.00855999999 0
  endloop
 endfacet

 facet normal 0 0 -1
  outer loop
  vertex 0.00278099999 0.00855999999 0
  vertex 0 0.0122999996 0
  vertex 0.00318300002 0.0118810004 0
  endloop
 endfacet

 facet normal 0 0 -1
  outer loop
  vertex 0.00278099999 0.00855999999 0
  vertex 0.00318300002 0.0118810004 0
  vertex 0.00528999977 0.00728099979 0
  endloop
 endfacet

 facet normal 0 0 -1
  outer loop
  vertex 0.00528999977 0.00728099979 0
  vertex 0.00318300002 0.0118810004 0
  vertex 0.0061499998 0.0106520001 0
  endloop
 endfacet

 facet normal 0 0 -1
  outer loop
  vertex 0.00528999977 0.00728099979 0
  vertex 0.0061499998 0.0106520001 0
  vertex 0.00728099979 0.00528999977 0
  endloop
 endfacet

 facet normal 0 0 -1
  outer loop
  vertex 0.0061499998 0.0106520001 0
  vertex 0.00869700033 0.00869700033 0
  vertex 0.00728099979 0.00528999977 0
  endloop
 endfacet

 facet normal 0 0 -1
  outer loop
  vertex 0.00728099979 0.00528999977 0
  vertex 0.00869700033 0.00869700033 0
  vertex 0.0106520001 0.0061499998 0
  endloop
 endfacet

 facet normal 0 0 -1
  outer loop
  vertex 0.00728099979 0.00528999977 0
  vertex 0.0106520001 0.0061499998 0
  vertex 0.00855999999 0.00278099999 0
  endloop
 endfacet

 facet normal 0 0 -1
  outer loop
  vertex 0.00855999999 0.00278099999 0
  vertex 0.0106520001 0.0061499998 0
  vertex 0.0118810004 0.00318300002 0
  endloop
 endfacet

 facet normal 0 0 -1
  outer loop
  vertex 0.00855999999 0.00278099999 0
  vertex 0.0118810004 0.00318300002 0
  vertex 0.00899999961 -0 0
  endloop
 endfacet

 facet normal 0 0 -1
  outer loop
  vertex 0.00899999961 -0 0
  vertex 0.0118810004 0.00318300002 0
  vertex 0.0122999996 -0 0
  endloop
 endfacet

 facet normal 0 0 -1
  outer loop
  vertex 0.00899999961 -0 0
  vertex 0.0122999996 -0 0
  vertex 0.00855999999 -0.00278099999 0
  endloop
 endfacet

 facet normal 0 0 -1
  outer loop
  vertex 0.00855999999 -0.00278099999 0
  vertex 0.0122999996 -0 0
  vertex 0.0118810004 -0.00318300002 0
  endloop
 endfacet

 facet normal 0 0 -1
  outer loop
  vertex 0.00855999999 -0.00278099999 0
  vertex 0.0118810004 -0.00318300002 0
  vertex 0.00728099979 -0.00528999977 0
  endloop
 endfacet

 facet normal 0 0 -1
  outer loop
  vertex 0.00728099979 -0.00528999977 0
  vertex 0.0118810004 -0.00318300002 0
  vertex 0.0106520001 -0.0061499998 0
  endloop
 endfacet

 facet normal 0 0 -1
  outer loop
  vertex 0.00728099979 -0.00528999977 0
  vertex 0.0106520001 -0.0061499998 0
  vertex 0.00528999977 -0.00728099979 0
  endloop
 endfacet

 facet normal 0 0 -1
  outer loop
  vertex 0.00528999977 -0.00728099979 0
  vertex 0.0106520001 -0.0061499998 0
  vertex 0.00869700033 -0.00869700033 0
  endloop
 endfacet

 facet normal 0 0 -1
  outer loop
  vertex 0.00528999977 -0.00728099979 0
  vertex 0.00869700033 -0.00869700033 0
  vertex 0.0061499998 -0.0106520001 0
  endloop
 endfacet

 facet normal -1 0 0
  outer loop
  vertex -0.0350000001 0.0121330004 0.00102500001
  vertex -0.0350000001 0.0122999996 0.00164999999
  vertex -0.0350000001 0.0122999996 0
  endloop
 endfacet

 facet normal -1 0 0
  outer loop
  vertex -0.0350000001 -0.0122999996 0
  vertex -0.0350000001 -0.0122999996 0.0143999998
  vertex -0.0350000001 -0.0110499999 0.0143999998
  endloop
 endfacet

 facet normal -1 0 0
  outer loop
  vertex -0.0350000001 -0.0110499999 0.0143999998
  vertex -0.0350000001 -0.0110499999 0.00039999999
  vertex -0.0350000001 -0.0122999996 0
  endloop
 endfacet

 facet normal -1 0 0
  outer loop
  vertex -0.0350000001 -0.0122999996 0
  vertex -0.0350000001 -0.0110499999 0.00039999999
  vertex -0.0350000001 0.0110499999 0.00039999999
  endloop
 endfacet

 facet normal -1 0 0
  outer loop
  vertex -0.0350000001 -0.0122999996 0
  vertex -0.0350000001 0.0110499999 0.00039999999
  vertex -0.0350000001 0.0122999996 0
  endloop
 endfacet

 facet normal -1 0 0
  outer loop
  vertex -0.0350000001 0.0122999996 0
  vertex -0.0350000001 0.0110499999 0.00039999999
  vertex -0.0350000001 0.0116750002 0.00056700001
  endloop
 endfacet

 facet normal -1 0 0
  outer loop
  vertex -0.0350000001 0.0122999996 0
  vertex -0.0350000001 0.0116750002 0.00056700001
  vertex -0.0350000001 0.0121330004 0.00102500001
  endloop
 endfacet

 facet normal 0 0 -1
  outer loop
  vertex -0.0350000001 0.0110499999 0.00039999999
  vertex -0.0350000001 -0.0110499999 0.00039999999
  vertex -0.0487999991 0.0110499999 0.00039999999
  endloop
 endfacet

 facet normal 0 0 -1
  outer loop
  vertex -0.0487999991 0.0110499999 0.00039999999
  vertex -0.0350000001 -0.0110499999 0.00039999999
  vertex -0.0350099988 -0.0110499999 0.00039999999
  endloop
 endfacet

 facet normal 0 0 -1
  outer loop
  vertex -0.0487999991 0.0110499999 0.00039999999
  vertex -0.0350099988 -0.0110499999 0.00039999999
  vertex -0.0487999991 -0.0110499999 0.00039999999
  endloop
 endfacet

 facet normal -0.346099257 0 -0.938197911
  outer loop
  vertex -0.051070001 -0.0110499999 0.000944999978
  vertex -0.051070001 -0.00175199995 0.000944999978
  vertex -0.0499669984 -0.0110499999 0.000538000022
  endloop
 endfacet

 facet normal -0.436105609 -0.012300157 -0.899811506
  outer loop
  vertex -0.0499669984 -0.0110499999 0.000538000022
  vertex -0.051070001 -0.00175199995 0.000944999978
  vertex -0.0510540009 -0.00172599999 0.000936999975
  endloop
 endfacet

 facet normal -0.410182446 -0.0087996237 -0.911961019
  outer loop
  vertex -0.0510540009 -0.00172599999 0.000936999975
  vertex -0.0508100018 -0.00117299997 0.000821999973
  vertex -0.0499669984 -0.0110499999 0.000538000022
  endloop
 endfacet

 facet normal -0.364116967 -0.00430020038 -0.931343317
  outer loop
  vertex -0.0499669984 -0.0110499999 0.000538000022
  vertex -0.0508100018 -0.00117299997 0.000821999973
  vertex -0.0507679991 -0.00079999998 0.00080400001
  endloop
 endfacet

 facet normal -0.364203691 -0.00430004392 -0.931309462
  outer loop
  vertex -0.0499669984 -0.0110499999 0.000538000022
  vertex -0.0507679991 -0.00079999998 0.00080400001
  vertex -0.0507609993 -0.000734000001 0.000800999987
  endloop
 endfacet

 facet normal -0.431989729 0 -0.901878536
  outer loop
  vertex -0.051070001 0.000151999993 0.000944999978
  vertex -0.051070001 0.0110499999 0.000944999978
  vertex -0.0508479998 -0.000303000008 0.000838999986
  endloop
 endfacet

 facet normal -0.346098572 0.00199999171 -0.938196063
  outer loop
  vertex -0.0508479998 -0.000303000008 0.000838999986
  vertex -0.051070001 0.0110499999 0.000944999978
  vertex -0.0499669984 0.0110499999 0.000538000022
  endloop
 endfacet

 facet normal -0.380111217 0.00500014704 -0.924927235
  outer loop
  vertex -0.0508479998 -0.000303000008 0.000838999986
  vertex -0.0499669984 0.0110499999 0.000538000022
  vertex -0.0507609993 -0.000734000001 0.000800999987
  endloop
 endfacet

 facet normal -0.313916683 0 -0.949450493
  outer loop
  vertex -0.0507609993 -0.000734000001 0.000800999987
  vertex -0.0499669984 0.0110499999 0.000538000022
  vertex -0.0499669984 -0.0110499999 0.000538000022
  endloop
 endfacet

 facet normal -0.117496826 0 -0.993073225
  outer loop
  vertex -0.0499669984 -0.0110499999 0.000538000022
  vertex -0.0499669984 0.0110499999 0.000538000022
  vertex -0.0487999991 0.0110499999 0.00039999999
  endloop
 endfacet

 facet normal -0.117496826 0 -0.993073225
  outer loop
  vertex -0.0499669984 -0.0110499999 0.000538000022
  vertex -0.0487999991 0.0110499999 0.00039999999
  vertex -0.0487999991 -0.0110499999 0.00039999999
  endloop
 endfacet

 facet normal -0.454000711 0 -0.891001344
  outer loop
  vertex -0.062419001 0.000776999979 0.00672800001
  vertex -0.0630709976 0.000134999995 0.00706000021
  vertex -0.0633620024 0.0110499999 0.00720799994
  endloop
 endfacet

 facet normal -0.454000711 0 -0.891001344
  outer loop
  vertex -0.0633620024 0.0110499999 0.00720799994
  vertex -0.0630709976 0.000134999995 0.00706000021
  vertex -0.0633430034 -0.000699999975 0.00719799986
  endloop
 endfacet

 facet normal -0.453921348 0 -0.891041815
  outer loop
  vertex -0.0633620024 0.0110499999 0.00720799994
  vertex -0.0633430034 -0.000699999975 0.00719799986
  vertex -0.0633620024 -0.0110499999 0.00720799994
  endloop
 endfacet

 facet normal -0.454000711 0 -0.891001344
  outer loop
  vertex -0.0633620024 -0.0110499999 0.00720799994
  vertex -0.0633430034 -0.000699999975 0.00719799986
  vertex -0.063323997 -0.000798999972 0.00718900003
  endloop
 endfacet

 facet normal -0.454000711 0 -0.891001344
  outer loop
  vertex -0.063323997 -0.000798999972 0.00718900003
  vertex -0.0631970018 -0.00149299996 0.00712400023
  vertex -0.0633620024 -0.0110499999 0.00720799994
  endloop
 endfacet

 facet normal -0.454000711 0 -0.891001344
  outer loop
  vertex -0.0633620024 -0.0110499999 0.00720799994
  vertex -0.0631970018 -0.00149299996 0.00712400023
  vertex -0.0624540001 -0.00238900003 0.0067449999
  endloop
 endfacet

 facet normal -0.454000711 0 -0.891001344
  outer loop
  vertex -0.0633620024 -0.0110499999 0.00720799994
  vertex -0.0624540001 -0.00238900003 0.0067449999
  vertex -0.0623130016 -0.00255799992 0.00667400006
  endloop
 endfacet

 facet normal -0.454000711 0 -0.891001344
  outer loop
  vertex -0.0539579988 -0.00354800001 0.00241700001
  vertex -0.0524430014 -0.002966 0.00164499995
  vertex -0.051070001 -0.0110499999 0.000944999978
  endloop
 endfacet

 facet normal -0.454000711 0 -0.891001344
  outer loop
  vertex -0.051070001 0.0110499999 0.000944999978
  vertex -0.051070001 0.000151999993 0.000944999978
  vertex -0.051713001 0.000775999972 0.00127300003
  endloop
 endfacet

 facet normal -0.454000711 0 -0.891001344
  outer loop
  vertex -0.060194999 0.00195900002 0.005595
  vertex -0.0603360012 0.00193200004 0.00566599984
  vertex -0.0633620024 0.0110499999 0.00720799994
  endloop
 endfacet

 facet normal -0.454000711 0 -0.891001344
  outer loop
  vertex -0.0633620024 0.0110499999 0.00720799994
  vertex -0.0603360012 0.00193200004 0.00566599984
  vertex -0.0620269999 0.001162 0.00652799988
  endloop
 endfacet

 facet normal -0.454000711 0 -0.891001344
  outer loop
  vertex -0.0633620024 0.0110499999 0.00720799994
  vertex -0.0620269999 0.001162 0.00652799988
  vertex -0.062419001 0.000776999979 0.00672800001
  endloop
 endfacet

 facet normal -0.454000711 0 -0.891001344
  outer loop
  vertex -0.0524430014 -0.002966 0.00164499995
  vertex -0.0517099984 -0.00237299991 0.00127100002
  vertex -0.051070001 -0.0110499999 0.000944999978
  endloop
 endfacet

 facet normal -0.454000711 0 -0.891001344
  outer loop
  vertex -0.051070001 -0.0110499999 0.000944999978
  vertex -0.0517099984 -0.00237299991 0.00127100002
  vertex -0.0512339994 -0.001988 0.00102900004
  endloop
 endfacet

 facet normal -0.454000711 0 -0.891001344
  outer loop
  vertex -0.051070001 -0.0110499999 0.000944999978
  vertex -0.0512339994 -0.001988 0.00102900004
  vertex -0.051070001 -0.00175199995 0.000944999978
  endloop
 endfacet

 facet normal -0.454000711 0 -0.891001344
  outer loop
  vertex -0.051713001 0.000775999972 0.00127300003
  vertex -0.0521249995 0.00117599999 0.001483
  vertex -0.051070001 0.0110499999 0.000944999978
  endloop
 endfacet

 facet normal -0.454000711 0 -0.891001344
  outer loop
  vertex -0.051070001 0.0110499999 0.000944999978
  vertex -0.0521249995 0.00117599999 0.001483
  vertex -0.0538249984 0.00194099999 0.00234899996
  endloop
 endfacet

 facet normal -0.454000711 0 -0.891001344
  outer loop
  vertex -0.051070001 0.0110499999 0.000944999978
  vertex -0.0538249984 0.00194099999 0.00234899996
  vertex -0.0539329983 0.00196200004 0.00240399991
  endloop
 endfacet

 facet normal -0.454000711 0 -0.891001344
  outer loop
  vertex -0.0623130016 -0.00255799992 0.00667400006
  vertex -0.0607450008 -0.00339299999 0.0058749998
  vertex -0.0633620024 -0.0110499999 0.00720799994
  endloop
 endfacet

 facet normal -0.454000711 0 -0.891001344
  outer loop
  vertex -0.0633620024 -0.0110499999 0.00720799994
  vertex -0.0607450008 -0.00339299999 0.0058749998
  vertex -0.0601680018 -0.00353299989 0.00558099989
  endloop
 endfacet

 facet normal -0.454000711 0 -0.891001344
  outer loop
  vertex -0.0633620024 -0.0110499999 0.00720799994
  vertex -0.0601680018 -0.00353299989 0.00558099989
  vertex -0.057 -0.0110499999 0.00396700017
  endloop
 endfacet

 facet normal -0.454000711 0 -0.891001344
  outer loop
  vertex -0.0539329983 0.00196200004 0.00240399991
  vertex -0.0559480004 0.00234899996 0.00343100005
  vertex -0.051070001 0.0110499999 0.000944999978
  endloop
 endfacet

 facet normal -0.454000711 0 -0.891001344
  outer loop
  vertex -0.051070001 0.0110499999 0.000944999978
  vertex -0.0559480004 0.00234899996 0.00343100005
  vertex -0.0570649989 0.00234699994 0.00400000019
  endloop
 endfacet

 facet normal -0.454000711 0 -0.891001344
  outer loop
  vertex -0.051070001 0.0110499999 0.000944999978
  vertex -0.0570649989 0.00234699994 0.00400000019
  vertex -0.0633620024 0.0110499999 0.00720799994
  endloop
 endfacet

 facet normal -0.454000711 0 -0.891001344
  outer loop
  vertex -0.0633620024 0.0110499999 0.00720799994
  vertex -0.0570649989 0.00234699994 0.00400000019
  vertex -0.0582170002 0.00234599994 0.00458699977
  endloop
 endfacet

 facet normal -0.454000711 0 -0.891001344
  outer loop
  vertex -0.0633620024 0.0110499999 0.00720799994
  vertex -0.0582170002 0.00234599994 0.00458699977
  vertex -0.060194999 0.00195900002 0.005595
  endloop
 endfacet

 facet normal -0.454000711 0 -0.891001344
  outer loop
  vertex -0.0601680018 -0.00353299989 0.00558099989
  vertex -0.0586960018 -0.00389000005 0.00483100023
  vertex -0.057 -0.0110499999 0.00396700017
  endloop
 endfacet

 facet normal -0.454000711 0 -0.891001344
  outer loop
  vertex -0.057 -0.0110499999 0.00396700017
  vertex -0.0586960018 -0.00389000005 0.00483100023
  vertex -0.0570599996 -0.00395799987 0.00399699993
  endloop
 endfacet

 facet normal -0.454000711 0 -0.891001344
  outer loop
  vertex -0.057 -0.0110499999 0.00396700017
  vertex -0.0570599996 -0.00395799987 0.00399699993
  vertex -0.0569900014 -0.0110499999 0.0039619999
  endloop
 endfacet

 facet normal -0.454000711 0 -0.891001344
  outer loop
  vertex -0.0569900014 -0.0110499999 0.0039619999
  vertex -0.0570599996 -0.00395799987 0.00399699993
  vertex -0.0564340018 -0.00398400007 0.00367900007
  endloop
 endfacet

 facet normal -0.454000711 0 -0.891001344
  outer loop
  vertex -0.0569900014 -0.0110499999 0.0039619999
  vertex -0.0564340018 -0.00398400007 0.00367900007
  vertex -0.051070001 -0.0110499999 0.000944999978
  endloop
 endfacet

 facet normal -0.454000711 0 -0.891001344
  outer loop
  vertex -0.051070001 -0.0110499999 0.000944999978
  vertex -0.0564340018 -0.00398400007 0.00367900007
  vertex -0.0542550012 -0.00366199994 0.002568
  endloop
 endfacet

 facet normal -0.454000711 0 -0.891001344
  outer loop
  vertex -0.051070001 -0.0110499999 0.000944999978
  vertex -0.0542550012 -0.00366199994 0.002568
  vertex -0.0539579988 -0.00354800001 0.00241700001
  endloop
 endfacet

 facet normal -0.608763158 0 -0.793351948
  outer loop
  vertex -0.0633620024 0.0110499999 0.00720799994
  vertex -0.0633620024 -0.0110499999 0.00720799994
  vertex -0.0642289966 -0.0110499999 0.00787399989
  endloop
 endfacet

 facet normal -0.608763158 0 -0.793351948
  outer loop
  vertex -0.0633620024 0.0110499999 0.00720799994
  vertex -0.0642289966 -0.0110499999 0.00787399989
  vertex -0.0642289966 0.0110499999 0.00787399989
  endloop
 endfacet

 facet normal -0.852628648 0 -0.522517562
  outer loop
  vertex -0.0642289966 0.0110499999 0.00787399989
  vertex -0.0642289966 -0.0110499999 0.00787399989
  vertex -0.0648010001 -0.0110499999 0.00880600046
  endloop
 endfacet

 facet normal -0.852628648 0 -0.522517562
  outer loop
  vertex -0.0642289966 0.0110499999 0.00787399989
  vertex -0.0648010001 -0.0110499999 0.00880600046
  vertex -0.0648010001 0.0110499999 0.00880600046
  endloop
 endfacet

 facet normal -0.983262837 0 -0.182193115
  outer loop
  vertex -0.0648010001 0.0110499999 0.00880600046
  vertex -0.0648010001 -0.0110499999 0.00880600046
  vertex -0.0649999976 -0.0110499999 0.00988100003
  endloop
 endfacet

 facet normal -0.983262837 0 -0.182193115
  outer loop
  vertex -0.0648010001 0.0110499999 0.00880600046
  vertex -0.0649999976 -0.0110499999 0.00988100003
  vertex -0.0649999976 0.0110499999 0.00988100003
  endloop
 endfacet

 facet normal -1 0 0
  outer loop
  vertex -0.0649999976 0.0110499999 0.0102000004
  vertex -0.0649999976 0.0110499999 0.00988100003
  vertex -0.0649999976 -0.0110499999 0.0102000004
  endloop
 endfacet

 facet normal -1 0 0
  outer loop
  vertex -0.0649999976 -0.0110499999 0.0102000004
  vertex -0.0649999976 0.0110499999 0.00988100003
  vertex -0.0649999976 -0.0110499999 0.00988100003
  endloop
 endfacet

 facet normal -0.996251404 0 0.0865044668
  outer loop
  vertex -0.0649999976 0.0110499999 0.0339000002
  vertex -0.0649999976 0.00270000007 0.0339000002
  vertex -0.0647749975 0.0110499999 0.0364859998
  endloop
 endfacet

 facet normal -0.99297744 -0.00979977753 0.117897317
  outer loop
  vertex -0.0647749975 0.0110499999 0.0364859998
  vertex -0.0649999976 0.00270000007 0.0339000002
  vertex -0.0645830035 0.00270000007 0.0374110006
  endloop
 endfacet

 facet normal -0.937784016 -0.0124997878 0.346994102
  outer loop
  vertex -0.0633559972 0.00270000007 0.0407279991
  vertex -0.0641079992 0.0110499999 0.0389950015
  vertex -0.0645830035 0.00270000007 0.0374110006
  endloop
 endfacet

 facet normal -0.96639204 0.00619994942 0.256997913
  outer loop
  vertex -0.0645830035 0.00270000007 0.0374110006
  vertex -0.0641079992 0.0110499999 0.0389950015
  vertex -0.0645330027 0.0110499999 0.0373979993
  endloop
 endfacet

 facet normal -0.96639204 0.00619994942 0.256997913
  outer loop
  vertex -0.0645830035 0.00270000007 0.0374110006
  vertex -0.0645330027 0.0110499999 0.0373979993
  vertex -0.0647749975 0.0110499999 0.0364859998
  endloop
 endfacet

 facet normal -0.711093664 0.00219998066 0.703093827
  outer loop
  vertex -0.0613729991 0.0110499999 0.0436509997
  vertex -0.0615390018 0.0110499999 0.0434839986
  vertex -0.0613869987 0.00270000007 0.0436640009
  endloop
 endfacet

 facet normal -0.821659625 -0.00269986759 0.569972038
  outer loop
  vertex -0.0613869987 0.00270000007 0.0436640009
  vertex -0.0615390018 0.0110499999 0.0434839986
  vertex -0.063019 0.0110499999 0.0413510017
  endloop
 endfacet

 facet normal -0.830528259 -0.00800027326 0.556919038
  outer loop
  vertex -0.0613869987 0.00270000007 0.0436640009
  vertex -0.063019 0.0110499999 0.0413510017
  vertex -0.0633559972 0.00270000007 0.0407279991
  endloop
 endfacet

 facet normal -0.907600939 0.00530000497 0.419800431
  outer loop
  vertex -0.0633559972 0.00270000007 0.0407279991
  vertex -0.063019 0.0110499999 0.0413510017
  vertex -0.0633160025 0.0110499999 0.0407090001
  endloop
 endfacet

 facet normal -0.907600939 0.00530000497 0.419800431
  outer loop
  vertex -0.0633559972 0.00270000007 0.0407279991
  vertex -0.0633160025 0.0110499999 0.0407090001
  vertex -0.0641079992 0.0110499999 0.0389950015
  endloop
 endfacet

 facet normal -0.711093664 0.00219998066 0.703093827
  outer loop
  vertex -0.0613729991 0.0110499999 0.0436509997
  vertex -0.0613869987 0.00270000007 0.0436640009
  vertex -0.0597140007 0.0110499999 0.0453299992
  endloop
 endfacet

 facet normal -0.676999569 -0.0110999923 0.735899568
  outer loop
  vertex -0.0597140007 0.0110499999 0.0453299992
  vertex -0.0613869987 0.00270000007 0.0436640009
  vertex -0.058784999 0.00270000007 0.0460590012
  endloop
 endfacet

 facet normal -0.579227328 0.00670031551 0.815138459
  outer loop
  vertex -0.0597140007 0.0110499999 0.0453299992
  vertex -0.058784999 0.00270000007 0.0460590012
  vertex -0.0587520003 0.0110499999 0.0460130014
  endloop
 endfacet

 facet normal -0.579227328 0.00670031551 0.815138459
  outer loop
  vertex -0.0587520003 0.0110499999 0.0460130014
  vertex -0.058784999 0.00270000007 0.0460590012
  vertex -0.0575979985 0.0110499999 0.0468330011
  endloop
 endfacet

 facet normal -0.485989958 -0.0119997524 0.873881996
  outer loop
  vertex -0.0575979985 0.0110499999 0.0468330011
  vertex -0.058784999 0.00270000007 0.0460590012
  vertex -0.0556939989 0.00270000007 0.0477770008
  endloop
 endfacet

 facet normal -0.430007726 0.0040000719 0.902816236
  outer loop
  vertex -0.0575979985 0.0110499999 0.0468330011
  vertex -0.0556939989 0.00270000007 0.0477770008
  vertex -0.0556799993 0.0110499999 0.0477470011
  endloop
 endfacet

 facet normal -0.430007726 0.0040000719 0.902816236
  outer loop
  vertex -0.0556799993 0.0110499999 0.0477470011
  vertex -0.0556939989 0.00270000007 0.0477770008
  vertex -0.0552540012 0.0110499999 0.0479499996
  endloop
 endfacet

 facet normal -0.26790753 -0.00580016291 0.963427126
  outer loop
  vertex -0.0552540012 0.0110499999 0.0479499996
  vertex -0.0556939989 0.00270000007 0.0477770008
  vertex -0.0522870012 0.00270000007 0.0487250015
  endloop
 endfacet

 facet normal -0.26790753 -0.00580016291 0.963427126
  outer loop
  vertex -0.0552540012 0.0110499999 0.0479499996
  vertex -0.0522870012 0.00270000007 0.0487250015
  vertex -0.0527530015 0.0110499999 0.0486450009
  endloop
 endfacet

 facet normal -0.0349006541 -0.0120002236 0.999318719
  outer loop
  vertex -0.0487539992 0.00270000007 0.0488479994
  vertex -0.0501700006 0.0110499999 0.0488989986
  vertex -0.0522870012 0.00270000007 0.0487250015
  endloop
 endfacet

 facet normal -0.0977998078 0.00399999227 0.995198071
  outer loop
  vertex -0.0522870012 0.00270000007 0.0487250015
  vertex -0.0501700006 0.0110499999 0.0488989986
  vertex -0.0522839986 0.0110499999 0.0486910008
  endloop
 endfacet

 facet normal -0.0977998078 0.00399999227 0.995198071
  outer loop
  vertex -0.0522870012 0.00270000007 0.0487250015
  vertex -0.0522839986 0.0110499999 0.0486910008
  vertex -0.0527530015 0.0110499999 0.0486450009
  endloop
 endfacet

 facet normal 0.20000647 -0.0111003574 0.979731679
  outer loop
  vertex -0.0452889986 0.00270000007 0.0481409989
  vertex -0.0475809984 0.0110499999 0.0487039983
  vertex -0.0487539992 0.00270000007 0.0488479994
  endloop
 endfacet

 facet normal 0.075203456 0.00670030713 0.997145772
  outer loop
  vertex -0.0487539992 0.00270000007 0.0488479994
  vertex -0.0475809984 0.0110499999 0.0487039983
  vertex -0.0487580001 0.0110499999 0.0487920009
  endloop
 endfacet

 facet normal 0.075203456 0.00670030713 0.997145772
  outer loop
  vertex -0.0487539992 0.00270000007 0.0488479994
  vertex -0.0487580001 0.0110499999 0.0487920009
  vertex -0.0501700006 0.0110499999 0.0488989986
  endloop
 endfacet

 facet normal 0.560585916 0.00529986713 0.828079343
  outer loop
  vertex -0.0421109982 0.0110499999 0.0466060005
  vertex -0.0426970012 0.0110499999 0.0470019989
  vertex -0.0420860015 0.00270000007 0.0466430001
  endloop
 endfacet

 facet normal 0.409402847 -0.00930006523 0.912306368
  outer loop
  vertex -0.0420860015 0.00270000007 0.0466430001
  vertex -0.0426970012 0.0110499999 0.0470019989
  vertex -0.0450650007 0.0110499999 0.0480649993
  endloop
 endfacet

 facet normal 0.423780948 -0.00309986062 0.905759335
  outer loop
  vertex -0.0420860015 0.00270000007 0.0466430001
  vertex -0.0450650007 0.0110499999 0.0480649993
  vertex -0.0452889986 0.00270000007 0.0481409989
  endloop
 endfacet

 facet normal 0.245992258 0.0021999306 0.969269395
  outer loop
  vertex -0.0452889986 0.00270000007 0.0481409989
  vertex -0.0450650007 0.0110499999 0.0480649993
  vertex -0.0452940017 0.0110499999 0.0481229983
  endloop
 endfacet

 facet normal 0.245992258 0.0021999306 0.969269395
  outer loop
  vertex -0.0452889986 0.00270000007 0.0481409989
  vertex -0.0452940017 0.0110499999 0.0481229983
  vertex -0.0475809984 0.0110499999 0.0487039983
  endloop
 endfacet

 facet normal 0.560585916 0.00529986713 0.828079343
  outer loop
  vertex -0.0421109982 0.0110499999 0.0466060005
  vertex -0.0420860015 0.00270000007 0.0466430001
  vertex -0.0405469984 0.0110499999 0.0455470011
  endloop
 endfacet

 facet normal 0.624011874 -0.0125002386 0.781314909
  outer loop
  vertex -0.0405469984 0.0110499999 0.0455470011
  vertex -0.0420860015 0.00270000007 0.0466430001
  vertex -0.0393229984 0.00270000007 0.0444360003
  endloop
 endfacet

 facet normal 0.694991469 0.00619992381 0.71899116
  outer loop
  vertex -0.0405469984 0.0110499999 0.0455470011
  vertex -0.0393229984 0.00270000007 0.0444360003
  vertex -0.0393589996 0.0110499999 0.0443990007
  endloop
 endfacet

 facet normal 0.694991469 0.00619992381 0.71899116
  outer loop
  vertex -0.0393589996 0.0110499999 0.0443990007
  vertex -0.0393229984 0.00270000007 0.0444360003
  vertex -0.0386810005 0.0110499999 0.0437429994
  endloop
 endfacet

 facet normal 0.789572716 -0.00979966018 0.613578737
  outer loop
  vertex -0.0386810005 0.0110499999 0.0437429994
  vertex -0.0393229984 0.00270000007 0.0444360003
  vertex -0.0371540003 0.00270000007 0.0416439995
  endloop
 endfacet

 facet normal 0.808545768 0 0.588433325
  outer loop
  vertex -0.0386810005 0.0110499999 0.0437429994
  vertex -0.0371540003 0.00270000007 0.0416439995
  vertex -0.0371540003 0.0110499999 0.0416439995
  endloop
 endfacet

 facet normal 0.856405616 0 0.51630342
  outer loop
  vertex -0.0371540003 -0.00430000015 0.0416439995
  vertex -0.0371540003 -0.0110499999 0.0416439995
  vertex -0.0304959994 -0.00430000015 0.0306000002
  endloop
 endfacet

 facet normal 0.856405616 0 0.51630342
  outer loop
  vertex -0.0304959994 -0.00430000015 0.0306000002
  vertex -0.0371540003 -0.0110499999 0.0416439995
  vertex -0.0270000007 -0.0110499999 0.0248000007
  endloop
 endfacet

 facet normal 0.856405616 0 0.51630342
  outer loop
  vertex -0.0304959994 -0.00430000015 0.0306000002
  vertex -0.0270000007 -0.0110499999 0.0248000007
  vertex -0.0304959994 0.00270000007 0.0306000002
  endloop
 endfacet

 facet normal 0.856405616 0 0.51630342
  outer loop
  vertex -0.0304959994 0.00270000007 0.0306000002
  vertex -0.0270000007 -0.0110499999 0.0248000007
  vertex -0.0270000007 0.0110499999 0.0248000007
  endloop
 endfacet

 facet normal 0.856405616 0 0.51630342
  outer loop
  vertex -0.0304959994 0.00270000007 0.0306000002
  vertex -0.0270000007 0.0110499999 0.0248000007
  vertex -0.0371540003 0.00270000007 0.0416439995
  endloop
 endfacet

 facet normal 0.856405616 0 0.51630342
  outer loop
  vertex -0.0371540003 0.00270000007 0.0416439995
  vertex -0.0270000007 0.0110499999 0.0248000007
  vertex -0.0371540003 0.0110499999 0.0416439995
  endloop
 endfacet

 facet normal 0 0 1
  outer loop
  vertex -0 -0.0122999996 0.0248000007
  vertex -0.0271509998 -0.0116039999 0.0248000007
  vertex -0.0272119995 -0.0116630001 0.0248000007
  endloop
 endfacet

 facet normal 0 0 1
  outer loop
  vertex -0.0272119995 -0.0116630001 0.0248000007
  vertex -0.0276439991 -0.0120860003 0.0248000007
  vertex -0 -0.0122999996 0.0248000007
  endloop
 endfacet

 facet normal 0 0 1
  outer loop
  vertex -0 -0.0122999996 0.0248000007
  vertex -0.0276439991 -0.0120860003 0.0248000007
  vertex -0.0277379993 -0.0121109998 0.0248000007
  endloop
 endfacet

 facet normal 0 0 1
  outer loop
  vertex -0 -0.0122999996 0.0248000007
  vertex -0.0277379993 -0.0121109998 0.0248000007
  vertex -0.0284599997 -0.0122999996 0.0248000007
  endloop
 endfacet

 facet normal 0 0 1
  outer loop
  vertex -0.0276439991 0.0120860003 0.0248000007
  vertex 0 0.0122999996 0.0248000007
  vertex -0.0277379993 0.0121109998 0.0248000007
  endloop
 endfacet

 facet normal 0 0 1
  outer loop
  vertex -0.0277379993 0.0121109998 0.0248000007
  vertex 0 0.0122999996 0.0248000007
  vertex -0.0284599997 0.0122999996 0.0248000007
  endloop
 endfacet

 facet normal 0 0 1
  outer loop
  vertex 0.00728099979 0.00528999977 0.0248000007
  vertex 0.00855999999 0.00278099999 0.0248000007
  vertex 0.0118810004 0.00318300002 0.0248000007
  endloop
 endfacet

 facet normal 0 0 1
  outer loop
  vertex -0.0270000007 -0.0110499999 0.0248000007
  vertex -0.0271509998 -0.0116039999 0.0248000007
  vertex -0.00728099979 -0.00528999977 0.0248000007
  endloop
 endfacet

 facet normal 0 0 1
  outer loop
  vertex 0.0118810004 0.00318300002 0.0248000007
  vertex 0.00855999999 0.00278099999 0.0248000007
  vertex 0.0122999996 -0 0.0248000007
  endloop
 endfacet

 facet normal 0 0 1
  outer loop
  vertex 0.0122999996 -0 0.0248000007
  vertex 0.00855999999 0.00278099999 0.0248000007
  vertex 0.00899999961 -0 0.0248000007
  endloop
 endfacet

 facet normal 0 0 1
  outer loop
  vertex 0.0122999996 -0 0.0248000007
  vertex 0.00899999961 -0 0.0248000007
  vertex 0.0118810004 -0.00318300002 0.0248000007
  endloop
 endfacet

 facet normal 0 0 1
  outer loop
  vertex 0.0118810004 -0.00318300002 0.0248000007
  vertex 0.00899999961 -0 0.0248000007
  vertex 0.00855999999 -0.00278099999 0.0248000007
  endloop
 endfacet

 facet normal 0 0 1
  outer loop
  vertex 0.0118810004 -0.00318300002 0.0248000007
  vertex 0.00855999999 -0.00278099999 0.0248000007
  vertex 0.0106520001 -0.0061499998 0.0248000007
  endloop
 endfacet

 facet normal 0 0 1
  outer loop
  vertex 0.0106520001 -0.0061499998 0.0248000007
  vertex 0.00855999999 -0.00278099999 0.0248000007
  vertex 0.00728099979 -0.00528999977 0.0248000007
  endloop
 endfacet

 facet normal 0 0 1
  outer loop
  vertex 0.0106520001 -0.0061499998 0.0248000007
  vertex 0.00728099979 -0.00528999977 0.0248000007
  vertex 0.00869700033 -0.00869700033 0.0248000007
  endloop
 endfacet

 facet normal 0 0 1
  outer loop
  vertex 0.00869700033 -0.00869700033 0.0248000007
  vertex 0.00728099979 -0.00528999977 0.0248000007
  vertex 0.00528999977 -0.00728099979 0.0248000007
  endloop
 endfacet

 facet normal 0 0 1
  outer loop
  vertex 0.00869700033 -0.00869700033 0.0248000007
  vertex 0.00528999977 -0.00728099979 0.0248000007
  vertex 0.0061499998 -0.0106520001 0.0248000007
  endloop
 endfacet

 facet normal 0 0 1
  outer loop
  vertex 0.0061499998 -0.0106520001 0.0248000007
  vertex 0.00528999977 -0.00728099979 0.0248000007
  vertex 0.00318300002 -0.0118810004 0.0248000007
  endloop
 endfacet

 facet normal 0 0 1
  outer loop
  vertex 0.00318300002 -0.0118810004 0.0248000007
  vertex 0.00528999977 -0.00728099979 0.0248000007
  vertex 0.00278099999 -0.00855999999 0.0248000007
  endloop
 endfacet

 facet normal 0 0 1
  outer loop
  vertex 0.00318300002 -0.0118810004 0.0248000007
  vertex 0.00278099999 -0.00855999999 0.0248000007
  vertex -0 -0.0122999996 0.0248000007
  endloop
 endfacet

 facet normal 0 0 1
  outer loop
  vertex -0.00728099979 -0.00528999977 0.0248000007
  vertex -0.00855999999 -0.00278099999 0.0248000007
  vertex -0.0270000007 -0.0110499999 0.0248000007
  endloop
 endfacet

 facet normal 0 0 1
  outer loop
  vertex -0.0270000007 -0.0110499999 0.0248000007
  vertex -0.00855999999 -0.00278099999 0.0248000007
  vertex -0.00899999961 -0 0.0248000007
  endloop
 endfacet

 facet normal 0 0 1
  outer loop
  vertex -0.0270000007 -0.0110499999 0.0248000007
  vertex -0.00899999961 -0 0.0248000007
  vertex -0.0270000007 0.0110499999 0.0248000007
  endloop
 endfacet

 facet normal 0 0 1
  outer loop
  vertex -0.0270000007 0.0110499999 0.0248000007
  vertex -0.00899999961 -0 0.0248000007
  vertex -0.00855999999 0.00278099999 0.0248000007
  endloop
 endfacet

 facet normal 0 0 1
  outer loop
  vertex -0.0270000007 0.0110499999 0.0248000007
  vertex -0.00855999999 0.00278099999 0.0248000007
  vertex -0.0271509998 0.0116039999 0.0248000007
  endloop
 endfacet

 facet normal 0 0 1
  outer loop
  vertex -0.0271509998 0.0116039999 0.0248000007
  vertex -0.00855999999 0.00278099999 0.0248000007
  vertex -0.00728099979 0.00528999977 0.0248000007
  endloop
 endfacet

 facet normal 0 0 1
  outer loop
  vertex -0.00728099979 0.00528999977 0.0248000007
  vertex -0.00528999977 0.00728099979 0.0248000007
  vertex -0.0271509998 0.0116039999 0.0248000007
  endloop
 endfacet

 facet normal 0 0 1
  outer loop
  vertex -0.0271509998 0.0116039999 0.0248000007
  vertex -0.00528999977 0.00728099979 0.0248000007
  vertex 0 0.0122999996 0.0248000007
  endloop
 endfacet

 facet normal 0 0 1
  outer loop
  vertex -0.0271509998 0.0116039999 0.0248000007
  vertex 0 0.0122999996 0.0248000007
  vertex -0.0272119995 0.0116630001 0.0248000007
  endloop
 endfacet

 facet normal 0 0 1
  outer loop
  vertex -0.0272119995 0.0116630001 0.0248000007
  vertex 0 0.0122999996 0.0248000007
  vertex -0.0276439991 0.0120860003 0.0248000007
  endloop
 endfacet

 facet normal 0 0 1
  outer loop
  vertex 0.00278099999 -0.00855999999 0.0248000007
  vertex 0 -0.00899999961 0.0248000007
  vertex -0 -0.0122999996 0.0248000007
  endloop
 endfacet

 facet normal 0 0 1
  outer loop
  vertex -0 -0.0122999996 0.0248000007
  vertex 0 -0.00899999961 0.0248000007
  vertex -0.00278099999 -0.00855999999 0.0248000007
  endloop
 endfacet

 facet normal 0 0 1
  outer loop
  vertex -0 -0.0122999996 0.0248000007
  vertex -0.00278099999 -0.00855999999 0.0248000007
  vertex -0.0271509998 -0.0116039999 0.0248000007
  endloop
 endfacet

 facet normal 0 0 1
  outer loop
  vertex -0.0271509998 -0.0116039999 0.0248000007
  vertex -0.00278099999 -0.00855999999 0.0248000007
  vertex -0.00528999977 -0.00728099979 0.0248000007
  endloop
 endfacet

 facet normal 0 0 1
  outer loop
  vertex -0.0271509998 -0.0116039999 0.0248000007
  vertex -0.00528999977 -0.00728099979 0.0248000007
  vertex -0.00728099979 -0.00528999977 0.0248000007
  endloop
 endfacet

 facet normal 0 0 1
  outer loop
  vertex -0.00528999977 0.00728099979 0.0248000007
  vertex -0.00278099999 0.00855999999 0.0248000007
  vertex 0 0.0122999996 0.0248000007
  endloop
 endfacet

 facet normal 0 0 1
  outer loop
  vertex 0 0.0122999996 0.0248000007
  vertex -0.00278099999 0.00855999999 0.0248000007
  vertex -0 0.00899999961 0.0248000007
  endloop
 endfacet

 facet normal 0 0 1
  outer loop
  vertex 0 0.0122999996 0.0248000007
  vertex -0 0.00899999961 0.0248000007
  vertex 0.00318300002 0.0118810004 0.0248000007
  endloop
 endfacet

 facet normal 0 0 1
  outer loop
  vertex 0.00318300002 0.0118810004 0.0248000007
  vertex -0 0.00899999961 0.0248000007
  vertex 0.00278099999 0.00855999999 0.0248000007
  endloop
 endfacet

 facet normal 0 0 1
  outer loop
  vertex 0.00318300002 0.0118810004 0.0248000007
  vertex 0.00278099999 0.00855999999 0.0248000007
  vertex 0.0061499998 0.0106520001 0.0248000007
  endloop
 endfacet

 facet normal 0 0 1
  outer loop
  vertex 0.0061499998 0.0106520001 0.0248000007
  vertex 0.00278099999 0.00855999999 0.0248000007
  vertex 0.00528999977 0.00728099979 0.0248000007
  endloop
 endfacet

 facet normal 0 0 1
  outer loop
  vertex 0.0061499998 0.0106520001 0.0248000007
  vertex 0.00528999977 0.00728099979 0.0248000007
  vertex 0.00869700033 0.00869700033 0.0248000007
  endloop
 endfacet

 facet normal 0 0 1
  outer loop
  vertex 0.00869700033 0.00869700033 0.0248000007
  vertex 0.00528999977 0.00728099979 0.0248000007
  vertex 0.00728099979 0.00528999977 0.0248000007
  endloop
 endfacet

 facet normal 0 0 1
  outer loop
  vertex 0.00869700033 0.00869700033 0.0248000007
  vertex 0.00728099979 0.00528999977 0.0248000007
  vertex 0.0106520001 0.0061499998 0.0248000007
  endloop
 endfacet

 facet normal 0 0 1
  outer loop
  vertex 0.0106520001 0.0061499998 0.0248000007
  vertex 0.00728099979 0.00528999977 0.0248000007
  vertex 0.0118810004 0.00318300002 0.0248000007
  endloop
 endfacet

 facet normal 0.130506262 0.991447568 0
  outer loop
  vertex 0 0.0122999996 0
  vertex 0 0.0122999996 0.0248000007
  vertex 0.00318300002 0.0118810004 0.0248000007
  endloop
 endfacet

 facet normal 0.130506262 0.991447568 0
  outer loop
  vertex 0 0.0122999996 0
  vertex 0.00318300002 0.0118810004 0.0248000007
  vertex 0.00318300002 0.0118810004 0
  endloop
 endfacet

 facet normal 0.38269037 0.923876703 0
  outer loop
  vertex 0.00318300002 0.0118810004 0
  vertex 0.00318300002 0.0118810004 0.0248000007
  vertex 0.0061499998 0.0106520001 0.0248000007
  endloop
 endfacet

 facet normal 0.38269037 0.923876703 0
  outer loop
  vertex 0.00318300002 0.0118810004 0
  vertex 0.0061499998 0.0106520001 0.0248000007
  vertex 0.0061499998 0.0106520001 -0
  endloop
 endfacet

 facet normal 0.608763158 0.793351948 0
  outer loop
  vertex 0.0061499998 0.0106520001 -0
  vertex 0.0061499998 0.0106520001 0.0248000007
  vertex 0.00869700033 0.00869700033 0.0248000007
  endloop
 endfacet

 facet normal 0.608763158 0.793351948 0
  outer loop
  vertex 0.0061499998 0.0106520001 -0
  vertex 0.00869700033 0.00869700033 0.0248000007
  vertex 0.00869700033 0.00869700033 0
  endloop
 endfacet

 facet normal 0.793351948 0.608763158 0
  outer loop
  vertex 0.00869700033 0.00869700033 0
  vertex 0.00869700033 0.00869700033 0.0248000007
  vertex 0.0106520001 0.0061499998 0.0248000007
  endloop
 endfacet

 facet normal 0.793351948 0.608763158 0
  outer loop
  vertex 0.00869700033 0.00869700033 0
  vertex 0.0106520001 0.0061499998 0.0248000007
  vertex 0.0106520001 0.0061499998 -0
  endloop
 endfacet

 facet normal 0.923876703 0.38269037 0
  outer loop
  vertex 0.0106520001 0.0061499998 -0
  vertex 0.0106520001 0.0061499998 0.0248000007
  vertex 0.0118810004 0.00318300002 0.0248000007
  endloop
 endfacet

 facet normal 0.923876703 0.38269037 0
  outer loop
  vertex 0.0106520001 0.0061499998 -0
  vertex 0.0118810004 0.00318300002 0.0248000007
  vertex 0.0118810004 0.00318300002 0
  endloop
 endfacet

 facet normal 0.991447568 0.130506262 0
  outer loop
  vertex 0.0118810004 0.00318300002 0
  vertex 0.0118810004 0.00318300002 0.0248000007
  vertex 0.0122999996 -0 0.0248000007
  endloop
 endfacet

 facet normal 0.991447568 0.130506262 0
  outer loop
  vertex 0.0118810004 0.00318300002 0
  vertex 0.0122999996 -0 0.0248000007
  vertex 0.0122999996 -0 0
  endloop
 endfacet

 facet normal 0.991447568 -0.130506262 0
  outer loop
  vertex 0.0122999996 -0 0
  vertex 0.0122999996 -0 0.0248000007
  vertex 0.0118810004 -0.00318300002 0.0248000007
  endloop
 endfacet

 facet normal 0.991447568 -0.130506262 0
  outer loop
  vertex 0.0122999996 -0 0
  vertex 0.0118810004 -0.00318300002 0.0248000007
  vertex 0.0118810004 -0.00318300002 0
  endloop
 endfacet

 facet normal 0.923876703 -0.38269037 0
  outer loop
  vertex 0.0118810004 -0.00318300002 0
  vertex 0.0118810004 -0.00318300002 0.0248000007
  vertex 0.0106520001 -0.0061499998 0.0248000007
  endloop
 endfacet

 facet normal 0.923876703 -0.38269037 0
  outer loop
  vertex 0.0118810004 -0.00318300002 0
  vertex 0.0106520001 -0.0061499998 0.0248000007
  vertex 0.0106520001 -0.0061499998 -0
  endloop
 endfacet

 facet normal 0.793351948 -0.608763158 0
  outer loop
  vertex 0.0106520001 -0.0061499998 -0
  vertex 0.0106520001 -0.0061499998 0.0248000007
  vertex 0.00869700033 -0.00869700033 0.0248000007
  endloop
 endfacet

 facet normal 0.793351948 -0.608763158 0
  outer loop
  vertex 0.0106520001 -0.0061499998 -0
  vertex 0.00869700033 -0.00869700033 0.0248000007
  vertex 0.00869700033 -0.00869700033 0
  endloop
 endfacet

 facet normal 0.608763158 -0.793351948 0
  outer loop
  vertex 0.00869700033 -0.00869700033 0
  vertex 0.00869700033 -0.00869700033 0.0248000007
  vertex 0.0061499998 -0.0106520001 0.0248000007
  endloop
 endfacet

 facet normal 0.608763158 -0.793351948 0
  outer loop
  vertex 0.00869700033 -0.00869700033 0
  vertex 0.0061499998 -0.0106520001 0.0248000007
  vertex 0.0061499998 -0.0106520001 -0
  endloop
 endfacet

 facet normal 0.38269037 -0.923876703 0
  outer loop
  vertex 0.0061499998 -0.0106520001 -0
  vertex 0.0061499998 -0.0106520001 0.0248000007
  vertex 0.00318300002 -0.0118810004 0.0248000007
  endloop
 endfacet

 facet normal 0.38269037 -0.923876703 0
  outer loop
  vertex 0.0061499998 -0.0106520001 -0
  vertex 0.00318300002 -0.0118810004 0.0248000007
  vertex 0.00318300002 -0.0118810004 0
  endloop
 endfacet

 facet normal 0.130506262 -0.991447568 0
  outer loop
  vertex 0.00318300002 -0.0118810004 0
  vertex 0.00318300002 -0.0118810004 0.0248000007
  vertex -0 -0.0122999996 0.0248000007
  endloop
 endfacet

 facet normal 0.130506262 -0.991447568 0
  outer loop
  vertex 0.00318300002 -0.0118810004 0
  vertex -0 -0.0122999996 0.0248000007
  vertex -0 -0.0122999996 0
  endloop
 endfacet

 facet normal 0 0 1
  outer loop
  vertex 0.00278099999 0.00855999999 0.0299999993
  vertex -0.00278099999 -0.00855999999 0.0299999993
  vertex 0 -0.00899999961 0.0299999993
  endloop
 endfacet

 facet normal 0 0 1
  outer loop
  vertex 0.00278099999 0.00855999999 0.0299999993
  vertex -0 0.00899999961 0.0299999993
  vertex -0.00278099999 -0.00855999999 0.0299999993
  endloop
 endfacet

 facet normal 0 0 1
  outer loop
  vertex -0.00278099999 -0.00855999999 0.0299999993
  vertex -0 0.00899999961 0.0299999993
  vertex -0.00278099999 0.00855999999 0.0299999993
  endloop
 endfacet

 facet normal 0 0 1
  outer loop
  vertex -0.00278099999 -0.00855999999 0.0299999993
  vertex -0.00278099999 0.00855999999 0.0299999993
  vertex -0.00528999977 0.00728099979 0.0299999993
  endloop
 endfacet

 facet normal 0 0 1
  outer loop
  vertex -0.00528999977 0.00728099979 0.0299999993
  vertex -0.00728099979 0.00528999977 0.0299999993
  vertex -0.00278099999 -0.00855999999 0.0299999993
  endloop
 endfacet

 facet normal 0 0 1
  outer loop
  vertex -0.00278099999 -0.00855999999 0.0299999993
  vertex -0.00728099979 0.00528999977 0.0299999993
  vertex -0.00855999999 0.00278099999 0.0299999993
  endloop
 endfacet

 facet normal 0 0 1
  outer loop
  vertex -0.00278099999 -0.00855999999 0.0299999993
  vertex -0.00855999999 0.00278099999 0.0299999993
  vertex -0.00899999961 -0 0.0299999993
  endloop
 endfacet

 facet normal 0 0 1
  outer loop
  vertex -0.00899999961 -0 0.0299999993
  vertex -0.00855999999 -0.00278099999 0.0299999993
  vertex -0.00278099999 -0.00855999999 0.0299999993
  endloop
 endfacet

 facet normal 0 0 1
  outer loop
  vertex -0.00278099999 -0.00855999999 0.0299999993
  vertex -0.00855999999 -0.00278099999 0.0299999993
  vertex -0.00728099979 -0.00528999977 0.0299999993
  endloop
 endfacet

 facet normal 0 0 1
  outer loop
  vertex -0.00278099999 -0.00855999999 0.0299999993
  vertex -0.00728099979 -0.00528999977 0.0299999993
  vertex -0.00528999977 -0.00728099979 0.0299999993
  endloop
 endfacet

 facet normal 0 0 1
  outer loop
  vertex 0.00728099979 0.00528999977 0.0299999993
  vertex 0.00528999977 -0.00728099979 0.0299999993
  vertex 0.00728099979 -0.00528999977 0.0299999993
  endloop
 endfacet

 facet normal 0 0 1
  outer loop
  vertex 0 -0.00899999961 0.0299999993
  vertex 0.00278099999 -0.00855999999 0.0299999993
  vertex 0.00278099999 0.00855999999 0.0299999993
  endloop
 endfacet

 facet normal 0 0 1
  outer loop
  vertex 0.00278099999 0.00855999999 0.0299999993
  vertex 0.00278099999 -0.00855999999 0.0299999993
  vertex 0.00528999977 -0.00728099979 0.0299999993
  endloop
 endfacet

 facet normal 0 0 1
  outer loop
  vertex 0.00278099999 0.00855999999 0.0299999993
  vertex 0.00528999977 -0.00728099979 0.0299999993
  vertex 0.00528999977 0.00728099979 0.0299999993
  endloop
 endfacet

 facet normal 0 0 1
  outer loop
  vertex 0.00528999977 0.00728099979 0.0299999993
  vertex 0.00528999977 -0.00728099979 0.0299999993
  vertex 0.00728099979 0.00528999977 0.0299999993
  endloop
 endfacet

 facet normal 0 0 1
  outer loop
  vertex 0.00728099979 -0.00528999977 0.0299999993
  vertex 0.00855999999 -0.00278099999 0.0299999993
  vertex 0.00728099979 0.00528999977 0.0299999993
  endloop
 endfacet

 facet normal 0 0 1
  outer loop
  vertex 0.00728099979 0.00528999977 0.0299999993
  vertex 0.00855999999 -0.00278099999 0.0299999993
  vertex 0.00899999961 -0 0.0299999993
  endloop
 endfacet

 facet normal 0 0 1
  outer loop
  vertex 0.00728099979 0.00528999977 0.0299999993
  vertex 0.00899999961 -0 0.0299999993
  vertex 0.00855999999 0.00278099999 0.0299999993
  endloop
 endfacet

 facet normal -0.987693906 0.156399041 0
  outer loop
  vertex -0.00855999999 0.00278099999 0.0299999993
  vertex -0.00899999961 -0 0.0248000007
  vertex -0.00899999961 -0 0.0299999993
  endloop
 endfacet

 facet normal -0.987693906 -0.156399041 0
  outer loop
  vertex -0.00899999961 -0 0.0299999993
  vertex -0.00899999961 -0 0.0248000007
  vertex -0.00855999999 -0.00278099999 0.0248000007
  endloop
 endfacet

 facet normal -0.987693906 -0.156399041 0
  outer loop
  vertex -0.00899999961 -0 0.0299999993
  vertex -0.00855999999 -0.00278099999 0.0248000007
  vertex -0.00855999999 -0.00278099999 0.0299999993
  endloop
 endfacet

 facet normal -0.891001344 -0.454000711 0
  outer loop
  vertex -0.00855999999 -0.00278099999 0.0299999993
  vertex -0.00855999999 -0.00278099999 0.0248000007
  vertex -0.00728099979 -0.00528999977 0.0248000007
  endloop
 endfacet

 facet normal -0.891001344 -0.454000711 0
  outer loop
  vertex -0.00855999999 -0.00278099999 0.0299999993
  vertex -0.00728099979 -0.00528999977 0.0248000007
  vertex -0.00728099979 -0.00528999977 0.0299999993
  endloop
 endfacet

 facet normal -0.707106769 -0.707106769 0
  outer loop
  vertex -0.00728099979 -0.00528999977 0.0299999993
  vertex -0.00728099979 -0.00528999977 0.0248000007
  vertex -0.00528999977 -0.00728099979 0.0248000007
  endloop
 endfacet

 facet normal -0.707106769 -0.707106769 0
  outer loop
  vertex -0.00728099979 -0.00528999977 0.0299999993
  vertex -0.00528999977 -0.00728099979 0.0248000007
  vertex -0.00528999977 -0.00728099979 0.0299999993
  endloop
 endfacet

 facet normal -0.454000711 -0.891001344 0
  outer loop
  vertex -0.00528999977 -0.00728099979 0.0299999993
  vertex -0.00528999977 -0.00728099979 0.0248000007
  vertex -0.00278099999 -0.00855999999 0.0248000007
  endloop
 endfacet

 facet normal -0.454000711 -0.891001344 0
  outer loop
  vertex -0.00528999977 -0.00728099979 0.0299999993
  vertex -0.00278099999 -0.00855999999 0.0248000007
  vertex -0.00278099999 -0.00855999999 0.0299999993
  endloop
 endfacet

 facet normal -0.156399041 -0.987693906 0
  outer loop
  vertex -0.00278099999 -0.00855999999 0.0299999993
  vertex -0.00278099999 -0.00855999999 0.0248000007
  vertex 0 -0.00899999961 0.0248000007
  endloop
 endfacet

 facet normal -0.156399041 -0.987693906 0
  outer loop
  vertex -0.00278099999 -0.00855999999 0.0299999993
  vertex 0 -0.00899999961 0.0248000007
  vertex 0 -0.00899999961 0.0299999993
  endloop
 endfacet

 facet normal 0.156399041 -0.987693906 0
  outer loop
  vertex 0 -0.00899999961 0.0299999993
  vertex 0 -0.00899999961 0.0248000007
  vertex 0.00278099999 -0.00855999999 0.0248000007
  endloop
 endfacet

 facet normal 0.156399041 -0.987693906 0
  outer loop
  vertex 0 -0.00899999961 0.0299999993
  vertex 0.00278099999 -0.00855999999 0.0248000007
  vertex 0.00278099999 -0.00855999999 0.0299999993
  endloop
 endfacet

 facet normal 0.454000711 -0.891001344 0
  outer loop
  vertex 0.00278099999 -0.00855999999 0.0299999993
  vertex 0.00278099999 -0.00855999999 0.0248000007
  vertex 0.00528999977 -0.00728099979 0.0248000007
  endloop
 endfacet

 facet normal 0.454000711 -0.891001344 0
  outer loop
  vertex 0.00278099999 -0.00855999999 0.0299999993
  vertex 0.00528999977 -0.00728099979 0.0248000007
  vertex 0.00528999977 -0.00728099979 0.0299999993
  endloop
 endfacet

 facet normal 0.707106769 -0.707106769 0
  outer loop
  vertex 0.00528999977 -0.00728099979 0.0299999993
  vertex 0.00528999977 -0.00728099979 0.0248000007
  vertex 0.00728099979 -0.00528999977 0.0248000007
  endloop
 endfacet

 facet normal 0.707106769 -0.707106769 0
  outer loop
  vertex 0.00528999977 -0.00728099979 0.0299999993
  vertex 0.00728099979 -0.00528999977 0.0248000007
  vertex 0.00728099979 -0.00528999977 0.0299999993
  endloop
 endfacet

 facet normal 0.891001344 -0.454000711 0
  outer loop
  vertex 0.00728099979 -0.00528999977 0.0299999993
  vertex 0.00728099979 -0.00528999977 0.0248000007
  vertex 0.00855999999 -0.00278099999 0.0248000007
  endloop
 endfacet

 facet normal 0.891001344 -0.454000711 0
  outer loop
  vertex 0.00728099979 -0.00528999977 0.0299999993
  vertex 0.00855999999 -0.00278099999 0.0248000007
  vertex 0.00855999999 -0.00278099999 0.0299999993
  endloop
 endfacet

 facet normal 0.987693906 -0.156399041 0
  outer loop
  vertex 0.00855999999 -0.00278099999 0.0299999993
  vertex 0.00855999999 -0.00278099999 0.0248000007
  vertex 0.00899999961 -0 0.0248000007
  endloop
 endfacet

 facet normal 0.987693906 -0.156399041 0
  outer loop
  vertex 0.00855999999 -0.00278099999 0.0299999993
  vertex 0.00899999961 -0 0.0248000007
  vertex 0.00899999961 -0 0.0299999993
  endloop
 endfacet

 facet normal 0.987693906 0.156399041 0
  outer loop
  vertex 0.00899999961 -0 0.0299999993
  vertex 0.00899999961 -0 0.0248000007
  vertex 0.00855999999 0.00278099999 0.0248000007
  endloop
 endfacet

 facet normal 0.987693906 0.156399041 0
  outer loop
  vertex 0.00899999961 -0 0.0299999993
  vertex 0.00855999999 0.00278099999 0.0248000007
  vertex 0.00855999999 0.00278099999 0.0299999993
  endloop
 endfacet

 facet normal 0.891001344 0.454000711 0
  outer loop
  vertex 0.00855999999 0.00278099999 0.0299999993
  vertex 0.00855999999 0.00278099999 0.0248000007
  vertex 0.00728099979 0.00528999977 0.0248000007
  endloop
 endfacet

 facet normal 0.891001344 0.454000711 0
  outer loop
  vertex 0.00855999999 0.00278099999 0.0299999993
  vertex 0.00728099979 0.00528999977 0.0248000007
  vertex 0.00728099979 0.00528999977 0.0299999993
  endloop
 endfacet

 facet normal 0.707106769 0.707106769 0
  outer loop
  vertex 0.00728099979 0.00528999977 0.0299999993
  vertex 0.00728099979 0.00528999977 0.0248000007
  vertex 0.00528999977 0.00728099979 0.0248000007
  endloop
 endfacet

 facet normal 0.707106769 0.707106769 0
  outer loop
  vertex 0.00728099979 0.00528999977 0.0299999993
  vertex 0.00528999977 0.00728099979 0.0248000007
  vertex 0.00528999977 0.00728099979 0.0299999993
  endloop
 endfacet

 facet normal 0.454000711 0.891001344 0
  outer loop
  vertex 0.00528999977 0.00728099979 0.0299999993
  vertex 0.00528999977 0.00728099979 0.0248000007
  vertex 0.00278099999 0.00855999999 0.0248000007
  endloop
 endfacet

 facet normal 0.454000711 0.891001344 0
  outer loop
  vertex 0.00528999977 0.00728099979 0.0299999993
  vertex 0.00278099999 0.00855999999 0.0248000007
  vertex 0.00278099999 0.00855999999 0.0299999993
  endloop
 endfacet

 facet normal 0.156399041 0.987693906 0
  outer loop
  vertex 0.00278099999 0.00855999999 0.0299999993
  vertex 0.00278099999 0.00855999999 0.0248000007
  vertex -0 0.00899999961 0.0248000007
  endloop
 endfacet

 facet normal 0.156399041 0.987693906 0
  outer loop
  vertex 0.00278099999 0.00855999999 0.0299999993
  vertex -0 0.00899999961 0.0248000007
  vertex -0 0.00899999961 0.0299999993
  endloop
 endfacet

 facet normal -0.156399041 0.987693906 0
  outer loop
  vertex -0 0.00899999961 0.0299999993
  vertex -0 0.00899999961 0.0248000007
  vertex -0.00278099999 0.00855999999 0.0248000007
  endloop
 endfacet

 facet normal -0.156399041 0.987693906 0
  outer loop
  vertex -0 0.00899999961 0.0299999993
  vertex -0.00278099999 0.00855999999 0.0248000007
  vertex -0.00278099999 0.00855999999 0.0299999993
  endloop
 endfacet

 facet normal -0.454000711 0.891001344 0
  outer loop
  vertex -0.00278099999 0.00855999999 0.0299999993
  vertex -0.00278099999 0.00855999999 0.0248000007
  vertex -0.00528999977 0.00728099979 0.0248000007
  endloop
 endfacet

 facet normal -0.454000711 0.891001344 0
  outer loop
  vertex -0.00278099999 0.00855999999 0.0299999993
  vertex -0.00528999977 0.00728099979 0.0248000007
  vertex -0.00528999977 0.00728099979 0.0299999993
  endloop
 endfacet

 facet normal -0.707106769 0.707106769 0
  outer loop
  vertex -0.00528999977 0.00728099979 0.0299999993
  vertex -0.00528999977 0.00728099979 0.0248000007
  vertex -0.00728099979 0.00528999977 0.0248000007
  endloop
 endfacet

 facet normal -0.707106769 0.707106769 0
  outer loop
  vertex -0.00528999977 0.00728099979 0.0299999993
  vertex -0.00728099979 0.00528999977 0.0248000007
  vertex -0.00728099979 0.00528999977 0.0299999993
  endloop
 endfacet

 facet normal -0.891001344 0.454000711 0
  outer loop
  vertex -0.00728099979 0.00528999977 0.0299999993
  vertex -0.00728099979 0.00528999977 0.0248000007
  vertex -0.00855999999 0.00278099999 0.0248000007
  endloop
 endfacet

 facet normal -0.891001344 0.454000711 0
  outer loop
  vertex -0.00728099979 0.00528999977 0.0299999993
  vertex -0.00855999999 0.00278099999 0.0248000007
  vertex -0.00855999999 0.00278099999 0.0299999993
  endloop
 endfacet

 facet normal -0.987693906 0.156399041 0
  outer loop
  vertex -0.00855999999 0.00278099999 0.0299999993
  vertex -0.00855999999 0.00278099999 0.0248000007
  vertex -0.00899999961 -0 0.0248000007
  endloop
 endfacet

 facet normal -0.987693906 0.156399041 0
  outer loop
  vertex -0.00855999999 0.00278099999 0
  vertex -0.00899999961 -0 -0.00499999989
  vertex -0.00899999961 -0 0
  endloop
 endfacet

 facet normal -0.987693906 -0.156399041 0
  outer loop
  vertex -0.00899999961 -0 0
  vertex -0.00899999961 -0 -0.00499999989
  vertex -0.00855999999 -0.00278099999 -0.00499999989
  endloop
 endfacet

 facet normal -0.987693906 -0.156399041 0
  outer loop
  vertex -0.00899999961 -0 0
  vertex -0.00855999999 -0.00278099999 -0.00499999989
  vertex -0.00855999999 -0.00278099999 0
  endloop
 endfacet

 facet normal -0.891001344 -0.454000711 0
  outer loop
  vertex -0.00855999999 -0.00278099999 0
  vertex -0.00855999999 -0.00278099999 -0.00499999989
  vertex -0.00728099979 -0.00528999977 -0.00499999989
  endloop
 endfacet

 facet normal -0.891001344 -0.454000711 0
  outer loop
  vertex -0.00855999999 -0.00278099999 0
  vertex -0.00728099979 -0.00528999977 -0.00499999989
  vertex -0.00728099979 -0.00528999977 0
  endloop
 endfacet

 facet normal -0.707106769 -0.707106769 0
  outer loop
  vertex -0.00728099979 -0.00528999977 0
  vertex -0.00728099979 -0.00528999977 -0.00499999989
  vertex -0.00528999977 -0.00728099979 -0.00499999989
  endloop
 endfacet

 facet normal -0.707106769 -0.707106769 0
  outer loop
  vertex -0.00728099979 -0.00528999977 0
  vertex -0.00528999977 -0.00728099979 -0.00499999989
  vertex -0.00528999977 -0.00728099979 0
  endloop
 endfacet

 facet normal -0.454000711 -0.891001344 0
  outer loop
  vertex -0.00528999977 -0.00728099979 0
  vertex -0.00528999977 -0.00728099979 -0.00499999989
  vertex -0.00278099999 -0.00855999999 -0.00499999989
  endloop
 endfacet

 facet normal -0.454000711 -0.891001344 0
  outer loop
  vertex -0.00528999977 -0.00728099979 0
  vertex -0.00278099999 -0.00855999999 -0.00499999989
  vertex -0.00278099999 -0.00855999999 0
  endloop
 endfacet

 facet normal -0.156399041 -0.987693906 0
  outer loop
  vertex -0.00278099999 -0.00855999999 0
  vertex -0.00278099999 -0.00855999999 -0.00499999989
  vertex 0 -0.00899999961 -0.00499999989
  endloop
 endfacet

 facet normal -0.156399041 -0.987693906 0
  outer loop
  vertex -0.00278099999 -0.00855999999 0
  vertex 0 -0.00899999961 -0.00499999989
  vertex 0 -0.00899999961 0
  endloop
 endfacet

 facet normal 0.156399041 -0.987693906 0
  outer loop
  vertex 0 -0.00899999961 0
  vertex 0 -0.00899999961 -0.00499999989
  vertex 0.00278099999 -0.00855999999 -0.00499999989
  endloop
 endfacet

 facet normal 0.156399041 -0.987693906 0
  outer loop
  vertex 0 -0.00899999961 0
  vertex 0.00278099999 -0.00855999999 -0.00499999989
  vertex 0.00278099999 -0.00855999999 0
  endloop
 endfacet

 facet normal 0.454000711 -0.891001344 0
  outer loop
  vertex 0.00278099999 -0.00855999999 0
  vertex 0.00278099999 -0.00855999999 -0.00499999989
  vertex 0.00528999977 -0.00728099979 -0.00499999989
  endloop
 endfacet

 facet normal 0.454000711 -0.891001344 0
  outer loop
  vertex 0.00278099999 -0.00855999999 0
  vertex 0.00528999977 -0.00728099979 -0.00499999989
  vertex 0.00528999977 -0.00728099979 0
  endloop
 endfacet

 facet normal 0.707106769 -0.707106769 0
  outer loop
  vertex 0.00528999977 -0.00728099979 0
  vertex 0.00528999977 -0.00728099979 -0.00499999989
  vertex 0.00728099979 -0.00528999977 -0.00499999989
  endloop
 endfacet

 facet normal 0.707106769 -0.707106769 0
  outer loop
  vertex 0.00528999977 -0.00728099979 0
  vertex 0.00728099979 -0.00528999977 -0.00499999989
  vertex 0.00728099979 -0.00528999977 0
  endloop
 endfacet

 facet normal 0.891001344 -0.454000711 0
  outer loop
  vertex 0.00728099979 -0.00528999977 0
  vertex 0.00728099979 -0.00528999977 -0.00499999989
  vertex 0.00855999999 -0.00278099999 -0.00499999989
  endloop
 endfacet

 facet normal 0.891001344 -0.454000711 0
  outer loop
  vertex 0.00728099979 -0.00528999977 0
  vertex 0.00855999999 -0.00278099999 -0.00499999989
  vertex 0.00855999999 -0.00278099999 0
  endloop
 endfacet

 facet normal 0.987693906 -0.156399041 0
  outer loop
  vertex 0.00855999999 -0.00278099999 0
  vertex 0.00855999999 -0.00278099999 -0.00499999989
  vertex 0.00899999961 -0 -0.00499999989
  endloop
 endfacet

 facet normal 0.987693906 -0.156399041 0
  outer loop
  vertex 0.00855999999 -0.00278099999 0
  vertex 0.00899999961 -0 -0.00499999989
  vertex 0.00899999961 -0 0
  endloop
 endfacet

 facet normal 0.987693906 0.156399041 0
  outer loop
  vertex 0.00899999961 -0 0
  vertex 0.00899999961 -0 -0.00499999989
  vertex 0.00855999999 0.00278099999 -0.00499999989
  endloop
 endfacet

 facet normal 0.987693906 0.156399041 0
  outer loop
  vertex 0.00899999961 -0 0
  vertex 0.00855999999 0.00278099999 -0.00499999989
  vertex 0.00855999999 0.00278099999 0
  endloop
 endfacet

 facet normal 0.891001344 0.454000711 0
  outer loop
  vertex 0.00855999999 0.00278099999 0
  vertex 0.00855999999 0.00278099999 -0.00499999989
  vertex 0.00728099979 0.00528999977 -0.00499999989
  endloop
 endfacet

 facet normal 0.891001344 0.454000711 0
  outer loop
  vertex 0.00855999999 0.00278099999 0
  vertex 0.00728099979 0.00528999977 -0.00499999989
  vertex 0.00728099979 0.00528999977 0
  endloop
 endfacet

 facet normal 0.707106769 0.707106769 0
  outer loop
  vertex 0.00728099979 0.00528999977 0
  vertex 0.00728099979 0.00528999977 -0.00499999989
  vertex 0.00528999977 0.00728099979 -0.00499999989
  endloop
 endfacet

 facet normal 0.707106769 0.707106769 0
  outer loop
  vertex 0.00728099979 0.00528999977 0
  vertex 0.00528999977 0.00728099979 -0.00499999989
  vertex 0.00528999977 0.00728099979 0
  endloop
 endfacet

 facet normal 0.454000711 0.891001344 0
  outer loop
  vertex 0.00528999977 0.00728099979 0
  vertex 0.00528999977 0.00728099979 -0.00499999989
  vertex 0.00278099999 0.00855999999 -0.00499999989
  endloop
 endfacet

 facet normal 0.454000711 0.891001344 0
  outer loop
  vertex 0.00528999977 0.00728099979 0
  vertex 0.00278099999 0.00855999999 -0.00499999989
  vertex 0.00278099999 0.00855999999 0
  endloop
 endfacet

 facet normal 0.156399041 0.987693906 0
  outer loop
  vertex 0.00278099999 0.00855999999 0
  vertex 0.00278099999 0.00855999999 -0.00499999989
  vertex -0 0.00899999961 -0.00499999989
  endloop
 endfacet

 facet normal 0.156399041 0.987693906 0
  outer loop
  vertex 0.00278099999 0.00855999999 0
  vertex -0 0.00899999961 -0.00499999989
  vertex -0 0.00899999961 0
  endloop
 endfacet

 facet normal -0.156399041 0.987693906 0
  outer loop
  vertex -0 0.00899999961 0
  vertex -0 0.00899999961 -0.00499999989
  vertex -0.00278099999 0.00855999999 -0.00499999989
  endloop
 endfacet

 facet normal -0.156399041 0.987693906 0
  outer loop
  vertex -0 0.00899999961 0
  vertex -0.00278099999 0.00855999999 -0.00499999989
  vertex -0.00278099999 0.00855999999 0
  endloop
 endfacet

 facet normal -0.454000711 0.891001344 0
  outer loop
  vertex -0.00278099999 0.00855999999 0
  vertex -0.00278099999 0.00855999999 -0.00499999989
  vertex -0.00528999977 0.00728099979 -0.00499999989
  endloop
 endfacet

 facet normal -0.454000711 0.891001344 0
  outer loop
  vertex -0.00278099999 0.00855999999 0
  vertex -0.00528999977 0.00728099979 -0.00499999989
  vertex -0.00528999977 0.00728099979 0
  endloop
 endfacet

 facet normal -0.707106769 0.707106769 0
  outer loop
  vertex -0.00528999977 0.00728099979 0
  vertex -0.00528999977 0.00728099979 -0.00499999989
  vertex -0.00728099979 0.00528999977 -0.00499999989
  endloop
 endfacet

 facet normal -0.707106769 0.707106769 0
  outer loop
  vertex -0.00528999977 0.00728099979 0
  vertex -0.00728099979 0.00528999977 -0.00499999989
  vertex -0.00728099979 0.00528999977 0
  endloop
 endfacet

 facet normal -0.891001344 0.454000711 0
  outer loop
  vertex -0.00728099979 0.00528999977 0
  vertex -0.00728099979 0.00528999977 -0.00499999989
  vertex -0.00855999999 0.00278099999 -0.00499999989
  endloop
 endfacet

 facet normal -0.891001344 0.454000711 0
  outer loop
  vertex -0.00728099979 0.00528999977 0
  vertex -0.00855999999 0.00278099999 -0.00499999989
  vertex -0.00855999999 0.00278099999 0
  endloop
 endfacet

 facet normal -0.987693906 0.156399041 0
  outer loop
  vertex -0.00855999999 0.00278099999 0
  vertex -0.00855999999 0.00278099999 -0.00499999989
  vertex -0.00899999961 -0 -0.00499999989
  endloop
 endfacet

 facet normal 0 0 -1
  outer loop
  vertex 0.00855999999 0.00278099999 -0.00499999989
  vertex 0.00528999977 -0.00728099979 -0.00499999989
  vertex 0.00728099979 0.00528999977 -0.00499999989
  endloop
 endfacet

 facet normal 0 0 -1
  outer loop
  vertex 0.00728099979 0.00528999977 -0.00499999989
  vertex 0.00528999977 -0.00728099979 -0.00499999989
  vertex 0.00278099999 -0.00855999999 -0.00499999989
  endloop
 endfacet

 facet normal 0 0 -1
  outer loop
  vertex -0.00528999977 0.00728099979 -0.00499999989
  vertex -0.00278099999 -0.00855999999 -0.00499999989
  vertex -0.00528999977 -0.00728099979 -0.00499999989
  endloop
 endfacet

 facet normal 0 0 -1
  outer loop
  vertex -0.00528999977 0.00728099979 -0.00499999989
  vertex -0.00278099999 0.00855999999 -0.00499999989
  vertex -0.00278099999 -0.00855999999 -0.00499999989
  endloop
 endfacet

 facet normal 0 0 -1
  outer loop
  vertex -0.00278099999 -0.00855999999 -0.00499999989
  vertex -0.00278099999 0.00855999999 -0.00499999989
  vertex -0 0.00899999961 -0.00499999989
  endloop
 endfacet

 facet normal 0 0 -1
  outer loop
  vertex -0.00278099999 -0.00855999999 -0.00499999989
  vertex -0 0.00899999961 -0.00499999989
  vertex 0.00278099999 0.00855999999 -0.00499999989
  endloop
 endfacet

 facet normal 0 0 -1
  outer loop
  vertex 0.00278099999 0.00855999999 -0.00499999989
  vertex 0.00528999977 0.00728099979 -0.00499999989
  vertex -0.00278099999 -0.00855999999 -0.00499999989
  endloop
 endfacet

 facet normal 0 0 -1
  outer loop
  vertex -0.00278099999 -0.00855999999 -0.00499999989
  vertex 0.00528999977 0.00728099979 -0.00499999989
  vertex 0.00728099979 0.00528999977 -0.00499999989
  endloop
 endfacet

 facet normal 0 0 -1
  outer loop
  vertex -0.00278099999 -0.00855999999 -0.00499999989
  vertex 0.00728099979 0.00528999977 -0.00499999989
  vertex 0 -0.00899999961 -0.00499999989
  endloop
 endfacet

 facet normal 0 0 -1
  outer loop
  vertex 0 -0.00899999961 -0.00499999989
  vertex 0.00728099979 0.00528999977 -0.00499999989
  vertex 0.00278099999 -0.00855999999 -0.00499999989
  endloop
 endfacet

 facet normal 0 0 -1
  outer loop
  vertex -0.00855999999 -0.00278099999 -0.00499999989
  vertex -0.00899999961 -0 -0.00499999989
  vertex -0.00855999999 0.00278099999 -0.00499999989
  endloop
 endfacet

 facet normal 0 0 -1
  outer loop
  vertex 0.00855999999 0.00278099999 -0.00499999989
  vertex 0.00899999961 -0 -0.00499999989
  vertex 0.00528999977 -0.00728099979 -0.00499999989
  endloop
 endfacet

 facet normal 0 0 -1
  outer loop
  vertex 0.00528999977 -0.00728099979 -0.00499999989
  vertex 0.00899999961 -0 -0.00499999989
  vertex 0.00855999999 -0.00278099999 -0.00499999989
  endloop
 endfacet

 facet normal 0 0 -1
  outer loop
  vertex 0.00528999977 -0.00728099979 -0.00499999989
  vertex 0.00855999999 -0.00278099999 -0.00499999989
  vertex 0.00728099979 -0.00528999977 -0.00499999989
  endloop
 endfacet

 facet normal 0 0 -1
  outer loop
  vertex -0.00528999977 -0.00728099979 -0.00499999989
  vertex -0.00728099979 -0.00528999977 -0.00499999989
  vertex -0.00528999977 0.00728099979 -0.00499999989
  endloop
 endfacet

 facet normal 0 0 -1
  outer loop
  vertex -0.00528999977 0.00728099979 -0.00499999989
  vertex -0.00728099979 -0.00528999977 -0.00499999989
  vertex -0.00855999999 -0.00278099999 -0.00499999989
  endloop
 endfacet

 facet normal 0 0 -1
  outer loop
  vertex -0.00528999977 0.00728099979 -0.00499999989
  vertex -0.00855999999 -0.00278099999 -0.00499999989
  vertex -0.00728099979 0.00528999977 -0.00499999989
  endloop
 endfacet

 facet normal 0 0 -1
  outer loop
  vertex -0.00728099979 0.00528999977 -0.00499999989
  vertex -0.00855999999 -0.00278099999 -0.00499999989
  vertex -0.00855999999 0.00278099999 -0.00499999989
  endloop
 endfacet

 facet normal -0.500011027 0 0.86601907
  outer loop
  vertex -0.0304959994 0.00270000007 0.0306000002
  vertex -0.0384280011 0.00270000007 0.026021
  vertex -0.0304959994 -0.00430000015 0.0306000002
  endloop
 endfacet

 facet normal -0.500011027 0 0.86601907
  outer loop
  vertex -0.0304959994 -0.00430000015 0.0306000002
  vertex -0.0384280011 0.00270000007 0.026021
  vertex -0.0384280011 -0.00430000015 0.026021
  endloop
 endfacet

 facet normal 0.247003719 0 0.969014585
  outer loop
  vertex -0.0549409986 0.00270000007 0.0208010003
  vertex -0.0549409986 -0.00430000015 0.0208010003
  vertex -0.0519319996 -0.00430000015 0.0200340003
  endloop
 endfacet

 facet normal 0.247003719 0 0.969014585
  outer loop
  vertex -0.0549409986 0.00270000007 0.0208010003
  vertex -0.0519319996 -0.00430000015 0.0200340003
  vertex -0.0519319996 0.00270000007 0.0200340003
  endloop
 endfacet

 facet normal 0.0273007452 0 0.999627292
  outer loop
  vertex -0.0519319996 0.00270000007 0.0200340003
  vertex -0.0519319996 -0.00430000015 0.0200340003
  vertex -0.048827 -0.00430000015 0.0199490003
  endloop
 endfacet

 facet normal 0.0273007452 0 0.999627292
  outer loop
  vertex -0.0519319996 0.00270000007 0.0200340003
  vertex -0.048827 -0.00430000015 0.0199490003
  vertex -0.048827 0.00270000007 0.0199490003
  endloop
 endfacet

 facet normal -0.193807811 0 0.981039524
  outer loop
  vertex -0.048827 0.00270000007 0.0199490003
  vertex -0.048827 -0.00430000015 0.0199490003
  vertex -0.0457799993 -0.00430000015 0.0205509998
  endloop
 endfacet

 facet normal -0.193807811 0 0.981039524
  outer loop
  vertex -0.048827 0.00270000007 0.0199490003
  vertex -0.0457799993 -0.00430000015 0.0205509998
  vertex -0.0457799993 0.00270000007 0.0205509998
  endloop
 endfacet

 facet normal -0.405293941 0 0.914186358
  outer loop
  vertex -0.0457799993 0.00270000007 0.0205509998
  vertex -0.0457799993 -0.00430000015 0.0205509998
  vertex -0.0429410003 -0.00430000015 0.0218100008
  endloop
 endfacet

 facet normal -0.405293941 0 0.914186358
  outer loop
  vertex -0.0457799993 0.00270000007 0.0205509998
  vertex -0.0429410003 -0.00430000015 0.0218100008
  vertex -0.0429410003 0.00270000007 0.0218100008
  endloop
 endfacet

 facet normal -0.596907556 0 0.802310109
  outer loop
  vertex -0.0429410003 0.00270000007 0.0218100008
  vertex -0.0429410003 -0.00430000015 0.0218100008
  vertex -0.0404499993 -0.00430000015 0.0236629993
  endloop
 endfacet

 facet normal -0.596907556 0 0.802310109
  outer loop
  vertex -0.0429410003 0.00270000007 0.0218100008
  vertex -0.0404499993 -0.00430000015 0.0236629993
  vertex -0.0404499993 0.00270000007 0.0236629993
  endloop
 endfacet

 facet normal -0.759087145 0 0.650988996
  outer loop
  vertex -0.0404499993 0.00270000007 0.0236629993
  vertex -0.0404499993 -0.00430000015 0.0236629993
  vertex -0.0384280011 -0.00430000015 0.026021
  endloop
 endfacet

 facet normal -0.759087145 0 0.650988996
  outer loop
  vertex -0.0404499993 0.00270000007 0.0236629993
  vertex -0.0384280011 -0.00430000015 0.026021
  vertex -0.0384280011 0.00270000007 0.026021
  endloop
 endfacet

 facet normal 0 1 0
  outer loop
  vertex -0.0450000018 -0.0113000004 0.0339000002
  vertex -0.0549999997 -0.0113000004 0.0339000002
  vertex -0.0451090001 -0.0113000004 0.0349400006
  endloop
 endfacet

 facet normal 0 1 0
  outer loop
  vertex -0.0451090001 -0.0113000004 0.0349400006
  vertex -0.0549999997 -0.0113000004 0.0339000002
  vertex -0.0545680001 -0.0113000004 0.0359340012
  endloop
 endfacet

 facet normal 0 1 0
  outer loop
  vertex -0.0451090001 -0.0113000004 0.0349400006
  vertex -0.0545680001 -0.0113000004 0.0359340012
  vertex -0.0533460006 -0.0113000004 0.0376159996
  endloop
 endfacet

 facet normal 0 1 0
  outer loop
  vertex -0.0450000018 -0.0113000004 0.0339000002
  vertex -0.0451090001 -0.0113000004 0.0328599997
  vertex -0.0549999997 -0.0113000004 0.0339000002
  endloop
 endfacet

 facet normal 0 1 0
  outer loop
  vertex -0.0549999997 -0.0113000004 0.0339000002
  vertex -0.0451090001 -0.0113000004 0.0328599997
  vertex -0.0459549986 -0.0113000004 0.0309609994
  endloop
 endfacet

 facet normal 0 1 0
  outer loop
  vertex -0.0549999997 -0.0113000004 0.0339000002
  vertex -0.0459549986 -0.0113000004 0.0309609994
  vertex -0.0474999994 -0.0113000004 0.0295700002
  endloop
 endfacet

 facet normal 0 1 0
  outer loop
  vertex -0.0474999994 -0.0113000004 0.0382299982
  vertex -0.0459549986 -0.0113000004 0.0368390009
  vertex -0.0494769998 -0.0113000004 0.0388729982
  endloop
 endfacet

 facet normal 0 1 0
  outer loop
  vertex -0.0494769998 -0.0113000004 0.0388729982
  vertex -0.0459549986 -0.0113000004 0.0368390009
  vertex -0.0451090001 -0.0113000004 0.0349400006
  endloop
 endfacet

 facet normal 0 1 0
  outer loop
  vertex -0.0494769998 -0.0113000004 0.0388729982
  vertex -0.0451090001 -0.0113000004 0.0349400006
  vertex -0.0515450016 -0.0113000004 0.0386550017
  endloop
 endfacet

 facet normal 0 1 0
  outer loop
  vertex -0.0515450016 -0.0113000004 0.0386550017
  vertex -0.0451090001 -0.0113000004 0.0349400006
  vertex -0.0533460006 -0.0113000004 0.0376159996
  endloop
 endfacet

 facet normal 0 1 0
  outer loop
  vertex -0.0533460006 -0.0113000004 0.0301840007
  vertex -0.0545680001 -0.0113000004 0.0318659991
  vertex -0.0515450016 -0.0113000004 0.0291450005
  endloop
 endfacet

 facet normal 0 1 0
  outer loop
  vertex -0.0515450016 -0.0113000004 0.0291450005
  vertex -0.0545680001 -0.0113000004 0.0318659991
  vertex -0.0549999997 -0.0113000004 0.0339000002
  endloop
 endfacet

 facet normal 0 1 0
  outer loop
  vertex -0.0515450016 -0.0113000004 0.0291450005
  vertex -0.0549999997 -0.0113000004 0.0339000002
  vertex -0.0494769998 -0.0113000004 0.0289270002
  endloop
 endfacet

 facet normal 0 1 0
  outer loop
  vertex -0.0494769998 -0.0113000004 0.0289270002
  vertex -0.0549999997 -0.0113000004 0.0339000002
  vertex -0.0474999994 -0.0113000004 0.0295700002
  endloop
 endfacet

 facet normal -0.994524658 0 -0.104502596
  outer loop
  vertex -0.0450000018 -0.0113000004 0.0339000002
  vertex -0.0451090001 -0.0113000004 0.0349400006
  vertex -0.0451090001 -0.00430000015 0.0349400006
  endloop
 endfacet

 facet normal -0.913551569 0 -0.406722933
  outer loop
  vertex -0.0451090001 -0.00430000015 0.0349400006
  vertex -0.0451090001 -0.0113000004 0.0349400006
  vertex -0.0459549986 -0.0113000004 0.0368390009
  endloop
 endfacet

 facet normal -0.913551569 0 -0.406722933
  outer loop
  vertex -0.0451090001 -0.00430000015 0.0349400006
  vertex -0.0459549986 -0.0113000004 0.0368390009
  vertex -0.0459549986 -0.00430000015 0.0368390009
  endloop
 endfacet

 facet normal -0.669135928 0 -0.743139982
  outer loop
  vertex -0.0459549986 -0.00430000015 0.0368390009
  vertex -0.0459549986 -0.0113000004 0.0368390009
  vertex -0.0474999994 -0.0113000004 0.0382299982
  endloop
 endfacet

 facet normal -0.669135928 0 -0.743139982
  outer loop
  vertex -0.0459549986 -0.00430000015 0.0368390009
  vertex -0.0474999994 -0.0113000004 0.0382299982
  vertex -0.0474999994 -0.00430000015 0.0382299982
  endloop
 endfacet

 facet normal -0.30898881 0 -0.9510656
  outer loop
  vertex -0.0474999994 -0.00430000015 0.0382299982
  vertex -0.0474999994 -0.0113000004 0.0382299982
  vertex -0.0494769998 -0.0113000004 0.0388729982
  endloop
 endfacet

 facet normal -0.30898881 0 -0.9510656
  outer loop
  vertex -0.0474999994 -0.00430000015 0.0382299982
  vertex -0.0494769998 -0.0113000004 0.0388729982
  vertex -0.0494769998 -0.00430000015 0.0388729982
  endloop
 endfacet

 facet normal 0.104502596 0 -0.994524658
  outer loop
  vertex -0.0494769998 -0.00430000015 0.0388729982
  vertex -0.0494769998 -0.0113000004 0.0388729982
  vertex -0.0515450016 -0.0113000004 0.0386550017
  endloop
 endfacet

 facet normal 0.104502596 0 -0.994524658
  outer loop
  vertex -0.0494769998 -0.00430000015 0.0388729982
  vertex -0.0515450016 -0.0113000004 0.0386550017
  vertex -0.0515450016 -0.00430000015 0.0386550017
  endloop
 endfacet

 facet normal 0.500011027 0 -0.86601907
  outer loop
  vertex -0.0515450016 -0.00430000015 0.0386550017
  vertex -0.0515450016 -0.0113000004 0.0386550017
  vertex -0.0533460006 -0.0113000004 0.0376159996
  endloop
 endfacet

 facet normal 0.500011027 0 -0.86601907
  outer loop
  vertex -0.0515450016 -0.00430000015 0.0386550017
  vertex -0.0533460006 -0.0113000004 0.0376159996
  vertex -0.0533460006 -0.00430000015 0.0376159996
  endloop
 endfacet

 facet normal 0.809004068 0 -0.587803006
  outer loop
  vertex -0.0533460006 -0.00430000015 0.0376159996
  vertex -0.0533460006 -0.0113000004 0.0376159996
  vertex -0.0545680001 -0.0113000004 0.0359340012
  endloop
 endfacet

 facet normal 0.809004068 0 -0.587803006
  outer loop
  vertex -0.0533460006 -0.00430000015 0.0376159996
  vertex -0.0545680001 -0.0113000004 0.0359340012
  vertex -0.0545680001 -0.00430000015 0.0359340012
  endloop
 endfacet

 facet normal 0.978147924 0 -0.207910195
  outer loop
  vertex -0.0545680001 -0.00430000015 0.0359340012
  vertex -0.0545680001 -0.0113000004 0.0359340012
  vertex -0.0549999997 -0.0113000004 0.0339000002
  endloop
 endfacet

 facet normal 0.978147924 0 -0.207910195
  outer loop
  vertex -0.0545680001 -0.00430000015 0.0359340012
  vertex -0.0549999997 -0.0113000004 0.0339000002
  vertex -0.0549999997 -0.00430000015 0.0339000002
  endloop
 endfacet

 facet normal 0.978147924 0 0.207910195
  outer loop
  vertex -0.0549999997 -0.00430000015 0.0339000002
  vertex -0.0549999997 -0.0113000004 0.0339000002
  vertex -0.0545680001 -0.0113000004 0.0318659991
  endloop
 endfacet

 facet normal 0.978147924 0 0.207910195
  outer loop
  vertex -0.0549999997 -0.00430000015 0.0339000002
  vertex -0.0545680001 -0.0113000004 0.0318659991
  vertex -0.0545680001 -0.00430000015 0.0318659991
  endloop
 endfacet

 facet normal 0.809004068 0 0.587803006
  outer loop
  vertex -0.0545680001 -0.00430000015 0.0318659991
  vertex -0.0545680001 -0.0113000004 0.0318659991
  vertex -0.0533460006 -0.0113000004 0.0301840007
  endloop
 endfacet

 facet normal 0.809004068 0 0.587803006
  outer loop
  vertex -0.0545680001 -0.00430000015 0.0318659991
  vertex -0.0533460006 -0.0113000004 0.0301840007
  vertex -0.0533460006 -0.00430000015 0.0301840007
  endloop
 endfacet

 facet normal 0.500011027 0 0.86601907
  outer loop
  vertex -0.0533460006 -0.00430000015 0.0301840007
  vertex -0.0533460006 -0.0113000004 0.0301840007
  vertex -0.0515450016 -0.0113000004 0.0291450005
  endloop
 endfacet

 facet normal 0.500011027 0 0.86601907
  outer loop
  vertex -0.0533460006 -0.00430000015 0.0301840007
  vertex -0.0515450016 -0.0113000004 0.0291450005
  vertex -0.0515450016 -0.00430000015 0.0291450005
  endloop
 endfacet

 facet normal 0.104502596 0 0.994524658
  outer loop
  vertex -0.0515450016 -0.00430000015 0.0291450005
  vertex -0.0515450016 -0.0113000004 0.0291450005
  vertex -0.0494769998 -0.0113000004 0.0289270002
  endloop
 endfacet

 facet normal 0.104502596 0 0.994524658
  outer loop
  vertex -0.0515450016 -0.00430000015 0.0291450005
  vertex -0.0494769998 -0.0113000004 0.0289270002
  vertex -0.0494769998 -0.00430000015 0.0289270002
  endloop
 endfacet

 facet normal -0.30898881 0 0.9510656
  outer loop
  vertex -0.0494769998 -0.00430000015 0.0289270002
  vertex -0.0494769998 -0.0113000004 0.0289270002
  vertex -0.0474999994 -0.0113000004 0.0295700002
  endloop
 endfacet

 facet normal -0.30898881 0 0.9510656
  outer loop
  vertex -0.0494769998 -0.00430000015 0.0289270002
  vertex -0.0474999994 -0.0113000004 0.0295700002
  vertex -0.0474999994 -0.00430000015 0.0295700002
  endloop
 endfacet

 facet normal -0.669135928 0 0.743139982
  outer loop
  vertex -0.0474999994 -0.00430000015 0.0295700002
  vertex -0.0474999994 -0.0113000004 0.0295700002
  vertex -0.0459549986 -0.0113000004 0.0309609994
  endloop
 endfacet

 facet normal -0.669135928 0 0.743139982
  outer loop
  vertex -0.0474999994 -0.00430000015 0.0295700002
  vertex -0.0459549986 -0.0113000004 0.0309609994
  vertex -0.0459549986 -0.00430000015 0.0309609994
  endloop
 endfacet

 facet normal -0.913551569 0 0.406722933
  outer loop
  vertex -0.0459549986 -0.00430000015 0.0309609994
  vertex -0.0459549986 -0.0113000004 0.0309609994
  vertex -0.0451090001 -0.0113000004 0.0328599997
  endloop
 endfacet

 facet normal -0.913551569 0 0.406722933
  outer loop
  vertex -0.0459549986 -0.00430000015 0.0309609994
  vertex -0.0451090001 -0.0113000004 0.0328599997
  vertex -0.0451090001 -0.00430000015 0.0328599997
  endloop
 endfacet

 facet normal -0.994524658 0 0.104502596
  outer loop
  vertex -0.0451090001 -0.00430000015 0.0328599997
  vertex -0.0451090001 -0.0113000004 0.0328599997
  vertex -0.0450000018 -0.0113000004 0.0339000002
  endloop
 endfacet

 facet normal -0.999878347 -0.0155996615 0
  outer loop
  vertex -0.0451090001 -0.00430000015 0.0328599997
  vertex -0.0450000018 -0.0113000004 0.0339000002
  vertex -0.0451090001 -0.00430000015 0.0349400006
  endloop
 endfacet

 facet normal -0.994524658 0 0.104502596
  outer loop
  vertex -0.0450000018 0.00970000029 0.0339000002
  vertex -0.0451090001 0.00970000029 0.0328599997
  vertex -0.0451090001 0.00270000007 0.0328599997
  endloop
 endfacet

 facet normal -0.913551569 0 0.406722933
  outer loop
  vertex -0.0451090001 0.00270000007 0.0328599997
  vertex -0.0451090001 0.00970000029 0.0328599997
  vertex -0.0459549986 0.00970000029 0.0309609994
  endloop
 endfacet

 facet normal -0.913551569 0 0.406722933
  outer loop
  vertex -0.0451090001 0.00270000007 0.0328599997
  vertex -0.0459549986 0.00970000029 0.0309609994
  vertex -0.0459549986 0.00270000007 0.0309609994
  endloop
 endfacet

 facet normal -0.669135928 0 0.743139982
  outer loop
  vertex -0.0459549986 0.00270000007 0.0309609994
  vertex -0.0459549986 0.00970000029 0.0309609994
  vertex -0.0474999994 0.00970000029 0.0295700002
  endloop
 endfacet

 facet normal -0.669135928 0 0.743139982
  outer loop
  vertex -0.0459549986 0.00270000007 0.0309609994
  vertex -0.0474999994 0.00970000029 0.0295700002
  vertex -0.0474999994 0.00270000007 0.0295700002
  endloop
 endfacet

 facet normal -0.30898881 0 0.9510656
  outer loop
  vertex -0.0474999994 0.00270000007 0.0295700002
  vertex -0.0474999994 0.00970000029 0.0295700002
  vertex -0.0494769998 0.00970000029 0.0289270002
  endloop
 endfacet

 facet normal -0.30898881 0 0.9510656
  outer loop
  vertex -0.0474999994 0.00270000007 0.0295700002
  vertex -0.0494769998 0.00970000029 0.0289270002
  vertex -0.0494769998 0.00270000007 0.0289270002
  endloop
 endfacet

 facet normal 0.104502596 0 0.994524658
  outer loop
  vertex -0.0494769998 0.00270000007 0.0289270002
  vertex -0.0494769998 0.00970000029 0.0289270002
  vertex -0.0515450016 0.00970000029 0.0291450005
  endloop
 endfacet

 facet normal 0.104502596 0 0.994524658
  outer loop
  vertex -0.0494769998 0.00270000007 0.0289270002
  vertex -0.0515450016 0.00970000029 0.0291450005
  vertex -0.0515450016 0.00270000007 0.0291450005
  endloop
 endfacet

 facet normal 0.500011027 0 0.86601907
  outer loop
  vertex -0.0515450016 0.00270000007 0.0291450005
  vertex -0.0515450016 0.00970000029 0.0291450005
  vertex -0.0533460006 0.00970000029 0.0301840007
  endloop
 endfacet

 facet normal 0.500011027 0 0.86601907
  outer loop
  vertex -0.0515450016 0.00270000007 0.0291450005
  vertex -0.0533460006 0.00970000029 0.0301840007
  vertex -0.0533460006 0.00270000007 0.0301840007
  endloop
 endfacet

 facet normal 0.809004068 0 0.587803006
  outer loop
  vertex -0.0533460006 0.00270000007 0.0301840007
  vertex -0.0533460006 0.00970000029 0.0301840007
  vertex -0.0545680001 0.00970000029 0.0318659991
  endloop
 endfacet

 facet normal 0.809004068 0 0.587803006
  outer loop
  vertex -0.0533460006 0.00270000007 0.0301840007
  vertex -0.0545680001 0.00970000029 0.0318659991
  vertex -0.0545680001 0.00270000007 0.0318659991
  endloop
 endfacet

 facet normal 0.978147924 0 0.207910195
  outer loop
  vertex -0.0545680001 0.00270000007 0.0318659991
  vertex -0.0545680001 0.00970000029 0.0318659991
  vertex -0.0549999997 0.00970000029 0.0339000002
  endloop
 endfacet

 facet normal 0.978147924 0 0.207910195
  outer loop
  vertex -0.0545680001 0.00270000007 0.0318659991
  vertex -0.0549999997 0.00970000029 0.0339000002
  vertex -0.0549999997 0.00270000007 0.0339000002
  endloop
 endfacet

 facet normal 0.978147924 0 -0.207910195
  outer loop
  vertex -0.0549999997 0.00270000007 0.0339000002
  vertex -0.0549999997 0.00970000029 0.0339000002
  vertex -0.0545680001 0.00970000029 0.0359340012
  endloop
 endfacet

 facet normal 0.978147924 0 -0.207910195
  outer loop
  vertex -0.0549999997 0.00270000007 0.0339000002
  vertex -0.0545680001 0.00970000029 0.0359340012
  vertex -0.0545680001 0.00270000007 0.0359340012
  endloop
 endfacet

 facet normal 0.809004068 0 -0.587803006
  outer loop
  vertex -0.0545680001 0.00270000007 0.0359340012
  vertex -0.0545680001 0.00970000029 0.0359340012
  vertex -0.0533460006 0.00970000029 0.0376159996
  endloop
 endfacet

 facet normal 0.809004068 0 -0.587803006
  outer loop
  vertex -0.0545680001 0.00270000007 0.0359340012
  vertex -0.0533460006 0.00970000029 0.0376159996
  vertex -0.0533460006 0.00270000007 0.0376159996
  endloop
 endfacet

 facet normal 0.500011027 0 -0.86601907
  outer loop
  vertex -0.0533460006 0.00270000007 0.0376159996
  vertex -0.0533460006 0.00970000029 0.0376159996
  vertex -0.0515450016 0.00970000029 0.0386550017
  endloop
 endfacet

 facet normal 0.500011027 0 -0.86601907
  outer loop
  vertex -0.0533460006 0.00270000007 0.0376159996
  vertex -0.0515450016 0.00970000029 0.0386550017
  vertex -0.0515450016 0.00270000007 0.0386550017
  endloop
 endfacet

 facet normal 0.104502596 0 -0.994524658
  outer loop
  vertex -0.0515450016 0.00270000007 0.0386550017
  vertex -0.0515450016 0.00970000029 0.0386550017
  vertex -0.0494769998 0.00970000029 0.0388729982
  endloop
 endfacet

 facet normal 0.104502596 0 -0.994524658
  outer loop
  vertex -0.0515450016 0.00270000007 0.0386550017
  vertex -0.0494769998 0.00970000029 0.0388729982
  vertex -0.0494769998 0.00270000007 0.0388729982
  endloop
 endfacet

 facet normal -0.30898881 0 -0.9510656
  outer loop
  vertex -0.0494769998 0.00270000007 0.0388729982
  vertex -0.0494769998 0.00970000029 0.0388729982
  vertex -0.0474999994 0.00970000029 0.0382299982
  endloop
 endfacet

 facet normal -0.30898881 0 -0.9510656
  outer loop
  vertex -0.0494769998 0.00270000007 0.0388729982
  vertex -0.0474999994 0.00970000029 0.0382299982
  vertex -0.0474999994 0.00270000007 0.0382299982
  endloop
 endfacet

 facet normal -0.669135928 0 -0.743139982
  outer loop
  vertex -0.0474999994 0.00270000007 0.0382299982
  vertex -0.0474999994 0.00970000029 0.0382299982
  vertex -0.0459549986 0.00970000029 0.0368390009
  endloop
 endfacet

 facet normal -0.669135928 0 -0.743139982
  outer loop
  vertex -0.0474999994 0.00270000007 0.0382299982
  vertex -0.0459549986 0.00970000029 0.0368390009
  vertex -0.0459549986 0.00270000007 0.0368390009
  endloop
 endfacet

 facet normal -0.913551569 0 -0.406722933
  outer loop
  vertex -0.0459549986 0.00270000007 0.0368390009
  vertex -0.0459549986 0.00970000029 0.0368390009
  vertex -0.0451090001 0.00970000029 0.0349400006
  endloop
 endfacet

 facet normal -0.913551569 0 -0.406722933
  outer loop
  vertex -0.0459549986 0.00270000007 0.0368390009
  vertex -0.0451090001 0.00970000029 0.0349400006
  vertex -0.0451090001 0.00270000007 0.0349400006
  endloop
 endfacet

 facet normal -0.994524658 0 -0.104502596
  outer loop
  vertex -0.0451090001 0.00270000007 0.0349400006
  vertex -0.0451090001 0.00970000029 0.0349400006
  vertex -0.0450000018 0.00970000029 0.0339000002
  endloop
 endfacet

 facet normal -0.999878347 0.0155996615 0
  outer loop
  vertex -0.0451090001 0.00270000007 0.0349400006
  vertex -0.0450000018 0.00970000029 0.0339000002
  vertex -0.0451090001 0.00270000007 0.0328599997
  endloop
 endfacet

 facet normal 0 -1 0
  outer loop
  vertex -0.0533460006 0.00970000029 0.0376159996
  vertex -0.0545680001 0.00970000029 0.0359340012
  vertex -0.0549999997 0.00970000029 0.0339000002
  endloop
 endfacet

 facet normal 0 -1 0
  outer loop
  vertex -0.0459549986 0.00970000029 0.0309609994
  vertex -0.0451090001 0.00970000029 0.0328599997
  vertex -0.0474999994 0.00970000029 0.0295700002
  endloop
 endfacet

 facet normal 0 -1 0
  outer loop
  vertex -0.0474999994 0.00970000029 0.0295700002
  vertex -0.0451090001 0.00970000029 0.0328599997
  vertex -0.0549999997 0.00970000029 0.0339000002
  endloop
 endfacet

 facet normal 0 -1 0
  outer loop
  vertex -0.0494769998 0.00970000029 0.0289270002
  vertex -0.0474999994 0.00970000029 0.0295700002
  vertex -0.0515450016 0.00970000029 0.0291450005
  endloop
 endfacet

 facet normal 0 -1 0
  outer loop
  vertex -0.0515450016 0.00970000029 0.0291450005
  vertex -0.0474999994 0.00970000029 0.0295700002
  vertex -0.0549999997 0.00970000029 0.0339000002
  endloop
 endfacet

 facet normal 0 -1 0
  outer loop
  vertex -0.0515450016 0.00970000029 0.0291450005
  vertex -0.0549999997 0.00970000029 0.0339000002
  vertex -0.0533460006 0.00970000029 0.0301840007
  endloop
 endfacet

 facet normal 0 -1 0
  outer loop
  vertex -0.0533460006 0.00970000029 0.0301840007
  vertex -0.0549999997 0.00970000029 0.0339000002
  vertex -0.0545680001 0.00970000029 0.0318659991
  endloop
 endfacet

 facet normal 0 -1 0
  outer loop
  vertex -0.0459549986 0.00970000029 0.0368390009
  vertex -0.0474999994 0.00970000029 0.0382299982
  vertex -0.0451090001 0.00970000029 0.0349400006
  endloop
 endfacet

 facet normal 0 -1 0
  outer loop
  vertex -0.0451090001 0.00970000029 0.0349400006
  vertex -0.0474999994 0.00970000029 0.0382299982
  vertex -0.0494769998 0.00970000029 0.0388729982
  endloop
 endfacet

 facet normal 0 -1 0
  outer loop
  vertex -0.0451090001 0.00970000029 0.0328599997
  vertex -0.0450000018 0.00970000029 0.0339000002
  vertex -0.0549999997 0.00970000029 0.0339000002
  endloop
 endfacet

 facet normal 0 -1 0
  outer loop
  vertex -0.0549999997 0.00970000029 0.0339000002
  vertex -0.0450000018 0.00970000029 0.0339000002
  vertex -0.0451090001 0.00970000029 0.0349400006
  endloop
 endfacet

 facet normal 0 -1 0
  outer loop
  vertex -0.0549999997 0.00970000029 0.0339000002
  vertex -0.0451090001 0.00970000029 0.0349400006
  vertex -0.0533460006 0.00970000029 0.0376159996
  endloop
 endfacet

 facet normal 0 -1 0
  outer loop
  vertex -0.0533460006 0.00970000029 0.0376159996
  vertex -0.0451090001 0.00970000029 0.0349400006
  vertex -0.0494769998 0.00970000029 0.0388729982
  endloop
 endfacet

 facet normal 0 -1 0
  outer loop
  vertex -0.0533460006 0.00970000029 0.0376159996
  vertex -0.0494769998 0.00970000029 0.0388729982
  vertex -0.0515450016 0.00970000029 0.0386550017
  endloop
 endfacet

 facet normal 1 0 0
  outer loop
  vertex -0.0350099988 -0.0121330004 0.00102500001
  vertex -0.0350099988 -0.0116750002 0.00056700001
  vertex -0.0350099988 -0.0122999996 0.00164999999
  endloop
 endfacet

 facet normal 1 0 0
  outer loop
  vertex -0.0350099988 -0.0122999996 0.00164999999
  vertex -0.0350099988 -0.0116750002 0.00056700001
  vertex -0.0350099988 -0.0110499999 0.00039999999
  endloop
 endfacet

 facet normal 1 0 0
  outer loop
  vertex -0.0350099988 -0.0122999996 0.00164999999
  vertex -0.0350099988 -0.0110499999 0.00039999999
  vertex -0.0350099988 -0.0122999996 0.0143900001
  endloop
 endfacet

 facet normal 1 0 0
  outer loop
  vertex -0.0350099988 -0.0122999996 0.0143900001
  vertex -0.0350099988 -0.0110499999 0.00039999999
  vertex -0.0350099988 -0.0110499999 0.0143900001
  endloop
 endfacet

 facet normal 0 0 1
  outer loop
  vertex -0.0350099988 -0.0110499999 0.0143900001
  vertex -0.0410000011 -0.0110499999 0.0143900001
  vertex -0.0350099988 -0.0122999996 0.0143900001
  endloop
 endfacet

 facet normal 0 0 1
  outer loop
  vertex -0.0350099988 -0.0122999996 0.0143900001
  vertex -0.0410000011 -0.0110499999 0.0143900001
  vertex -0.0410000011 -0.0122999996 0.0143900001
  endloop
 endfacet

 facet normal 0.965928912 0 0.258807719
  outer loop
  vertex -0.0430100001 -0.0110499999 0.0164000001
  vertex -0.0430100001 -0.0122999996 0.0164000001
  vertex -0.0427410007 -0.0122999996 0.0153949996
  endloop
 endfacet

 facet normal 0.965928912 0 0.258807719
  outer loop
  vertex -0.0430100001 -0.0110499999 0.0164000001
  vertex -0.0427410007 -0.0122999996 0.0153949996
  vertex -0.0427410007 -0.0110499999 0.0153949996
  endloop
 endfacet

 facet normal 0.707106769 0 0.707106769
  outer loop
  vertex -0.0427410007 -0.0110499999 0.0153949996
  vertex -0.0427410007 -0.0122999996 0.0153949996
  vertex -0.0420049988 -0.0122999996 0.0146589996
  endloop
 endfacet

 facet normal 0.707106769 0 0.707106769
  outer loop
  vertex -0.0427410007 -0.0110499999 0.0153949996
  vertex -0.0420049988 -0.0122999996 0.0146589996
  vertex -0.0420049988 -0.0110499999 0.0146589996
  endloop
 endfacet

 facet normal 0.258807719 0 0.965928912
  outer loop
  vertex -0.0420049988 -0.0110499999 0.0146589996
  vertex -0.0420049988 -0.0122999996 0.0146589996
  vertex -0.0410000011 -0.0122999996 0.0143900001
  endloop
 endfacet

 facet normal 0.258807719 0 0.965928912
  outer loop
  vertex -0.0420049988 -0.0110499999 0.0146589996
  vertex -0.0410000011 -0.0122999996 0.0143900001
  vertex -0.0410000011 -0.0110499999 0.0143900001
  endloop
 endfacet

 facet normal 1 0 0
  outer loop
  vertex -0.0430100001 -0.0110499999 0.0164000001
  vertex -0.0430100001 -0.0110499999 0.0339000002
  vertex -0.0430100001 -0.0122999996 0.0164000001
  endloop
 endfacet

 facet normal 1 0 0
  outer loop
  vertex -0.0430100001 -0.0122999996 0.0164000001
  vertex -0.0430100001 -0.0110499999 0.0339000002
  vertex -0.0430100001 -0.0122999996 0.0339000002
  endloop
 endfacet

 facet normal -0.984815717 0 0.17360276
  outer loop
  vertex -0.0569900014 -0.0110499999 0.0339000002
  vertex -0.0569900014 -0.0122999996 0.0339000002
  vertex -0.0565680005 -0.0122999996 0.0362909995
  endloop
 endfacet

 facet normal -0.984815717 0 0.17360276
  outer loop
  vertex -0.0569900014 -0.0110499999 0.0339000002
  vertex -0.0565680005 -0.0122999996 0.0362909995
  vertex -0.0565680005 -0.0110499999 0.0362909995
  endloop
 endfacet

 facet normal -0.86601907 0 0.500011027
  outer loop
  vertex -0.0565680005 -0.0110499999 0.0362909995
  vertex -0.0565680005 -0.0122999996 0.0362909995
  vertex -0.0553550012 -0.0122999996 0.0383929983
  endloop
 endfacet

 facet normal -0.86601907 0 0.500011027
  outer loop
  vertex -0.0565680005 -0.0110499999 0.0362909995
  vertex -0.0553550012 -0.0122999996 0.0383929983
  vertex -0.0553550012 -0.0110499999 0.0383929983
  endloop
 endfacet

 facet normal -0.642816782 0 0.76602
  outer loop
  vertex -0.0553550012 -0.0110499999 0.0383929983
  vertex -0.0553550012 -0.0122999996 0.0383929983
  vertex -0.053495001 -0.0122999996 0.0399539992
  endloop
 endfacet

 facet normal -0.642816782 0 0.76602
  outer loop
  vertex -0.0553550012 -0.0110499999 0.0383929983
  vertex -0.053495001 -0.0122999996 0.0399539992
  vertex -0.053495001 -0.0110499999 0.0399539992
  endloop
 endfacet

 facet normal -0.342000008 0 0.939700007
  outer loop
  vertex -0.053495001 -0.0110499999 0.0399539992
  vertex -0.053495001 -0.0122999996 0.0399539992
  vertex -0.0512139983 -0.0122999996 0.0407840014
  endloop
 endfacet

 facet normal -0.342000008 0 0.939700007
  outer loop
  vertex -0.053495001 -0.0110499999 0.0399539992
  vertex -0.0512139983 -0.0122999996 0.0407840014
  vertex -0.0512139983 -0.0110499999 0.0407840014
  endloop
 endfacet

 facet normal 0 0 1
  outer loop
  vertex -0.0512139983 -0.0110499999 0.0407840014
  vertex -0.0512139983 -0.0122999996 0.0407840014
  vertex -0.0487859994 -0.0122999996 0.0407840014
  endloop
 endfacet

 facet normal 0 0 1
  outer loop
  vertex -0.0512139983 -0.0110499999 0.0407840014
  vertex -0.0487859994 -0.0122999996 0.0407840014
  vertex -0.0487859994 -0.0110499999 0.0407840014
  endloop
 endfacet

 facet normal 0.342000008 0 0.939700007
  outer loop
  vertex -0.0487859994 -0.0110499999 0.0407840014
  vertex -0.0487859994 -0.0122999996 0.0407840014
  vertex -0.0465050004 -0.0122999996 0.0399539992
  endloop
 endfacet

 facet normal 0.342000008 0 0.939700007
  outer loop
  vertex -0.0487859994 -0.0110499999 0.0407840014
  vertex -0.0465050004 -0.0122999996 0.0399539992
  vertex -0.0465050004 -0.0110499999 0.0399539992
  endloop
 endfacet

 facet normal 0.642816782 0 0.76602
  outer loop
  vertex -0.0465050004 -0.0110499999 0.0399539992
  vertex -0.0465050004 -0.0122999996 0.0399539992
  vertex -0.0446450002 -0.0122999996 0.0383929983
  endloop
 endfacet

 facet normal 0.642816782 0 0.76602
  outer loop
  vertex -0.0465050004 -0.0110499999 0.0399539992
  vertex -0.0446450002 -0.0122999996 0.0383929983
  vertex -0.0446450002 -0.0110499999 0.0383929983
  endloop
 endfacet

 facet normal 0.86601907 0 0.500011027
  outer loop
  vertex -0.0446450002 -0.0110499999 0.0383929983
  vertex -0.0446450002 -0.0122999996 0.0383929983
  vertex -0.043432001 -0.0122999996 0.0362909995
  endloop
 endfacet

 facet normal 0.86601907 0 0.500011027
  outer loop
  vertex -0.0446450002 -0.0110499999 0.0383929983
  vertex -0.043432001 -0.0122999996 0.0362909995
  vertex -0.043432001 -0.0110499999 0.0362909995
  endloop
 endfacet

 facet normal 0.984815717 0 0.17360276
  outer loop
  vertex -0.043432001 -0.0110499999 0.0362909995
  vertex -0.043432001 -0.0122999996 0.0362909995
  vertex -0.0430100001 -0.0122999996 0.0339000002
  endloop
 endfacet

 facet normal 0.984815717 0 0.17360276
  outer loop
  vertex -0.043432001 -0.0110499999 0.0362909995
  vertex -0.0430100001 -0.0122999996 0.0339000002
  vertex -0.0430100001 -0.0110499999 0.0339000002
  endloop
 endfacet

 facet normal -1 0 0
  outer loop
  vertex -0.0569900014 -0.0110499999 0.0039619999
  vertex -0.0569900014 -0.0116219996 0.00411699992
  vertex -0.0569900014 -0.0110499999 0.0339000002
  endloop
 endfacet

 facet normal -1 -0.000199999995 0
  outer loop
  vertex -0.0569900014 -0.0110499999 0.0339000002
  vertex -0.0569900014 -0.0116219996 0.00411699992
  vertex -0.0569900014 -0.0116659999 0.00416099979
  endloop
 endfacet

 facet normal -1 0 0
  outer loop
  vertex -0.0569900014 -0.0122999996 0.0339000002
  vertex -0.0569900014 -0.0110499999 0.0339000002
  vertex -0.0569900014 -0.0122999996 0.00536399987
  endloop
 endfacet

 facet normal -1 0 0
  outer loop
  vertex -0.0569900014 -0.0122999996 0.00536399987
  vertex -0.0569900014 -0.0110499999 0.0339000002
  vertex -0.0569900014 -0.0116659999 0.00416099979
  endloop
 endfacet

 facet normal -1 0 0
  outer loop
  vertex -0.0569900014 -0.0122999996 0.00536399987
  vertex -0.0569900014 -0.0116659999 0.00416099979
  vertex -0.0569900014 -0.0121170003 0.00466899993
  endloop
 endfacet

 facet normal -1 0 0
  outer loop
  vertex -0.0569900014 -0.0121170003 0.00466899993
  vertex -0.0569900014 -0.0116659999 0.00416099979
  vertex -0.0569900014 -0.0120989997 0.00460200012
  endloop
 endfacet

 facet normal 1 -0.000199999995 0
  outer loop
  vertex -0.057 -0.0121170003 0.0046740002
  vertex -0.057 -0.0120989997 0.00460699992
  vertex -0.057 -0.0116659999 0.00416699983
  endloop
 endfacet

 facet normal 1 0 0
  outer loop
  vertex -0.057 -0.0116219996 0.00412200019
  vertex -0.057 -0.0110499999 0.00396700017
  vertex -0.057 -0.0116659999 0.00416699983
  endloop
 endfacet

 facet normal 1 0 0
  outer loop
  vertex -0.057 -0.0116659999 0.00416699983
  vertex -0.057 -0.0110499999 0.00396700017
  vertex -0.057 -0.0110499999 0.0339000002
  endloop
 endfacet

 facet normal 1 0 0
  outer loop
  vertex -0.057 -0.0110499999 0.0339000002
  vertex -0.057 -0.0122999996 0.0339000002
  vertex -0.057 -0.0116659999 0.00416699983
  endloop
 endfacet

 facet normal 1 0 0
  outer loop
  vertex -0.057 -0.0116659999 0.00416699983
  vertex -0.057 -0.0122999996 0.0339000002
  vertex -0.057 -0.0122999996 0.00536999991
  endloop
 endfacet

 facet normal 1 0 0
  outer loop
  vertex -0.057 -0.0116659999 0.00416699983
  vertex -0.057 -0.0122999996 0.00536999991
  vertex -0.057 -0.0121170003 0.0046740002
  endloop
 endfacet

 facet normal -0.984815717 0 -0.17360276
  outer loop
  vertex -0.0430000015 -0.0110499999 0.0339000002
  vertex -0.0430000015 -0.0122999996 0.0339000002
  vertex -0.0434219986 -0.0122999996 0.0362939984
  endloop
 endfacet

 facet normal -0.984815717 0 -0.17360276
  outer loop
  vertex -0.0430000015 -0.0110499999 0.0339000002
  vertex -0.0434219986 -0.0122999996 0.0362939984
  vertex -0.0434219986 -0.0110499999 0.0362939984
  endloop
 endfacet

 facet normal -0.86601907 0 -0.500011027
  outer loop
  vertex -0.0434219986 -0.0110499999 0.0362939984
  vertex -0.0434219986 -0.0122999996 0.0362939984
  vertex -0.0446380004 -0.0122999996 0.0384000018
  endloop
 endfacet

 facet normal -0.86601907 0 -0.500011027
  outer loop
  vertex -0.0434219986 -0.0110499999 0.0362939984
  vertex -0.0446380004 -0.0122999996 0.0384000018
  vertex -0.0446380004 -0.0110499999 0.0384000018
  endloop
 endfacet

 facet normal -0.642816782 0 -0.76602
  outer loop
  vertex -0.0446380004 -0.0110499999 0.0384000018
  vertex -0.0446380004 -0.0122999996 0.0384000018
  vertex -0.0465000011 -0.0122999996 0.0399620011
  endloop
 endfacet

 facet normal -0.642816782 0 -0.76602
  outer loop
  vertex -0.0446380004 -0.0110499999 0.0384000018
  vertex -0.0465000011 -0.0122999996 0.0399620011
  vertex -0.0465000011 -0.0110499999 0.0399620011
  endloop
 endfacet

 facet normal -0.342000008 0 -0.939700007
  outer loop
  vertex -0.0465000011 -0.0110499999 0.0399620011
  vertex -0.0465000011 -0.0122999996 0.0399620011
  vertex -0.0487839989 -0.0122999996 0.040794
  endloop
 endfacet

 facet normal -0.342000008 0 -0.939700007
  outer loop
  vertex -0.0465000011 -0.0110499999 0.0399620011
  vertex -0.0487839989 -0.0122999996 0.040794
  vertex -0.0487839989 -0.0110499999 0.040794
  endloop
 endfacet

 facet normal 0 0 -1
  outer loop
  vertex -0.0487839989 -0.0110499999 0.040794
  vertex -0.0487839989 -0.0122999996 0.040794
  vertex -0.0512159988 -0.0122999996 0.040794
  endloop
 endfacet

 facet normal 0 0 -1
  outer loop
  vertex -0.0487839989 -0.0110499999 0.040794
  vertex -0.0512159988 -0.0122999996 0.040794
  vertex -0.0512159988 -0.0110499999 0.040794
  endloop
 endfacet

 facet normal 0.342000008 0 -0.939700007
  outer loop
  vertex -0.0512159988 -0.0110499999 0.040794
  vertex -0.0512159988 -0.0122999996 0.040794
  vertex -0.0535000004 -0.0122999996 0.0399620011
  endloop
 endfacet

 facet normal 0.342000008 0 -0.939700007
  outer loop
  vertex -0.0512159988 -0.0110499999 0.040794
  vertex -0.0535000004 -0.0122999996 0.0399620011
  vertex -0.0535000004 -0.0110499999 0.0399620011
  endloop
 endfacet

 facet normal 0.642816782 0 -0.76602
  outer loop
  vertex -0.0535000004 -0.0110499999 0.0399620011
  vertex -0.0535000004 -0.0122999996 0.0399620011
  vertex -0.0553620011 -0.0122999996 0.0384000018
  endloop
 endfacet

 facet normal 0.642816782 0 -0.76602
  outer loop
  vertex -0.0535000004 -0.0110499999 0.0399620011
  vertex -0.0553620011 -0.0122999996 0.0384000018
  vertex -0.0553620011 -0.0110499999 0.0384000018
  endloop
 endfacet

 facet normal 0.86601907 0 -0.500011027
  outer loop
  vertex -0.0553620011 -0.0110499999 0.0384000018
  vertex -0.0553620011 -0.0122999996 0.0384000018
  vertex -0.0565779991 -0.0122999996 0.0362939984
  endloop
 endfacet

 facet normal 0.86601907 0 -0.500011027
  outer loop
  vertex -0.0553620011 -0.0110499999 0.0384000018
  vertex -0.0565779991 -0.0122999996 0.0362939984
  vertex -0.0565779991 -0.0110499999 0.0362939984
  endloop
 endfacet

 facet normal 0.984815717 0 -0.17360276
  outer loop
  vertex -0.0565779991 -0.0110499999 0.0362939984
  vertex -0.0565779991 -0.0122999996 0.0362939984
  vertex -0.057 -0.0122999996 0.0339000002
  endloop
 endfacet

 facet normal 0.984815717 0 -0.17360276
  outer loop
  vertex -0.0565779991 -0.0110499999 0.0362939984
  vertex -0.057 -0.0122999996 0.0339000002
  vertex -0.057 -0.0110499999 0.0339000002
  endloop
 endfacet

 facet normal -1 0 0
  outer loop
  vertex -0.0430000015 -0.0110499999 0.0339000002
  vertex -0.0430000015 -0.0110499999 0.0164000001
  vertex -0.0430000015 -0.0122999996 0.0339000002
  endloop
 endfacet

 facet normal -1 0 0
  outer loop
  vertex -0.0430000015 -0.0122999996 0.0339000002
  vertex -0.0430000015 -0.0110499999 0.0164000001
  vertex -0.0430000015 -0.0122999996 0.0164000001
  endloop
 endfacet

 facet normal -0.258807719 0 -0.965928912
  outer loop
  vertex -0.0410000011 -0.0110499999 0.0143999998
  vertex -0.0410000011 -0.0122999996 0.0143999998
  vertex -0.0419999994 -0.0122999996 0.0146679999
  endloop
 endfacet

 facet normal -0.258807719 0 -0.965928912
  outer loop
  vertex -0.0410000011 -0.0110499999 0.0143999998
  vertex -0.0419999994 -0.0122999996 0.0146679999
  vertex -0.0419999994 -0.0110499999 0.0146679999
  endloop
 endfacet

 facet normal -0.707106769 0 -0.707106769
  outer loop
  vertex -0.0419999994 -0.0110499999 0.0146679999
  vertex -0.0419999994 -0.0122999996 0.0146679999
  vertex -0.0427320004 -0.0122999996 0.0153999999
  endloop
 endfacet

 facet normal -0.707106769 0 -0.707106769
  outer loop
  vertex -0.0419999994 -0.0110499999 0.0146679999
  vertex -0.0427320004 -0.0122999996 0.0153999999
  vertex -0.0427320004 -0.0110499999 0.0153999999
  endloop
 endfacet

 facet normal -0.965928912 0 -0.258807719
  outer loop
  vertex -0.0427320004 -0.0110499999 0.0153999999
  vertex -0.0427320004 -0.0122999996 0.0153999999
  vertex -0.0430000015 -0.0122999996 0.0164000001
  endloop
 endfacet

 facet normal -0.965928912 0 -0.258807719
  outer loop
  vertex -0.0427320004 -0.0110499999 0.0153999999
  vertex -0.0430000015 -0.0122999996 0.0164000001
  vertex -0.0430000015 -0.0110499999 0.0164000001
  endloop
 endfacet

 facet normal 0 0 -1
  outer loop
  vertex -0.0410000011 -0.0110499999 0.0143999998
  vertex -0.0350000001 -0.0110499999 0.0143999998
  vertex -0.0410000011 -0.0122999996 0.0143999998
  endloop
 endfacet

 facet normal 0 0 -1
  outer loop
  vertex -0.0410000011 -0.0122999996 0.0143999998
  vertex -0.0350000001 -0.0110499999 0.0143999998
  vertex -0.0350000001 -0.0122999996 0.0143999998
  endloop
 endfacet

 facet normal 0 -1 0
  outer loop
  vertex -0.0350099988 -0.0110499999 0.00039999999
  vertex -0.0350000001 -0.0110499999 0.00039999999
  vertex -0.0350099988 -0.0110499999 0.0143900001
  endloop
 endfacet

 facet normal 0 -1 0
  outer loop
  vertex -0.0350099988 -0.0110499999 0.0143900001
  vertex -0.0350000001 -0.0110499999 0.00039999999
  vertex -0.0350000001 -0.0110499999 0.0143999998
  endloop
 endfacet

 facet normal 0 -1 0
  outer loop
  vertex -0.0350099988 -0.0110499999 0.0143900001
  vertex -0.0350000001 -0.0110499999 0.0143999998
  vertex -0.0410000011 -0.0110499999 0.0143900001
  endloop
 endfacet

 facet normal 0 -1 0
  outer loop
  vertex -0.0410000011 -0.0110499999 0.0143900001
  vertex -0.0350000001 -0.0110499999 0.0143999998
  vertex -0.0410000011 -0.0110499999 0.0143999998
  endloop
 endfacet

 facet normal 0 -1 0
  outer loop
  vertex -0.0410000011 -0.0110499999 0.0143900001
  vertex -0.0410000011 -0.0110499999 0.0143999998
  vertex -0.0420049988 -0.0110499999 0.0146589996
  endloop
 endfacet

 facet normal 0 -1 0
  outer loop
  vertex -0.0420049988 -0.0110499999 0.0146589996
  vertex -0.0410000011 -0.0110499999 0.0143999998
  vertex -0.0419999994 -0.0110499999 0.0146679999
  endloop
 endfacet

 facet normal 0 -1 0
  outer loop
  vertex -0.0420049988 -0.0110499999 0.0146589996
  vertex -0.0419999994 -0.0110499999 0.0146679999
  vertex -0.0427410007 -0.0110499999 0.0153949996
  endloop
 endfacet

 facet normal 0 -1 0.000199999995
  outer loop
  vertex -0.0427410007 -0.0110499999 0.0153949996
  vertex -0.0419999994 -0.0110499999 0.0146679999
  vertex -0.0427320004 -0.0110499999 0.0153999999
  endloop
 endfacet

 facet normal 0 -1 0
  outer loop
  vertex -0.0427410007 -0.0110499999 0.0153949996
  vertex -0.0427320004 -0.0110499999 0.0153999999
  vertex -0.0430100001 -0.0110499999 0.0164000001
  endloop
 endfacet

 facet normal 0 -1 0
  outer loop
  vertex -0.0430100001 -0.0110499999 0.0164000001
  vertex -0.0427320004 -0.0110499999 0.0153999999
  vertex -0.0430000015 -0.0110499999 0.0164000001
  endloop
 endfacet

 facet normal 0 -1 0
  outer loop
  vertex -0.0430100001 -0.0110499999 0.0164000001
  vertex -0.0430000015 -0.0110499999 0.0164000001
  vertex -0.0430100001 -0.0110499999 0.0339000002
  endloop
 endfacet

 facet normal 0 -1 0
  outer loop
  vertex -0.0430100001 -0.0110499999 0.0339000002
  vertex -0.0430000015 -0.0110499999 0.0164000001
  vertex -0.0430000015 -0.0110499999 0.0339000002
  endloop
 endfacet

 facet normal 0 -1 0
  outer loop
  vertex -0.0430100001 -0.0110499999 0.0339000002
  vertex -0.0430000015 -0.0110499999 0.0339000002
  vertex -0.043432001 -0.0110499999 0.0362909995
  endloop
 endfacet

 facet normal 0 -1 0
  outer loop
  vertex -0.043432001 -0.0110499999 0.0362909995
  vertex -0.0430000015 -0.0110499999 0.0339000002
  vertex -0.0434219986 -0.0110499999 0.0362939984
  endloop
 endfacet

 facet normal 0 -1 0
  outer loop
  vertex -0.043432001 -0.0110499999 0.0362909995
  vertex -0.0434219986 -0.0110499999 0.0362939984
  vertex -0.0446450002 -0.0110499999 0.0383929983
  endloop
 endfacet

 facet normal 0 -1 0
  outer loop
  vertex -0.0446450002 -0.0110499999 0.0383929983
  vertex -0.0434219986 -0.0110499999 0.0362939984
  vertex -0.0446380004 -0.0110499999 0.0384000018
  endloop
 endfacet

 facet normal 0 -1 0
  outer loop
  vertex -0.0446450002 -0.0110499999 0.0383929983
  vertex -0.0446380004 -0.0110499999 0.0384000018
  vertex -0.0465050004 -0.0110499999 0.0399539992
  endloop
 endfacet

 facet normal 0 -1 0
  outer loop
  vertex -0.0465050004 -0.0110499999 0.0399539992
  vertex -0.0446380004 -0.0110499999 0.0384000018
  vertex -0.0465000011 -0.0110499999 0.0399620011
  endloop
 endfacet

 facet normal 0 -1 0
  outer loop
  vertex -0.0465050004 -0.0110499999 0.0399539992
  vertex -0.0465000011 -0.0110499999 0.0399620011
  vertex -0.0487859994 -0.0110499999 0.0407840014
  endloop
 endfacet

 facet normal 0 -1 -0.000199999995
  outer loop
  vertex -0.0487859994 -0.0110499999 0.0407840014
  vertex -0.0465000011 -0.0110499999 0.0399620011
  vertex -0.0487839989 -0.0110499999 0.040794
  endloop
 endfacet

 facet normal 0 -1 0
  outer loop
  vertex -0.0487859994 -0.0110499999 0.0407840014
  vertex -0.0487839989 -0.0110499999 0.040794
  vertex -0.0512139983 -0.0110499999 0.0407840014
  endloop
 endfacet

 facet normal 0 -1 0
  outer loop
  vertex -0.0512139983 -0.0110499999 0.0407840014
  vertex -0.0487839989 -0.0110499999 0.040794
  vertex -0.0512159988 -0.0110499999 0.040794
  endloop
 endfacet

 facet normal 0 -1 -0.000199999995
  outer loop
  vertex -0.0512139983 -0.0110499999 0.0407840014
  vertex -0.0512159988 -0.0110499999 0.040794
  vertex -0.053495001 -0.0110499999 0.0399539992
  endloop
 endfacet

 facet normal 0 -1 0
  outer loop
  vertex -0.053495001 -0.0110499999 0.0399539992
  vertex -0.0512159988 -0.0110499999 0.040794
  vertex -0.0535000004 -0.0110499999 0.0399620011
  endloop
 endfacet

 facet normal 0 -1 0
  outer loop
  vertex -0.053495001 -0.0110499999 0.0399539992
  vertex -0.0535000004 -0.0110499999 0.0399620011
  vertex -0.0553550012 -0.0110499999 0.0383929983
  endloop
 endfacet

 facet normal 0 -1 0
  outer loop
  vertex -0.0553550012 -0.0110499999 0.0383929983
  vertex -0.0535000004 -0.0110499999 0.0399620011
  vertex -0.0553620011 -0.0110499999 0.0384000018
  endloop
 endfacet

 facet normal 0 -1 0
  outer loop
  vertex -0.0553550012 -0.0110499999 0.0383929983
  vertex -0.0553620011 -0.0110499999 0.0384000018
  vertex -0.0565680005 -0.0110499999 0.0362909995
  endloop
 endfacet

 facet normal 0 -1 0
  outer loop
  vertex -0.0565680005 -0.0110499999 0.0362909995
  vertex -0.0553620011 -0.0110499999 0.0384000018
  vertex -0.0565779991 -0.0110499999 0.0362939984
  endloop
 endfacet

 facet normal 0 -1 0
  outer loop
  vertex -0.0565680005 -0.0110499999 0.0362909995
  vertex -0.0565779991 -0.0110499999 0.0362939984
  vertex -0.0569900014 -0.0110499999 0.0339000002
  endloop
 endfacet

 facet normal 0 -1 0
  outer loop
  vertex -0.0569900014 -0.0110499999 0.0339000002
  vertex -0.0565779991 -0.0110499999 0.0362939984
  vertex -0.057 -0.0110499999 0.0339000002
  endloop
 endfacet

 facet normal 0 -1 0
  outer loop
  vertex -0.0569900014 -0.0110499999 0.0339000002
  vertex -0.057 -0.0110499999 0.0339000002
  vertex -0.0569900014 -0.0110499999 0.0039619999
  endloop
 endfacet

 facet normal 0 -1 0
  outer loop
  vertex -0.0569900014 -0.0110499999 0.0039619999
  vertex -0.057 -0.0110499999 0.0339000002
  vertex -0.057 -0.0110499999 0.00396700017
  endloop
 endfacet

 facet normal 0.22170414 0.965918124 0.1336025
  outer loop
  vertex -0.0382240005 0.0122999996 0.040998999
  vertex -0.0376890004 0.0121330004 0.0413209982
  vertex -0.0284599997 0.0122999996 0.0248000007
  endloop
 endfacet

 facet normal 0.250313461 0.956551373 0.149508029
  outer loop
  vertex -0.0284599997 0.0122999996 0.0248000007
  vertex -0.0376890004 0.0121330004 0.0413209982
  vertex -0.0277379993 0.0121109998 0.0248000007
  endloop
 endfacet

 facet normal 0.250407189 0.956527472 0.149504289
  outer loop
  vertex -0.0277379993 0.0121109998 0.0248000007
  vertex -0.0376890004 0.0121330004 0.0413209982
  vertex -0.0276439991 0.0120860003 0.0248000007
  endloop
 endfacet

 facet normal 0.605094194 0.707093179 0.365896463
  outer loop
  vertex -0.0276439991 0.0120860003 0.0248000007
  vertex -0.0376890004 0.0121330004 0.0413209982
  vertex -0.0372969992 0.0116750002 0.0415569991
  endloop
 endfacet

 facet normal 0.645013392 0.658513725 0.387708068
  outer loop
  vertex -0.0276439991 0.0120860003 0.0248000007
  vertex -0.0372969992 0.0116750002 0.0415569991
  vertex -0.0272119995 0.0116630001 0.0248000007
  endloop
 endfacet

 facet normal 0.645013392 0.658513725 0.387708068
  outer loop
  vertex -0.0272119995 0.0116630001 0.0248000007
  vertex -0.0372969992 0.0116750002 0.0415569991
  vertex -0.0271509998 0.0116039999 0.0248000007
  endloop
 endfacet

 facet normal 0.826768637 0.258790165 0.499481022
  outer loop
  vertex -0.0271509998 0.0116039999 0.0248000007
  vertex -0.0372969992 0.0116750002 0.0415569991
  vertex -0.0371540003 0.0110499999 0.0416439995
  endloop
 endfacet

 facet normal 0.833972931 0.227592617 0.502683699
  outer loop
  vertex -0.0271509998 0.0116039999 0.0248000007
  vertex -0.0371540003 0.0110499999 0.0416439995
  vertex -0.0270000007 0.0110499999 0.0248000007
  endloop
 endfacet

 facet normal -0.962544441 0.257911921 0.0836038738
  outer loop
  vertex -0.064609997 0.0116750002 0.0364569984
  vertex -0.0648330003 0.0116750002 0.0339000002
  vertex -0.0649999976 0.0110499999 0.0339000002
  endloop
 endfacet

 facet normal -0.415487587 0.257892281 0.872273862
  outer loop
  vertex -0.0556799993 0.0110499999 0.0477470011
  vertex -0.0552540012 0.0110499999 0.0479499996
  vertex -0.0551959984 0.0116750002 0.0477930009
  endloop
 endfacet

 facet normal -0.258909017 0.257909 0.930832505
  outer loop
  vertex -0.0551959984 0.0116750002 0.0477930009
  vertex -0.0552540012 0.0110499999 0.0479499996
  vertex -0.0527230017 0.0116750002 0.0484809987
  endloop
 endfacet

 facet normal -0.184696913 0.965683877 0.182596952
  outer loop
  vertex -0.0589039996 0.0122999996 0.0443769991
  vertex -0.0605770014 0.0122999996 0.0426849984
  vertex -0.0610579997 0.0121330004 0.0430850014
  endloop
 endfacet

 facet normal -0.150398985 0.965693474 0.211698577
  outer loop
  vertex -0.0589039996 0.0122999996 0.0443769991
  vertex -0.0593089983 0.0121330004 0.0448540002
  vertex -0.0569650009 0.0122999996 0.045756001
  endloop
 endfacet

 facet normal -0.150398985 0.965693474 0.211698577
  outer loop
  vertex -0.0569650009 0.0122999996 0.045756001
  vertex -0.0593089983 0.0121330004 0.0448540002
  vertex -0.0572809987 0.0121330004 0.046294
  endloop
 endfacet

 facet normal -0.111697555 0.965678871 0.23449488
  outer loop
  vertex -0.0569650009 0.0122999996 0.045756001
  vertex -0.0572809987 0.0121330004 0.046294
  vertex -0.0548160002 0.0122999996 0.0467789993
  endloop
 endfacet

 facet normal -0.111697555 0.965678871 0.23449488
  outer loop
  vertex -0.0548160002 0.0122999996 0.0467789993
  vertex -0.0572809987 0.0121330004 0.046294
  vertex -0.0550349988 0.0121330004 0.0473640002
  endloop
 endfacet

 facet normal -0.0695992783 0.965690017 0.250197411
  outer loop
  vertex -0.0548160002 0.0122999996 0.0467789993
  vertex -0.0550349988 0.0121330004 0.0473640002
  vertex -0.0525240004 0.0122999996 0.0474160016
  endloop
 endfacet

 facet normal -0.0695992783 0.965690017 0.250197411
  outer loop
  vertex -0.0525240004 0.0122999996 0.0474160016
  vertex -0.0550349988 0.0121330004 0.0473640002
  vertex -0.0526390001 0.0121330004 0.0480309986
  endloop
 endfacet

 facet normal -0.0253994428 0.965678751 0.258494347
  outer loop
  vertex -0.0525240004 0.0122999996 0.0474160016
  vertex -0.0526390001 0.0121330004 0.0480309986
  vertex -0.050156001 0.0122999996 0.0476489998
  endloop
 endfacet

 facet normal -0.0253994428 0.965678751 0.258494347
  outer loop
  vertex -0.050156001 0.0122999996 0.0476489998
  vertex -0.0526390001 0.0121330004 0.0480309986
  vertex -0.0501630008 0.0121330004 0.0482739992
  endloop
 endfacet

 facet normal 0.0194996316 0.965681791 0.258995116
  outer loop
  vertex -0.050156001 0.0122999996 0.0476489998
  vertex -0.0501630008 0.0121330004 0.0482739992
  vertex -0.0477829985 0.0122999996 0.0474699996
  endloop
 endfacet

 facet normal 0.0194996316 0.965681791 0.258995116
  outer loop
  vertex -0.0477829985 0.0122999996 0.0474699996
  vertex -0.0501630008 0.0121330004 0.0482739992
  vertex -0.0476819985 0.0121330004 0.0480870008
  endloop
 endfacet

 facet normal 0.063899599 0.965693891 0.251698405
  outer loop
  vertex -0.0477829985 0.0122999996 0.0474699996
  vertex -0.0476819985 0.0121330004 0.0480870008
  vertex -0.0454769991 0.0122999996 0.0468849987
  endloop
 endfacet

 facet normal 0.063899599 0.965693891 0.251698405
  outer loop
  vertex -0.0454769991 0.0122999996 0.0468849987
  vertex -0.0476819985 0.0121330004 0.0480870008
  vertex -0.0452710018 0.0121330004 0.047474999
  endloop
 endfacet

 facet normal 0.106297597 0.965678155 0.236994654
  outer loop
  vertex -0.0454769991 0.0122999996 0.0468849987
  vertex -0.0452710018 0.0121330004 0.047474999
  vertex -0.0433060005 0.0122999996 0.0459100008
  endloop
 endfacet

 facet normal -0.258792192 0.965670943 0.0224993229
  outer loop
  vertex -0.0637499988 0.0122999996 0.0339000002
  vertex -0.0643749982 0.0121330004 0.0339000002
  vertex -0.0635439977 0.0122999996 0.0362709984
  endloop
 endfacet

 facet normal -0.258792192 0.965670943 0.0224993229
  outer loop
  vertex -0.0635439977 0.0122999996 0.0362709984
  vertex -0.0643749982 0.0121330004 0.0339000002
  vertex -0.0641599968 0.0121330004 0.0363779999
  endloop
 endfacet

 facet normal -0.250996679 0.965687215 0.0666991174
  outer loop
  vertex -0.0635439977 0.0122999996 0.0362709984
  vertex -0.0641599968 0.0121330004 0.0363779999
  vertex -0.0629329979 0.0122999996 0.0385700017
  endloop
 endfacet

 facet normal -0.250996679 0.965687215 0.0666991174
  outer loop
  vertex -0.0629329979 0.0122999996 0.0385700017
  vertex -0.0641599968 0.0121330004 0.0363779999
  vertex -0.0635199994 0.0121330004 0.0387829989
  endloop
 endfacet

 facet normal -0.235698581 0.965694249 0.108999349
  outer loop
  vertex -0.0629329979 0.0122999996 0.0385700017
  vertex -0.0635199994 0.0121330004 0.0387829989
  vertex -0.0619340017 0.0122999996 0.0407299995
  endloop
 endfacet

 facet normal -0.235698581 0.965694249 0.108999349
  outer loop
  vertex -0.0619340017 0.0122999996 0.0407299995
  vertex -0.0635199994 0.0121330004 0.0387829989
  vertex -0.0624760017 0.0121330004 0.0410399996
  endloop
 endfacet

 facet normal -0.213397875 0.965690374 0.147998527
  outer loop
  vertex -0.0619340017 0.0122999996 0.0407299995
  vertex -0.0624760017 0.0121330004 0.0410399996
  vertex -0.0605770014 0.0122999996 0.0426849984
  endloop
 endfacet

 facet normal 0.492375404 0.705764711 0.509374559
  outer loop
  vertex -0.0406530015 0.0116750002 0.0454169996
  vertex -0.038807001 0.0116750002 0.0436329991
  vertex -0.0391529985 0.0121330004 0.0433330014
  endloop
 endfacet

 facet normal 0.209997445 0.965688288 0.152798146
  outer loop
  vertex -0.0382240005 0.0122999996 0.040998999
  vertex -0.0396240018 0.0122999996 0.0429229997
  vertex -0.0391529985 0.0121330004 0.0433330014
  endloop
 endfacet

 facet normal 0.180498749 0.965693355 0.18669872
  outer loop
  vertex -0.0391529985 0.0121330004 0.0433330014
  vertex -0.0396240018 0.0122999996 0.0429229997
  vertex -0.040941 0.0121330004 0.0450620018
  endloop
 endfacet

 facet normal 0.492375404 0.705764711 0.509374559
  outer loop
  vertex -0.0391529985 0.0121330004 0.0433330014
  vertex -0.040941 0.0121330004 0.0450620018
  vertex -0.0406530015 0.0116750002 0.0454169996
  endloop
 endfacet

 facet normal 0.397195816 0.705792546 0.586593807
  outer loop
  vertex -0.0406530015 0.0116750002 0.0454169996
  vertex -0.040941 0.0121330004 0.0450620018
  vertex -0.0427789986 0.0116750002 0.046856001
  endloop
 endfacet

 facet normal 0.180498749 0.965693355 0.18669872
  outer loop
  vertex -0.0396240018 0.0122999996 0.0429229997
  vertex -0.0413350016 0.0122999996 0.0445760004
  vertex -0.040941 0.0121330004 0.0450620018
  endloop
 endfacet

 facet normal 0.145596802 0.965678751 0.215095282
  outer loop
  vertex -0.040941 0.0121330004 0.0450620018
  vertex -0.0413350016 0.0122999996 0.0445760004
  vertex -0.0430009998 0.0121330004 0.0464560017
  endloop
 endfacet

 facet normal 0.397195816 0.705792546 0.586593807
  outer loop
  vertex -0.040941 0.0121330004 0.0450620018
  vertex -0.0430009998 0.0121330004 0.0464560017
  vertex -0.0427789986 0.0116750002 0.046856001
  endloop
 endfacet

 facet normal 0.290097803 0.705794573 0.646295071
  outer loop
  vertex -0.0427789986 0.0116750002 0.046856001
  vertex -0.0430009998 0.0121330004 0.0464560017
  vertex -0.0451200008 0.0116750002 0.0479069985
  endloop
 endfacet

 facet normal 0.395589292 0.257893026 0.881476164
  outer loop
  vertex -0.0427789986 0.0116750002 0.046856001
  vertex -0.0451200008 0.0116750002 0.0479069985
  vertex -0.0450650007 0.0110499999 0.0480649993
  endloop
 endfacet

 facet normal 0.237694547 0.257894069 0.936478496
  outer loop
  vertex -0.0450650007 0.0110499999 0.0480649993
  vertex -0.0451200008 0.0116750002 0.0479069985
  vertex -0.0452940017 0.0110499999 0.0481229983
  endloop
 endfacet

 facet normal -0.410298765 0.705797911 0.577498317
  outer loop
  vertex -0.0593089983 0.0121330004 0.0448540002
  vertex -0.0596049987 0.0116750002 0.0452019982
  vertex -0.0572809987 0.0121330004 0.046294
  endloop
 endfacet

 facet normal -0.410381913 0.705768883 0.577474535
  outer loop
  vertex -0.0572809987 0.0121330004 0.046294
  vertex -0.0596049987 0.0116750002 0.0452019982
  vertex -0.0575129986 0.0116750002 0.046689
  endloop
 endfacet

 facet normal -0.304596514 0.70579195 0.639592648
  outer loop
  vertex -0.0572809987 0.0121330004 0.046294
  vertex -0.0575129986 0.0116750002 0.046689
  vertex -0.0550349988 0.0121330004 0.0473640002
  endloop
 endfacet

 facet normal -0.304596514 0.70579195 0.639592648
  outer loop
  vertex -0.0550349988 0.0121330004 0.0473640002
  vertex -0.0575129986 0.0116750002 0.046689
  vertex -0.0551959984 0.0116750002 0.0477930009
  endloop
 endfacet

 facet normal -0.189801499 0.7058056 0.682505488
  outer loop
  vertex -0.0550349988 0.0121330004 0.0473640002
  vertex -0.0551959984 0.0116750002 0.0477930009
  vertex -0.0526390001 0.0121330004 0.0480309986
  endloop
 endfacet

 facet normal -0.189801499 0.7058056 0.682505488
  outer loop
  vertex -0.0526390001 0.0121330004 0.0480309986
  vertex -0.0551959984 0.0116750002 0.0477930009
  vertex -0.0527230017 0.0116750002 0.0484809987
  endloop
 endfacet

 facet normal -0.069300659 0.705806613 0.705006659
  outer loop
  vertex -0.0526390001 0.0121330004 0.0480309986
  vertex -0.0527230017 0.0116750002 0.0484809987
  vertex -0.0501630008 0.0121330004 0.0482739992
  endloop
 endfacet

 facet normal -0.069300659 0.705806613 0.705006659
  outer loop
  vertex -0.0501630008 0.0121330004 0.0482739992
  vertex -0.0527230017 0.0116750002 0.0484809987
  vertex -0.0501680002 0.0116750002 0.0487320013
  endloop
 endfacet

 facet normal 0.0533001237 0.705801547 0.706401587
  outer loop
  vertex -0.0501630008 0.0121330004 0.0482739992
  vertex -0.0501680002 0.0116750002 0.0487320013
  vertex -0.0476819985 0.0121330004 0.0480870008
  endloop
 endfacet

 facet normal 0.0533001237 0.705801547 0.706401587
  outer loop
  vertex -0.0476819985 0.0121330004 0.0480870008
  vertex -0.0501680002 0.0116750002 0.0487320013
  vertex -0.0476079993 0.0116750002 0.0485379994
  endloop
 endfacet

 facet normal 0.174292058 0.70576781 0.686668754
  outer loop
  vertex -0.0476819985 0.0121330004 0.0480870008
  vertex -0.0476079993 0.0116750002 0.0485379994
  vertex -0.0452710018 0.0121330004 0.047474999
  endloop
 endfacet

 facet normal -0.705777049 0.705777049 0.0612980053
  outer loop
  vertex -0.0643749982 0.0121330004 0.0339000002
  vertex -0.0648330003 0.0116750002 0.0339000002
  vertex -0.0641599968 0.0121330004 0.0363779999
  endloop
 endfacet

 facet normal -0.705777049 0.705777049 0.0612980053
  outer loop
  vertex -0.0641599968 0.0121330004 0.0363779999
  vertex -0.0648330003 0.0116750002 0.0339000002
  vertex -0.064609997 0.0116750002 0.0364569984
  endloop
 endfacet

 facet normal -0.684603035 0.705803096 0.182100803
  outer loop
  vertex -0.0641599968 0.0121330004 0.0363779999
  vertex -0.064609997 0.0116750002 0.0364569984
  vertex -0.0635199994 0.0121330004 0.0387829989
  endloop
 endfacet

 facet normal -0.684603035 0.705803096 0.182100803
  outer loop
  vertex -0.0635199994 0.0121330004 0.0387829989
  vertex -0.064609997 0.0116750002 0.0364569984
  vertex -0.0639510006 0.0116750002 0.0389380008
  endloop
 endfacet

 facet normal -0.642984092 0.705782533 0.297392637
  outer loop
  vertex -0.0635199994 0.0121330004 0.0387829989
  vertex -0.0639510006 0.0116750002 0.0389380008
  vertex -0.0624760017 0.0121330004 0.0410399996
  endloop
 endfacet

 facet normal -0.642984092 0.705782533 0.297392637
  outer loop
  vertex -0.0624760017 0.0121330004 0.0410399996
  vertex -0.0639510006 0.0116750002 0.0389380008
  vertex -0.0628729984 0.0116750002 0.0412679985
  endloop
 endfacet

 facet normal 0.209997445 0.965688288 0.152798146
  outer loop
  vertex -0.0382240005 0.0122999996 0.040998999
  vertex -0.0391529985 0.0121330004 0.0433330014
  vertex -0.0376890004 0.0121330004 0.0413209982
  endloop
 endfacet

 facet normal 0.572783053 0.705779135 0.416887671
  outer loop
  vertex -0.0376890004 0.0121330004 0.0413209982
  vertex -0.0391529985 0.0121330004 0.0433330014
  vertex -0.038807001 0.0116750002 0.0436329991
  endloop
 endfacet

 facet normal 0.572783053 0.705779135 0.416887671
  outer loop
  vertex -0.0376890004 0.0121330004 0.0413209982
  vertex -0.038807001 0.0116750002 0.0436329991
  vertex -0.0372969992 0.0116750002 0.0415569991
  endloop
 endfacet

 facet normal 0.781208575 0.257902831 0.568506181
  outer loop
  vertex -0.0372969992 0.0116750002 0.0415569991
  vertex -0.038807001 0.0116750002 0.0436329991
  vertex -0.0386810005 0.0110499999 0.0437429994
  endloop
 endfacet

 facet normal 0.781208575 0.257902831 0.568506181
  outer loop
  vertex -0.0372969992 0.0116750002 0.0415569991
  vertex -0.0386810005 0.0110499999 0.0437429994
  vertex -0.0371540003 0.0110499999 0.0416439995
  endloop
 endfacet

 facet normal 0.395589292 0.257893026 0.881476164
  outer loop
  vertex -0.0450650007 0.0110499999 0.0480649993
  vertex -0.0426970012 0.0110499999 0.0470019989
  vertex -0.0427789986 0.0116750002 0.046856001
  endloop
 endfacet

 facet normal 0.541669846 0.257885635 0.800055444
  outer loop
  vertex -0.0427789986 0.0116750002 0.046856001
  vertex -0.0426970012 0.0110499999 0.0470019989
  vertex -0.0421109982 0.0110499999 0.0466060005
  endloop
 endfacet

 facet normal 0.541669846 0.257885635 0.800055444
  outer loop
  vertex -0.0427789986 0.0116750002 0.046856001
  vertex -0.0421109982 0.0110499999 0.0466060005
  vertex -0.0406530015 0.0116750002 0.0454169996
  endloop
 endfacet

 facet normal 0.541669846 0.257885635 0.800055444
  outer loop
  vertex -0.0406530015 0.0116750002 0.0454169996
  vertex -0.0421109982 0.0110499999 0.0466060005
  vertex -0.0405469984 0.0110499999 0.0455470011
  endloop
 endfacet

 facet normal 0.671489 0.257895768 0.694688618
  outer loop
  vertex -0.0406530015 0.0116750002 0.0454169996
  vertex -0.0405469984 0.0110499999 0.0455470011
  vertex -0.038807001 0.0116750002 0.0436329991
  endloop
 endfacet

 facet normal 0.671489 0.257895768 0.694688618
  outer loop
  vertex -0.038807001 0.0116750002 0.0436329991
  vertex -0.0405469984 0.0110499999 0.0455470011
  vertex -0.0393589996 0.0110499999 0.0443990007
  endloop
 endfacet

 facet normal 0.671489 0.257895768 0.694688618
  outer loop
  vertex -0.038807001 0.0116750002 0.0436329991
  vertex -0.0393589996 0.0110499999 0.0443990007
  vertex -0.0386810005 0.0110499999 0.0437429994
  endloop
 endfacet

 facet normal 0.237694547 0.257894069 0.936478496
  outer loop
  vertex -0.0475809984 0.0110499999 0.0487039983
  vertex -0.0452940017 0.0110499999 0.0481229983
  vertex -0.0476079993 0.0116750002 0.0485379994
  endloop
 endfacet

 facet normal 0.237694547 0.257894069 0.936478496
  outer loop
  vertex -0.0476079993 0.0116750002 0.0485379994
  vertex -0.0452940017 0.0110499999 0.0481229983
  vertex -0.0451200008 0.0116750002 0.0479069985
  endloop
 endfacet

 facet normal 0.174292058 0.70576781 0.686668754
  outer loop
  vertex -0.0476079993 0.0116750002 0.0485379994
  vertex -0.0451200008 0.0116750002 0.0479069985
  vertex -0.0452710018 0.0121330004 0.047474999
  endloop
 endfacet

 facet normal 0.290097803 0.705794573 0.646295071
  outer loop
  vertex -0.0452710018 0.0121330004 0.047474999
  vertex -0.0451200008 0.0116750002 0.0479069985
  vertex -0.0430009998 0.0121330004 0.0464560017
  endloop
 endfacet

 facet normal 0.106297597 0.965678155 0.236994654
  outer loop
  vertex -0.0452710018 0.0121330004 0.047474999
  vertex -0.0430009998 0.0121330004 0.0464560017
  vertex -0.0433060005 0.0122999996 0.0459100008
  endloop
 endfacet

 facet normal 0.145596802 0.965678751 0.215095282
  outer loop
  vertex -0.0433060005 0.0122999996 0.0459100008
  vertex -0.0430009998 0.0121330004 0.0464560017
  vertex -0.0413350016 0.0122999996 0.0445760004
  endloop
 endfacet

 facet normal -0.258909017 0.257909 0.930832505
  outer loop
  vertex -0.0552540012 0.0110499999 0.0479499996
  vertex -0.0527530015 0.0110499999 0.0486450009
  vertex -0.0527230017 0.0116750002 0.0484809987
  endloop
 endfacet

 facet normal -0.0945035443 0.257909685 0.961536169
  outer loop
  vertex -0.0527230017 0.0116750002 0.0484809987
  vertex -0.0527530015 0.0110499999 0.0486450009
  vertex -0.0522839986 0.0110499999 0.0486910008
  endloop
 endfacet

 facet normal -0.0945035443 0.257909685 0.961536169
  outer loop
  vertex -0.0527230017 0.0116750002 0.0484809987
  vertex -0.0522839986 0.0110499999 0.0486910008
  vertex -0.0501680002 0.0116750002 0.0487320013
  endloop
 endfacet

 facet normal -0.0945035443 0.257909685 0.961536169
  outer loop
  vertex -0.0501680002 0.0116750002 0.0487320013
  vertex -0.0522839986 0.0110499999 0.0486910008
  vertex -0.0501700006 0.0110499999 0.0488989986
  endloop
 endfacet

 facet normal 0.0727022812 0.257908076 0.963430226
  outer loop
  vertex -0.0501680002 0.0116750002 0.0487320013
  vertex -0.0501700006 0.0110499999 0.0488989986
  vertex -0.0476079993 0.0116750002 0.0485379994
  endloop
 endfacet

 facet normal 0.0727022812 0.257908076 0.963430226
  outer loop
  vertex -0.0476079993 0.0116750002 0.0485379994
  vertex -0.0501700006 0.0110499999 0.0488989986
  vertex -0.0487580001 0.0110499999 0.0487920009
  endloop
 endfacet

 facet normal 0.0727022812 0.257908076 0.963430226
  outer loop
  vertex -0.0476079993 0.0116750002 0.0485379994
  vertex -0.0487580001 0.0110499999 0.0487920009
  vertex -0.0475809984 0.0110499999 0.0487039983
  endloop
 endfacet

 facet normal -0.415487587 0.257892281 0.872273862
  outer loop
  vertex -0.0556799993 0.0110499999 0.0477470011
  vertex -0.0551959984 0.0116750002 0.0477930009
  vertex -0.0575979985 0.0110499999 0.0468330011
  endloop
 endfacet

 facet normal -0.415487587 0.257892281 0.872273862
  outer loop
  vertex -0.0575979985 0.0110499999 0.0468330011
  vertex -0.0551959984 0.0116750002 0.0477930009
  vertex -0.0575129986 0.0116750002 0.046689
  endloop
 endfacet

 facet normal -0.559606075 0.257902801 0.787608504
  outer loop
  vertex -0.0575979985 0.0110499999 0.0468330011
  vertex -0.0575129986 0.0116750002 0.046689
  vertex -0.0587520003 0.0110499999 0.0460130014
  endloop
 endfacet

 facet normal -0.559606075 0.257902801 0.787608504
  outer loop
  vertex -0.0587520003 0.0110499999 0.0460130014
  vertex -0.0575129986 0.0116750002 0.046689
  vertex -0.0596049987 0.0116750002 0.0452019982
  endloop
 endfacet

 facet normal -0.559606075 0.257902801 0.787608504
  outer loop
  vertex -0.0587520003 0.0110499999 0.0460130014
  vertex -0.0596049987 0.0116750002 0.0452019982
  vertex -0.0597140007 0.0110499999 0.0453299992
  endloop
 endfacet

 facet normal -0.687024057 0.25790906 0.679323792
  outer loop
  vertex -0.0614099987 0.0116750002 0.0433770008
  vertex -0.0615390018 0.0110499999 0.0434839986
  vertex -0.0613729991 0.0110499999 0.0436509997
  endloop
 endfacet

 facet normal -0.184696913 0.965683877 0.182596952
  outer loop
  vertex -0.0589039996 0.0122999996 0.0443769991
  vertex -0.0610579997 0.0121330004 0.0430850014
  vertex -0.0593089983 0.0121330004 0.0448540002
  endloop
 endfacet

 facet normal -0.503781974 0.705774665 0.498082161
  outer loop
  vertex -0.0593089983 0.0121330004 0.0448540002
  vertex -0.0610579997 0.0121330004 0.0430850014
  vertex -0.0614099987 0.0116750002 0.0433770008
  endloop
 endfacet

 facet normal -0.503781974 0.705774665 0.498082161
  outer loop
  vertex -0.0593089983 0.0121330004 0.0448540002
  vertex -0.0614099987 0.0116750002 0.0433770008
  vertex -0.0596049987 0.0116750002 0.0452019982
  endloop
 endfacet

 facet normal -0.687024057 0.25790906 0.679323792
  outer loop
  vertex -0.0596049987 0.0116750002 0.0452019982
  vertex -0.0614099987 0.0116750002 0.0433770008
  vertex -0.0613729991 0.0110499999 0.0436509997
  endloop
 endfacet

 facet normal -0.687024057 0.25790906 0.679323792
  outer loop
  vertex -0.0596049987 0.0116750002 0.0452019982
  vertex -0.0613729991 0.0110499999 0.0436509997
  vertex -0.0597140007 0.0110499999 0.0453299992
  endloop
 endfacet

 facet normal -0.213397875 0.965690374 0.147998527
  outer loop
  vertex -0.0605770014 0.0122999996 0.0426849984
  vertex -0.0624760017 0.0121330004 0.0410399996
  vertex -0.0610579997 0.0121330004 0.0430850014
  endloop
 endfacet

 facet normal -0.582085907 0.70578289 0.403790236
  outer loop
  vertex -0.0610579997 0.0121330004 0.0430850014
  vertex -0.0624760017 0.0121330004 0.0410399996
  vertex -0.0628729984 0.0116750002 0.0412679985
  endloop
 endfacet

 facet normal -0.582085907 0.70578289 0.403790236
  outer loop
  vertex -0.0610579997 0.0121330004 0.0430850014
  vertex -0.0628729984 0.0116750002 0.0412679985
  vertex -0.0614099987 0.0116750002 0.0433770008
  endloop
 endfacet

 facet normal -0.793876112 0.257892251 0.550683439
  outer loop
  vertex -0.0614099987 0.0116750002 0.0433770008
  vertex -0.0628729984 0.0116750002 0.0412679985
  vertex -0.063019 0.0110499999 0.0413510017
  endloop
 endfacet

 facet normal -0.793876112 0.257892251 0.550683439
  outer loop
  vertex -0.0614099987 0.0116750002 0.0433770008
  vertex -0.063019 0.0110499999 0.0413510017
  vertex -0.0615390018 0.0110499999 0.0434839986
  endloop
 endfacet

 facet normal -0.962544441 0.257911921 0.0836038738
  outer loop
  vertex -0.0649999976 0.0110499999 0.0339000002
  vertex -0.0647749975 0.0110499999 0.0364859998
  vertex -0.064609997 0.0116750002 0.0364569984
  endloop
 endfacet

 facet normal -0.933718145 0.257905006 0.248304814
  outer loop
  vertex -0.064609997 0.0116750002 0.0364569984
  vertex -0.0647749975 0.0110499999 0.0364859998
  vertex -0.0645330027 0.0110499999 0.0373979993
  endloop
 endfacet

 facet normal -0.933718145 0.257905006 0.248304814
  outer loop
  vertex -0.064609997 0.0116750002 0.0364569984
  vertex -0.0645330027 0.0110499999 0.0373979993
  vertex -0.0639510006 0.0116750002 0.0389380008
  endloop
 endfacet

 facet normal -0.933718145 0.257905006 0.248304814
  outer loop
  vertex -0.0639510006 0.0116750002 0.0389380008
  vertex -0.0645330027 0.0110499999 0.0373979993
  vertex -0.0641079992 0.0110499999 0.0389950015
  endloop
 endfacet

 facet normal -0.876909971 0.25790292 0.405604571
  outer loop
  vertex -0.0639510006 0.0116750002 0.0389380008
  vertex -0.0641079992 0.0110499999 0.0389950015
  vertex -0.0628729984 0.0116750002 0.0412679985
  endloop
 endfacet

 facet normal -0.876909971 0.25790292 0.405604571
  outer loop
  vertex -0.0628729984 0.0116750002 0.0412679985
  vertex -0.0641079992 0.0110499999 0.0389950015
  vertex -0.0633160025 0.0110499999 0.0407090001
  endloop
 endfacet

 facet normal -0.876909971 0.25790292 0.405604571
  outer loop
  vertex -0.0628729984 0.0116750002 0.0412679985
  vertex -0.0633160025 0.0110499999 0.0407090001
  vertex -0.063019 0.0110499999 0.0413510017
  endloop
 endfacet

 facet normal -0.195096806 0.980783999 0
  outer loop
  vertex -0.0637499988 0.0122999996 0.00988100003
  vertex -0.0642279983 0.012205 0.00988100003
  vertex -0.0637499988 0.0122999996 0.0102000004
  endloop
 endfacet

 facet normal -0.257507771 0.96112901 0.0996030122
  outer loop
  vertex -0.0637499988 0.0122999996 0.0102000004
  vertex -0.0642279983 0.012205 0.00988100003
  vertex -0.0643749982 0.0121330004 0.0102000004
  endloop
 endfacet

 facet normal -0.554314733 0.82962209 -0.0668017715
  outer loop
  vertex -0.0642279983 0.012205 0.00988100003
  vertex -0.0643630028 0.0121149998 0.00988100003
  vertex -0.0643749982 0.0121330004 0.0102000004
  endloop
 endfacet

 facet normal -0.554314733 0.82962209 -0.0668017715
  outer loop
  vertex -0.0643749982 0.0121330004 0.0102000004
  vertex -0.0643630028 0.0121149998 0.00988100003
  vertex -0.0646340027 0.0119340001 0.00988100003
  endloop
 endfacet

 facet normal -0.700872719 0.700872719 0.132494837
  outer loop
  vertex -0.0643749982 0.0121330004 0.0102000004
  vertex -0.0646340027 0.0119340001 0.00988100003
  vertex -0.0648330003 0.0116750002 0.0102000004
  endloop
 endfacet

 facet normal -0.980783999 0.195096806 0
  outer loop
  vertex -0.0649999976 0.0110499999 0.00988100003
  vertex -0.0649999976 0.0110499999 0.0102000004
  vertex -0.0649050027 0.0115280002 0.00988100003
  endloop
 endfacet

 facet normal -0.96112901 0.257507771 0.0996030122
  outer loop
  vertex -0.0649050027 0.0115280002 0.00988100003
  vertex -0.0649999976 0.0110499999 0.0102000004
  vertex -0.0648330003 0.0116750002 0.0102000004
  endloop
 endfacet

 facet normal -0.82962209 0.554314733 -0.0668017715
  outer loop
  vertex -0.0649050027 0.0115280002 0.00988100003
  vertex -0.0648330003 0.0116750002 0.0102000004
  vertex -0.0648149997 0.0116630001 0.00988100003
  endloop
 endfacet

 facet normal -0.82962209 0.554314733 -0.0668017715
  outer loop
  vertex -0.0648149997 0.0116630001 0.00988100003
  vertex -0.0648330003 0.0116750002 0.0102000004
  vertex -0.0646340027 0.0119340001 0.00988100003
  endloop
 endfacet

 facet normal -0.508777142 0.549075305 -0.663070202
  outer loop
  vertex -0.0632779971 0.0116630001 0.00737300003
  vertex -0.0633189976 0.0115280002 0.00729299989
  vertex -0.0641589984 0.0115280002 0.00793800037
  endloop
 endfacet

 facet normal -0.82177484 0.549083173 -0.152295336
  outer loop
  vertex -0.0648149997 0.0116630001 0.00988100003
  vertex -0.0646340027 0.0119340001 0.00988100003
  vertex -0.0644590035 0.0119340001 0.0089370003
  endloop
 endfacet

 facet normal -0.342196256 0.827090859 -0.445895106
  outer loop
  vertex -0.0630730018 0.0121149998 0.00777600007
  vertex -0.0631960034 0.0119340001 0.00753400009
  vertex -0.0639569983 0.0119340001 0.00811900012
  endloop
 endfacet

 facet normal -0.552684128 0.827076256 -0.102397062
  outer loop
  vertex -0.0643630028 0.0121149998 0.00988100003
  vertex -0.0642279983 0.012205 0.00988100003
  vertex -0.0640799999 0.012205 0.00908300001
  endloop
 endfacet

 facet normal -0.12070556 0.980145156 -0.157307237
  outer loop
  vertex -0.0627939999 0.0122999996 0.00832199957
  vertex -0.0630119964 0.012205 0.00789599959
  vertex -0.063300997 0.0122999996 0.00870999973
  endloop
 endfacet

 facet normal -0.12070556 0.980145156 -0.157307237
  outer loop
  vertex -0.063300997 0.0122999996 0.00870999973
  vertex -0.0630119964 0.012205 0.00789599959
  vertex -0.0636560023 0.012205 0.00839000009
  endloop
 endfacet

 facet normal -0.169106439 0.980137289 -0.103603944
  outer loop
  vertex -0.063300997 0.0122999996 0.00870999973
  vertex -0.0636560023 0.012205 0.00839000009
  vertex -0.0636340007 0.0122999996 0.00925400015
  endloop
 endfacet

 facet normal -0.169106439 0.980137289 -0.103603944
  outer loop
  vertex -0.0636340007 0.0122999996 0.00925400015
  vertex -0.0636560023 0.012205 0.00839000009
  vertex -0.0640799999 0.012205 0.00908300001
  endloop
 endfacet

 facet normal -0.195007384 0.980137169 -0.036101371
  outer loop
  vertex -0.0636340007 0.0122999996 0.00925400015
  vertex -0.0640799999 0.012205 0.00908300001
  vertex -0.0637499988 0.0122999996 0.00988100003
  endloop
 endfacet

 facet normal -0.195007384 0.980137169 -0.036101371
  outer loop
  vertex -0.0637499988 0.0122999996 0.00988100003
  vertex -0.0640799999 0.012205 0.00908300001
  vertex -0.0642279983 0.012205 0.00988100003
  endloop
 endfacet

 facet normal -0.342196256 0.827090859 -0.445895106
  outer loop
  vertex -0.0630119964 0.012205 0.00789599959
  vertex -0.0630730018 0.0121149998 0.00777600007
  vertex -0.0636560023 0.012205 0.00839000009
  endloop
 endfacet

 facet normal -0.342196256 0.827090859 -0.445895106
  outer loop
  vertex -0.0636560023 0.012205 0.00839000009
  vertex -0.0630730018 0.0121149998 0.00777600007
  vertex -0.0639569983 0.0119340001 0.00811900012
  endloop
 endfacet

 facet normal -0.479203135 0.827105403 -0.293701947
  outer loop
  vertex -0.0636560023 0.012205 0.00839000009
  vertex -0.0639569983 0.0119340001 0.00811900012
  vertex -0.0640799999 0.012205 0.00908300001
  endloop
 endfacet

 facet normal -0.479203135 0.827105403 -0.293701947
  outer loop
  vertex -0.0640799999 0.012205 0.00908300001
  vertex -0.0639569983 0.0119340001 0.00811900012
  vertex -0.0644590035 0.0119340001 0.0089370003
  endloop
 endfacet

 facet normal -0.552614689 0.827121973 -0.102402717
  outer loop
  vertex -0.0640799999 0.012205 0.00908300001
  vertex -0.0644590035 0.0119340001 0.0089370003
  vertex -0.0643630028 0.0121149998 0.00988100003
  endloop
 endfacet

 facet normal -0.552684128 0.827076256 -0.102397062
  outer loop
  vertex -0.0643630028 0.0121149998 0.00988100003
  vertex -0.0644590035 0.0119340001 0.0089370003
  vertex -0.0646340027 0.0119340001 0.00988100003
  endloop
 endfacet

 facet normal -0.508777142 0.549075305 -0.663070202
  outer loop
  vertex -0.0631960034 0.0119340001 0.00753400009
  vertex -0.0632779971 0.0116630001 0.00737300003
  vertex -0.0639569983 0.0119340001 0.00811900012
  endloop
 endfacet

 facet normal -0.508777142 0.549075305 -0.663070202
  outer loop
  vertex -0.0639569983 0.0119340001 0.00811900012
  vertex -0.0632779971 0.0116630001 0.00737300003
  vertex -0.0641589984 0.0115280002 0.00793800037
  endloop
 endfacet

 facet normal -0.712594151 0.549095511 -0.43669641
  outer loop
  vertex -0.0639569983 0.0119340001 0.00811900012
  vertex -0.0641589984 0.0115280002 0.00793800037
  vertex -0.0644590035 0.0119340001 0.0089370003
  endloop
 endfacet

 facet normal -0.712594151 0.549095511 -0.43669641
  outer loop
  vertex -0.0644590035 0.0119340001 0.0089370003
  vertex -0.0641589984 0.0115280002 0.00793800037
  vertex -0.0647120029 0.0115280002 0.00884000026
  endloop
 endfacet

 facet normal -0.82177484 0.549083173 -0.152295336
  outer loop
  vertex -0.0644590035 0.0119340001 0.0089370003
  vertex -0.0647120029 0.0115280002 0.00884000026
  vertex -0.0648149997 0.0116630001 0.00988100003
  endloop
 endfacet

 facet normal -0.82177484 0.549083173 -0.152295336
  outer loop
  vertex -0.0648149997 0.0116630001 0.00988100003
  vertex -0.0647120029 0.0115280002 0.00884000026
  vertex -0.0649050027 0.0115280002 0.00988100003
  endloop
 endfacet

 facet normal -0.597409368 0.192002997 -0.778612196
  outer loop
  vertex -0.0633189976 0.0115280002 0.00729299989
  vertex -0.0633620024 0.0110499999 0.00720799994
  vertex -0.0641589984 0.0115280002 0.00793800037
  endloop
 endfacet

 facet normal -0.597420871 0.191906691 -0.778627157
  outer loop
  vertex -0.0641589984 0.0115280002 0.00793800037
  vertex -0.0633620024 0.0110499999 0.00720799994
  vertex -0.0642289966 0.0110499999 0.00787399989
  endloop
 endfacet

 facet normal -0.836773992 0.191994041 -0.512784064
  outer loop
  vertex -0.0641589984 0.0115280002 0.00793800037
  vertex -0.0642289966 0.0110499999 0.00787399989
  vertex -0.0647120029 0.0115280002 0.00884000026
  endloop
 endfacet

 facet normal -0.836790085 0.191897735 -0.512793958
  outer loop
  vertex -0.0647120029 0.0115280002 0.00884000026
  vertex -0.0642289966 0.0110499999 0.00787399989
  vertex -0.0648010001 0.0110499999 0.00880600046
  endloop
 endfacet

 facet normal -0.964990258 0.191898063 -0.178798199
  outer loop
  vertex -0.0647120029 0.0115280002 0.00884000026
  vertex -0.0648010001 0.0110499999 0.00880600046
  vertex -0.0649050027 0.0115280002 0.00988100003
  endloop
 endfacet

 facet normal -0.964971781 0.191994384 -0.178794786
  outer loop
  vertex -0.0649050027 0.0115280002 0.00988100003
  vertex -0.0648010001 0.0110499999 0.00880600046
  vertex -0.0649999976 0.0110499999 0.00988100003
  endloop
 endfacet

 facet normal -0.0885988846 0.980787635 -0.173797831
  outer loop
  vertex -0.0627939999 0.0122999996 0.00832199957
  vertex -0.0505019985 0.0122999996 0.00205900008
  vertex -0.0630119964 0.012205 0.00789599959
  endloop
 endfacet

 facet normal -0.115402021 0.965916991 -0.231704071
  outer loop
  vertex -0.0630119964 0.012205 0.00789599959
  vertex -0.0505019985 0.0122999996 0.00205900008
  vertex -0.0507859997 0.0121330004 0.00150200003
  endloop
 endfacet

 facet normal -0.253595233 0.831484318 -0.494290709
  outer loop
  vertex -0.0630119964 0.012205 0.00789599959
  vertex -0.0507859997 0.0121330004 0.00150200003
  vertex -0.0630730018 0.0121149998 0.00777600007
  endloop
 endfacet

 facet normal -0.253595233 0.831484318 -0.494290709
  outer loop
  vertex -0.0630730018 0.0121149998 0.00777600007
  vertex -0.0507859997 0.0121330004 0.00150200003
  vertex -0.0631960034 0.0119340001 0.00753400009
  endloop
 endfacet

 facet normal -0.318304598 0.707110167 -0.631409109
  outer loop
  vertex -0.0631960034 0.0119340001 0.00753400009
  vertex -0.0507859997 0.0121330004 0.00150200003
  vertex -0.0509940013 0.0116750002 0.00109399995
  endloop
 endfacet

 facet normal -0.378899097 0.555598736 -0.740098357
  outer loop
  vertex -0.0631960034 0.0119340001 0.00753400009
  vertex -0.0509940013 0.0116750002 0.00109399995
  vertex -0.0632779971 0.0116630001 0.00737300003
  endloop
 endfacet

 facet normal -0.378899097 0.555598736 -0.740098357
  outer loop
  vertex -0.0632779971 0.0116630001 0.00737300003
  vertex -0.0509940013 0.0116750002 0.00109399995
  vertex -0.0633189976 0.0115280002 0.00729299989
  endloop
 endfacet

 facet normal -0.436491996 0.258795261 -0.861684203
  outer loop
  vertex -0.0633189976 0.0115280002 0.00729299989
  vertex -0.0509940013 0.0116750002 0.00109399995
  vertex -0.051070001 0.0110499999 0.000944999978
  endloop
 endfacet

 facet normal -0.445287257 0.195094392 -0.873874962
  outer loop
  vertex -0.0633189976 0.0115280002 0.00729299989
  vertex -0.051070001 0.0110499999 0.000944999978
  vertex -0.0633620024 0.0110499999 0.00720799994
  endloop
 endfacet

 facet normal -0.0305991974 0.965474665 -0.258693218
  outer loop
  vertex -0.049674999 0.0122999996 0.00175399997
  vertex -0.0487999991 0.0122999996 0.00164999999
  vertex -0.0487999991 0.0121330004 0.00102500001
  endloop
 endfacet

 facet normal -0.0901973918 0.965472162 -0.244392931
  outer loop
  vertex -0.0505019985 0.0122999996 0.00205900008
  vertex -0.049674999 0.0122999996 0.00175399997
  vertex -0.0498210005 0.0121330004 0.001146
  endloop
 endfacet

 facet normal -0.0901973918 0.965472162 -0.244392931
  outer loop
  vertex -0.0505019985 0.0122999996 0.00205900008
  vertex -0.0498210005 0.0121330004 0.001146
  vertex -0.0507859997 0.0121330004 0.00150200003
  endloop
 endfacet

 facet normal -0.245607749 0.704622209 -0.665720999
  outer loop
  vertex -0.0507859997 0.0121330004 0.00150200003
  vertex -0.0498210005 0.0121330004 0.001146
  vertex -0.0499279983 0.0116750002 0.000700999983
  endloop
 endfacet

 facet normal -0.245607749 0.704622209 -0.665720999
  outer loop
  vertex -0.0507859997 0.0121330004 0.00150200003
  vertex -0.0499279983 0.0116750002 0.000700999983
  vertex -0.0509940013 0.0116750002 0.00109399995
  endloop
 endfacet

 facet normal -0.33451435 0.257111013 -0.90663892
  outer loop
  vertex -0.0509940013 0.0116750002 0.00109399995
  vertex -0.0499279983 0.0116750002 0.000700999983
  vertex -0.0499669984 0.0110499999 0.000538000022
  endloop
 endfacet

 facet normal -0.33451435 0.257111013 -0.90663892
  outer loop
  vertex -0.0509940013 0.0116750002 0.00109399995
  vertex -0.0499669984 0.0110499999 0.000538000022
  vertex -0.051070001 0.0110499999 0.000944999978
  endloop
 endfacet

 facet normal -0.0305991974 0.965474665 -0.258693218
  outer loop
  vertex -0.049674999 0.0122999996 0.00175399997
  vertex -0.0487999991 0.0121330004 0.00102500001
  vertex -0.0498210005 0.0121330004 0.001146
  endloop
 endfacet

 facet normal -0.0834050924 0.704643011 -0.704643011
  outer loop
  vertex -0.0498210005 0.0121330004 0.001146
  vertex -0.0487999991 0.0121330004 0.00102500001
  vertex -0.0487999991 0.0116750002 0.00056700001
  endloop
 endfacet

 facet normal -0.0834050924 0.704643011 -0.704643011
  outer loop
  vertex -0.0498210005 0.0121330004 0.001146
  vertex -0.0487999991 0.0116750002 0.00056700001
  vertex -0.0499279983 0.0116750002 0.000700999983
  endloop
 endfacet

 facet normal -0.113598324 0.257096201 -0.959685802
  outer loop
  vertex -0.0499279983 0.0116750002 0.000700999983
  vertex -0.0487999991 0.0116750002 0.00056700001
  vertex -0.0487999991 0.0110499999 0.00039999999
  endloop
 endfacet

 facet normal -0.113598324 0.257096201 -0.959685802
  outer loop
  vertex -0.0499279983 0.0116750002 0.000700999983
  vertex -0.0487999991 0.0110499999 0.00039999999
  vertex -0.0499669984 0.0110499999 0.000538000022
  endloop
 endfacet

 facet normal 0 0.965928912 -0.258807719
  outer loop
  vertex -0.0487999991 0.0122999996 0.00164999999
  vertex -0.0350000001 0.0122999996 0.00164999999
  vertex -0.0350000001 0.0121330004 0.00102500001
  endloop
 endfacet

 facet normal 0 0.965928912 -0.258807719
  outer loop
  vertex -0.0487999991 0.0122999996 0.00164999999
  vertex -0.0350000001 0.0121330004 0.00102500001
  vertex -0.0487999991 0.0121330004 0.00102500001
  endloop
 endfacet

 facet normal 0 0.707106769 -0.707106769
  outer loop
  vertex -0.0487999991 0.0121330004 0.00102500001
  vertex -0.0350000001 0.0121330004 0.00102500001
  vertex -0.0350000001 0.0116750002 0.00056700001
  endloop
 endfacet

 facet normal 0 0.707106769 -0.707106769
  outer loop
  vertex -0.0487999991 0.0121330004 0.00102500001
  vertex -0.0350000001 0.0116750002 0.00056700001
  vertex -0.0487999991 0.0116750002 0.00056700001
  endloop
 endfacet

 facet normal 0 0.258807719 -0.965928912
  outer loop
  vertex -0.0487999991 0.0116750002 0.00056700001
  vertex -0.0350000001 0.0116750002 0.00056700001
  vertex -0.0350000001 0.0110499999 0.00039999999
  endloop
 endfacet

 facet normal 0 0.258807719 -0.965928912
  outer loop
  vertex -0.0487999991 0.0116750002 0.00056700001
  vertex -0.0350000001 0.0110499999 0.00039999999
  vertex -0.0487999991 0.0110499999 0.00039999999
  endloop
 endfacet

 facet normal -0.117503203 -0.965926409 -0.230606288
  outer loop
  vertex -0.0627939999 -0.0122999996 0.00832199957
  vertex -0.0630780011 -0.0121330004 0.00776500022
  vertex -0.057 -0.0122999996 0.00536999991
  endloop
 endfacet

 facet normal -0.126000658 -0.959304869 -0.252701312
  outer loop
  vertex -0.057 -0.0122999996 0.00536999991
  vertex -0.0630780011 -0.0121330004 0.00776500022
  vertex -0.057 -0.0121170003 0.0046740002
  endloop
 endfacet

 facet normal -0.126000658 -0.959304869 -0.252701312
  outer loop
  vertex -0.057 -0.0121170003 0.0046740002
  vertex -0.0630780011 -0.0121330004 0.00776500022
  vertex -0.057 -0.0120989997 0.00460699992
  endloop
 endfacet

 facet normal -0.323006392 -0.707113981 -0.629012465
  outer loop
  vertex -0.057 -0.0120989997 0.00460699992
  vertex -0.0630780011 -0.0121330004 0.00776500022
  vertex -0.063285999 -0.0116750002 0.00735699991
  endloop
 endfacet

 facet normal -0.334590852 -0.671481609 -0.661181867
  outer loop
  vertex -0.057 -0.0120989997 0.00460699992
  vertex -0.063285999 -0.0116750002 0.00735699991
  vertex -0.057 -0.0116659999 0.00416699983
  endloop
 endfacet

 facet normal -0.334590852 -0.671481609 -0.661181867
  outer loop
  vertex -0.057 -0.0116659999 0.00416699983
  vertex -0.063285999 -0.0116750002 0.00735699991
  vertex -0.057 -0.0116219996 0.00412200019
  endloop
 endfacet

 facet normal -0.440316349 -0.258809596 -0.859731972
  outer loop
  vertex -0.057 -0.0116219996 0.00412200019
  vertex -0.063285999 -0.0116750002 0.00735699991
  vertex -0.0633620024 -0.0110499999 0.00720799994
  endloop
 endfacet

 facet normal -0.441204488 -0.235302404 -0.866008878
  outer loop
  vertex -0.057 -0.0116219996 0.00412200019
  vertex -0.0633620024 -0.0110499999 0.00720799994
  vertex -0.057 -0.0110499999 0.00396700017
  endloop
 endfacet

 facet normal -0.588674545 -0.254788995 -0.767166793
  outer loop
  vertex -0.0633620024 -0.0110499999 0.00720799994
  vertex -0.063285999 -0.0116750002 0.00735699991
  vertex -0.0642289966 -0.0110499999 0.00787399989
  endloop
 endfacet

 facet normal -0.588674545 -0.254788995 -0.767166793
  outer loop
  vertex -0.0642289966 -0.0110499999 0.00787399989
  vertex -0.063285999 -0.0116750002 0.00735699991
  vertex -0.0641049966 -0.0116750002 0.00798599981
  endloop
 endfacet

 facet normal -0.824478865 -0.254793465 -0.505286992
  outer loop
  vertex -0.0642289966 -0.0110499999 0.00787399989
  vertex -0.0641049966 -0.0116750002 0.00798599981
  vertex -0.0648010001 -0.0110499999 0.00880600046
  endloop
 endfacet

 facet normal -0.824478865 -0.254793465 -0.505286992
  outer loop
  vertex -0.0648010001 -0.0110499999 0.00880600046
  vertex -0.0641049966 -0.0116750002 0.00798599981
  vertex -0.0646440014 -0.0116750002 0.00886599999
  endloop
 endfacet

 facet normal -0.950804651 -0.254801244 -0.176200852
  outer loop
  vertex -0.0648010001 -0.0110499999 0.00880600046
  vertex -0.0646440014 -0.0116750002 0.00886599999
  vertex -0.0649999976 -0.0110499999 0.00988100003
  endloop
 endfacet

 facet normal -0.95082885 -0.254707724 -0.176205337
  outer loop
  vertex -0.0649999976 -0.0110499999 0.00988100003
  vertex -0.0646440014 -0.0116750002 0.00886599999
  vertex -0.0648330003 -0.0116750002 0.00988100003
  endloop
 endfacet

 facet normal -0.434099883 -0.701099873 -0.565699816
  outer loop
  vertex -0.063285999 -0.0116750002 0.00735699991
  vertex -0.0630780011 -0.0121330004 0.00776500022
  vertex -0.0641049966 -0.0116750002 0.00798599981
  endloop
 endfacet

 facet normal -0.434099883 -0.701099873 -0.565699816
  outer loop
  vertex -0.0641049966 -0.0116750002 0.00798599981
  vertex -0.0630780011 -0.0121330004 0.00776500022
  vertex -0.0637649968 -0.0121330004 0.00829199981
  endloop
 endfacet

 facet normal -0.607989073 -0.701087475 -0.372593313
  outer loop
  vertex -0.0641049966 -0.0116750002 0.00798599981
  vertex -0.0637649968 -0.0121330004 0.00829199981
  vertex -0.0646440014 -0.0116750002 0.00886599999
  endloop
 endfacet

 facet normal -0.607989073 -0.701087475 -0.372593313
  outer loop
  vertex -0.0646440014 -0.0116750002 0.00886599999
  vertex -0.0637649968 -0.0121330004 0.00829199981
  vertex -0.0642170012 -0.0121330004 0.00903000031
  endloop
 endfacet

 facet normal -0.701115251 -0.701115251 -0.12990281
  outer loop
  vertex -0.0646440014 -0.0116750002 0.00886599999
  vertex -0.0642170012 -0.0121330004 0.00903000031
  vertex -0.0648330003 -0.0116750002 0.00988100003
  endloop
 endfacet

 facet normal -0.701115251 -0.701115251 -0.12990281
  outer loop
  vertex -0.0648330003 -0.0116750002 0.00988100003
  vertex -0.0642170012 -0.0121330004 0.00903000031
  vertex -0.0643749982 -0.0121330004 0.00988100003
  endloop
 endfacet

 facet normal -0.16010119 -0.964807212 -0.208601564
  outer loop
  vertex -0.0630780011 -0.0121330004 0.00776500022
  vertex -0.0627939999 -0.0122999996 0.00832199957
  vertex -0.0637649968 -0.0121330004 0.00829199981
  endloop
 endfacet

 facet normal -0.16010119 -0.964807212 -0.208601564
  outer loop
  vertex -0.0637649968 -0.0121330004 0.00829199981
  vertex -0.0627939999 -0.0122999996 0.00832199957
  vertex -0.063300997 -0.0122999996 0.00870999973
  endloop
 endfacet

 facet normal -0.224201843 -0.964807987 -0.137401134
  outer loop
  vertex -0.0637649968 -0.0121330004 0.00829199981
  vertex -0.063300997 -0.0122999996 0.00870999973
  vertex -0.0642170012 -0.0121330004 0.00903000031
  endloop
 endfacet

 facet normal -0.224201843 -0.964807987 -0.137401134
  outer loop
  vertex -0.0642170012 -0.0121330004 0.00903000031
  vertex -0.063300997 -0.0122999996 0.00870999973
  vertex -0.0636340007 -0.0122999996 0.00925400015
  endloop
 endfacet

 facet normal -0.258505732 -0.964821398 -0.0479010604
  outer loop
  vertex -0.0642170012 -0.0121330004 0.00903000031
  vertex -0.0636340007 -0.0122999996 0.00925400015
  vertex -0.0643749982 -0.0121330004 0.00988100003
  endloop
 endfacet

 facet normal -0.258505732 -0.964821398 -0.0479010604
  outer loop
  vertex -0.0643749982 -0.0121330004 0.00988100003
  vertex -0.0636340007 -0.0122999996 0.00925400015
  vertex -0.0637499988 -0.0122999996 0.00988100003
  endloop
 endfacet

 facet normal -0.258807719 -0.965928912 0
  outer loop
  vertex -0.0637499988 -0.0122999996 0.00988100003
  vertex -0.0637499988 -0.0122999996 0.0102000004
  vertex -0.0643749982 -0.0121330004 0.0102000004
  endloop
 endfacet

 facet normal -0.258807719 -0.965928912 0
  outer loop
  vertex -0.0637499988 -0.0122999996 0.00988100003
  vertex -0.0643749982 -0.0121330004 0.0102000004
  vertex -0.0643749982 -0.0121330004 0.00988100003
  endloop
 endfacet

 facet normal -0.707106769 -0.707106769 0
  outer loop
  vertex -0.0643749982 -0.0121330004 0.00988100003
  vertex -0.0643749982 -0.0121330004 0.0102000004
  vertex -0.0648330003 -0.0116750002 0.0102000004
  endloop
 endfacet

 facet normal -0.707106769 -0.707106769 0
  outer loop
  vertex -0.0643749982 -0.0121330004 0.00988100003
  vertex -0.0648330003 -0.0116750002 0.0102000004
  vertex -0.0648330003 -0.0116750002 0.00988100003
  endloop
 endfacet

 facet normal -0.965928912 -0.258807719 0
  outer loop
  vertex -0.0648330003 -0.0116750002 0.00988100003
  vertex -0.0648330003 -0.0116750002 0.0102000004
  vertex -0.0649999976 -0.0110499999 0.0102000004
  endloop
 endfacet

 facet normal -0.965928912 -0.258807719 0
  outer loop
  vertex -0.0648330003 -0.0116750002 0.00988100003
  vertex -0.0649999976 -0.0110499999 0.0102000004
  vertex -0.0649999976 -0.0110499999 0.00988100003
  endloop
 endfacet

 facet normal 0.781208575 -0.257902831 0.568506181
  outer loop
  vertex -0.038807001 -0.0116750002 0.0436329991
  vertex -0.0372969992 -0.0116750002 0.0415569991
  vertex -0.0371540003 -0.0110499999 0.0416439995
  endloop
 endfacet

 facet normal 0.781208575 -0.257902831 0.568506181
  outer loop
  vertex -0.0371540003 -0.0110499999 0.0416439995
  vertex -0.0386810005 -0.0110499999 0.0437429994
  vertex -0.038807001 -0.0116750002 0.0436329991
  endloop
 endfacet

 facet normal 0.671489 -0.257895768 0.694688618
  outer loop
  vertex -0.038807001 -0.0116750002 0.0436329991
  vertex -0.0386810005 -0.0110499999 0.0437429994
  vertex -0.0393589996 -0.0110499999 0.0443990007
  endloop
 endfacet

 facet normal 0.671489 -0.257895768 0.694688618
  outer loop
  vertex -0.038807001 -0.0116750002 0.0436329991
  vertex -0.0393589996 -0.0110499999 0.0443990007
  vertex -0.0406530015 -0.0116750002 0.0454169996
  endloop
 endfacet

 facet normal 0.671489 -0.257895768 0.694688618
  outer loop
  vertex -0.0406530015 -0.0116750002 0.0454169996
  vertex -0.0393589996 -0.0110499999 0.0443990007
  vertex -0.0405469984 -0.0110499999 0.0455470011
  endloop
 endfacet

 facet normal 0.541669846 -0.257885635 0.800055444
  outer loop
  vertex -0.0406530015 -0.0116750002 0.0454169996
  vertex -0.0405469984 -0.0110499999 0.0455470011
  vertex -0.0427789986 -0.0116750002 0.046856001
  endloop
 endfacet

 facet normal 0.541669846 -0.257885635 0.800055444
  outer loop
  vertex -0.0405469984 -0.0110499999 0.0455470011
  vertex -0.0421109982 -0.0110499999 0.0466060005
  vertex -0.0427789986 -0.0116750002 0.046856001
  endloop
 endfacet

 facet normal 0.541669846 -0.257885635 0.800055444
  outer loop
  vertex -0.0427789986 -0.0116750002 0.046856001
  vertex -0.0421109982 -0.0110499999 0.0466060005
  vertex -0.0426970012 -0.0110499999 0.0470019989
  endloop
 endfacet

 facet normal 0.395589292 -0.257893026 0.881476164
  outer loop
  vertex -0.0427789986 -0.0116750002 0.046856001
  vertex -0.0426970012 -0.0110499999 0.0470019989
  vertex -0.0451200008 -0.0116750002 0.0479069985
  endloop
 endfacet

 facet normal 0.395589292 -0.257893026 0.881476164
  outer loop
  vertex -0.0426970012 -0.0110499999 0.0470019989
  vertex -0.0450650007 -0.0110499999 0.0480649993
  vertex -0.0451200008 -0.0116750002 0.0479069985
  endloop
 endfacet

 facet normal 0.237694547 -0.257894069 0.936478496
  outer loop
  vertex -0.0451200008 -0.0116750002 0.0479069985
  vertex -0.0450650007 -0.0110499999 0.0480649993
  vertex -0.0452940017 -0.0110499999 0.0481229983
  endloop
 endfacet

 facet normal 0.237694547 -0.257894069 0.936478496
  outer loop
  vertex -0.0451200008 -0.0116750002 0.0479069985
  vertex -0.0452940017 -0.0110499999 0.0481229983
  vertex -0.0476079993 -0.0116750002 0.0485379994
  endloop
 endfacet

 facet normal 0.237694547 -0.257894069 0.936478496
  outer loop
  vertex -0.0452940017 -0.0110499999 0.0481229983
  vertex -0.0475809984 -0.0110499999 0.0487039983
  vertex -0.0476079993 -0.0116750002 0.0485379994
  endloop
 endfacet

 facet normal 0.0727022812 -0.257908076 0.963430226
  outer loop
  vertex -0.0476079993 -0.0116750002 0.0485379994
  vertex -0.0475809984 -0.0110499999 0.0487039983
  vertex -0.0487580001 -0.0110499999 0.0487920009
  endloop
 endfacet

 facet normal 0.0727022812 -0.257908076 0.963430226
  outer loop
  vertex -0.0476079993 -0.0116750002 0.0485379994
  vertex -0.0487580001 -0.0110499999 0.0487920009
  vertex -0.0501680002 -0.0116750002 0.0487320013
  endloop
 endfacet

 facet normal 0.0727022812 -0.257908076 0.963430226
  outer loop
  vertex -0.0501680002 -0.0116750002 0.0487320013
  vertex -0.0487580001 -0.0110499999 0.0487920009
  vertex -0.0501700006 -0.0110499999 0.0488989986
  endloop
 endfacet

 facet normal -0.0945035443 -0.257909685 0.961536169
  outer loop
  vertex -0.0501680002 -0.0116750002 0.0487320013
  vertex -0.0501700006 -0.0110499999 0.0488989986
  vertex -0.0527230017 -0.0116750002 0.0484809987
  endloop
 endfacet

 facet normal -0.0945035443 -0.257909685 0.961536169
  outer loop
  vertex -0.0501700006 -0.0110499999 0.0488989986
  vertex -0.0522839986 -0.0110499999 0.0486910008
  vertex -0.0527230017 -0.0116750002 0.0484809987
  endloop
 endfacet

 facet normal -0.0945035443 -0.257909685 0.961536169
  outer loop
  vertex -0.0527230017 -0.0116750002 0.0484809987
  vertex -0.0522839986 -0.0110499999 0.0486910008
  vertex -0.0527530015 -0.0110499999 0.0486450009
  endloop
 endfacet

 facet normal -0.258909017 -0.257909 0.930832505
  outer loop
  vertex -0.0527230017 -0.0116750002 0.0484809987
  vertex -0.0527530015 -0.0110499999 0.0486450009
  vertex -0.0551959984 -0.0116750002 0.0477930009
  endloop
 endfacet

 facet normal -0.258909017 -0.257909 0.930832505
  outer loop
  vertex -0.0527530015 -0.0110499999 0.0486450009
  vertex -0.0552540012 -0.0110499999 0.0479499996
  vertex -0.0551959984 -0.0116750002 0.0477930009
  endloop
 endfacet

 facet normal -0.415487587 -0.257892281 0.872273862
  outer loop
  vertex -0.0551959984 -0.0116750002 0.0477930009
  vertex -0.0552540012 -0.0110499999 0.0479499996
  vertex -0.0556799993 -0.0110499999 0.0477470011
  endloop
 endfacet

 facet normal -0.415487587 -0.257892281 0.872273862
  outer loop
  vertex -0.0551959984 -0.0116750002 0.0477930009
  vertex -0.0556799993 -0.0110499999 0.0477470011
  vertex -0.0575129986 -0.0116750002 0.046689
  endloop
 endfacet

 facet normal -0.415487587 -0.257892281 0.872273862
  outer loop
  vertex -0.0575129986 -0.0116750002 0.046689
  vertex -0.0556799993 -0.0110499999 0.0477470011
  vertex -0.0575979985 -0.0110499999 0.0468330011
  endloop
 endfacet

 facet normal -0.559606075 -0.257902801 0.787608504
  outer loop
  vertex -0.0575129986 -0.0116750002 0.046689
  vertex -0.0575979985 -0.0110499999 0.0468330011
  vertex -0.0596049987 -0.0116750002 0.0452019982
  endloop
 endfacet

 facet normal -0.559606075 -0.257902801 0.787608504
  outer loop
  vertex -0.0596049987 -0.0116750002 0.0452019982
  vertex -0.0575979985 -0.0110499999 0.0468330011
  vertex -0.0587520003 -0.0110499999 0.0460130014
  endloop
 endfacet

 facet normal -0.559606075 -0.257902801 0.787608504
  outer loop
  vertex -0.0587520003 -0.0110499999 0.0460130014
  vertex -0.0597140007 -0.0110499999 0.0453299992
  vertex -0.0596049987 -0.0116750002 0.0452019982
  endloop
 endfacet

 facet normal -0.687024057 -0.25790906 0.679323792
  outer loop
  vertex -0.0596049987 -0.0116750002 0.0452019982
  vertex -0.0597140007 -0.0110499999 0.0453299992
  vertex -0.0613729991 -0.0110499999 0.0436509997
  endloop
 endfacet

 facet normal -0.687024057 -0.25790906 0.679323792
  outer loop
  vertex -0.0596049987 -0.0116750002 0.0452019982
  vertex -0.0613729991 -0.0110499999 0.0436509997
  vertex -0.0614099987 -0.0116750002 0.0433770008
  endloop
 endfacet

 facet normal -0.687024057 -0.25790906 0.679323792
  outer loop
  vertex -0.0614099987 -0.0116750002 0.0433770008
  vertex -0.0613729991 -0.0110499999 0.0436509997
  vertex -0.0615390018 -0.0110499999 0.0434839986
  endloop
 endfacet

 facet normal -0.793876112 -0.257892251 0.550683439
  outer loop
  vertex -0.0614099987 -0.0116750002 0.0433770008
  vertex -0.0615390018 -0.0110499999 0.0434839986
  vertex -0.0628729984 -0.0116750002 0.0412679985
  endloop
 endfacet

 facet normal -0.793876112 -0.257892251 0.550683439
  outer loop
  vertex -0.0615390018 -0.0110499999 0.0434839986
  vertex -0.063019 -0.0110499999 0.0413510017
  vertex -0.0628729984 -0.0116750002 0.0412679985
  endloop
 endfacet

 facet normal -0.876909971 -0.25790292 0.405604571
  outer loop
  vertex -0.0628729984 -0.0116750002 0.0412679985
  vertex -0.063019 -0.0110499999 0.0413510017
  vertex -0.0633160025 -0.0110499999 0.0407090001
  endloop
 endfacet

 facet normal -0.876909971 -0.25790292 0.405604571
  outer loop
  vertex -0.0628729984 -0.0116750002 0.0412679985
  vertex -0.0633160025 -0.0110499999 0.0407090001
  vertex -0.0639510006 -0.0116750002 0.0389380008
  endloop
 endfacet

 facet normal -0.876909971 -0.25790292 0.405604571
  outer loop
  vertex -0.0639510006 -0.0116750002 0.0389380008
  vertex -0.0633160025 -0.0110499999 0.0407090001
  vertex -0.0641079992 -0.0110499999 0.0389950015
  endloop
 endfacet

 facet normal -0.933718145 -0.257905006 0.248304814
  outer loop
  vertex -0.0639510006 -0.0116750002 0.0389380008
  vertex -0.0641079992 -0.0110499999 0.0389950015
  vertex -0.064609997 -0.0116750002 0.0364569984
  endloop
 endfacet

 facet normal -0.962544441 -0.257911921 0.0836038738
  outer loop
  vertex -0.0649999976 -0.0110499999 0.0339000002
  vertex -0.0648330003 -0.0116750002 0.0339000002
  vertex -0.0647749975 -0.0110499999 0.0364859998
  endloop
 endfacet

 facet normal -0.962544441 -0.257911921 0.0836038738
  outer loop
  vertex -0.0647749975 -0.0110499999 0.0364859998
  vertex -0.0648330003 -0.0116750002 0.0339000002
  vertex -0.064609997 -0.0116750002 0.0364569984
  endloop
 endfacet

 facet normal -0.933718145 -0.257905006 0.248304814
  outer loop
  vertex -0.0647749975 -0.0110499999 0.0364859998
  vertex -0.064609997 -0.0116750002 0.0364569984
  vertex -0.0645330027 -0.0110499999 0.0373979993
  endloop
 endfacet

 facet normal -0.933718145 -0.257905006 0.248304814
  outer loop
  vertex -0.0645330027 -0.0110499999 0.0373979993
  vertex -0.064609997 -0.0116750002 0.0364569984
  vertex -0.0641079992 -0.0110499999 0.0389950015
  endloop
 endfacet

 facet normal -0.705777049 -0.705777049 0.0612980053
  outer loop
  vertex -0.0648330003 -0.0116750002 0.0339000002
  vertex -0.0643749982 -0.0121330004 0.0339000002
  vertex -0.064609997 -0.0116750002 0.0364569984
  endloop
 endfacet

 facet normal -0.705777049 -0.705777049 0.0612980053
  outer loop
  vertex -0.064609997 -0.0116750002 0.0364569984
  vertex -0.0643749982 -0.0121330004 0.0339000002
  vertex -0.0641599968 -0.0121330004 0.0363779999
  endloop
 endfacet

 facet normal -0.684603035 -0.705803096 0.182100803
  outer loop
  vertex -0.064609997 -0.0116750002 0.0364569984
  vertex -0.0641599968 -0.0121330004 0.0363779999
  vertex -0.0639510006 -0.0116750002 0.0389380008
  endloop
 endfacet

 facet normal -0.684603035 -0.705803096 0.182100803
  outer loop
  vertex -0.0639510006 -0.0116750002 0.0389380008
  vertex -0.0641599968 -0.0121330004 0.0363779999
  vertex -0.0635199994 -0.0121330004 0.0387829989
  endloop
 endfacet

 facet normal -0.642984092 -0.705782533 0.297392637
  outer loop
  vertex -0.0639510006 -0.0116750002 0.0389380008
  vertex -0.0635199994 -0.0121330004 0.0387829989
  vertex -0.0628729984 -0.0116750002 0.0412679985
  endloop
 endfacet

 facet normal -0.642984092 -0.705782533 0.297392637
  outer loop
  vertex -0.0628729984 -0.0116750002 0.0412679985
  vertex -0.0635199994 -0.0121330004 0.0387829989
  vertex -0.0624760017 -0.0121330004 0.0410399996
  endloop
 endfacet

 facet normal -0.582085907 -0.70578289 0.403790236
  outer loop
  vertex -0.0628729984 -0.0116750002 0.0412679985
  vertex -0.0624760017 -0.0121330004 0.0410399996
  vertex -0.0614099987 -0.0116750002 0.0433770008
  endloop
 endfacet

 facet normal -0.582085907 -0.70578289 0.403790236
  outer loop
  vertex -0.0614099987 -0.0116750002 0.0433770008
  vertex -0.0624760017 -0.0121330004 0.0410399996
  vertex -0.0610579997 -0.0121330004 0.0430850014
  endloop
 endfacet

 facet normal -0.503781974 -0.705774665 0.498082161
  outer loop
  vertex -0.0614099987 -0.0116750002 0.0433770008
  vertex -0.0610579997 -0.0121330004 0.0430850014
  vertex -0.0596049987 -0.0116750002 0.0452019982
  endloop
 endfacet

 facet normal -0.503781974 -0.705774665 0.498082161
  outer loop
  vertex -0.0596049987 -0.0116750002 0.0452019982
  vertex -0.0610579997 -0.0121330004 0.0430850014
  vertex -0.0593089983 -0.0121330004 0.0448540002
  endloop
 endfacet

 facet normal -0.410298765 -0.705797911 0.577498317
  outer loop
  vertex -0.0596049987 -0.0116750002 0.0452019982
  vertex -0.0593089983 -0.0121330004 0.0448540002
  vertex -0.0575129986 -0.0116750002 0.046689
  endloop
 endfacet

 facet normal -0.410298765 -0.705797911 0.577498317
  outer loop
  vertex -0.0575129986 -0.0116750002 0.046689
  vertex -0.0593089983 -0.0121330004 0.0448540002
  vertex -0.0572809987 -0.0121330004 0.046294
  endloop
 endfacet

 facet normal -0.304596514 -0.70579195 0.639592648
  outer loop
  vertex -0.0575129986 -0.0116750002 0.046689
  vertex -0.0572809987 -0.0121330004 0.046294
  vertex -0.0551959984 -0.0116750002 0.0477930009
  endloop
 endfacet

 facet normal -0.304596514 -0.70579195 0.639592648
  outer loop
  vertex -0.0551959984 -0.0116750002 0.0477930009
  vertex -0.0572809987 -0.0121330004 0.046294
  vertex -0.0550349988 -0.0121330004 0.0473640002
  endloop
 endfacet

 facet normal -0.189801499 -0.7058056 0.682505488
  outer loop
  vertex -0.0551959984 -0.0116750002 0.0477930009
  vertex -0.0550349988 -0.0121330004 0.0473640002
  vertex -0.0527230017 -0.0116750002 0.0484809987
  endloop
 endfacet

 facet normal -0.189801499 -0.7058056 0.682505488
  outer loop
  vertex -0.0527230017 -0.0116750002 0.0484809987
  vertex -0.0550349988 -0.0121330004 0.0473640002
  vertex -0.0526390001 -0.0121330004 0.0480309986
  endloop
 endfacet

 facet normal -0.069300659 -0.705806613 0.705006659
  outer loop
  vertex -0.0527230017 -0.0116750002 0.0484809987
  vertex -0.0526390001 -0.0121330004 0.0480309986
  vertex -0.0501680002 -0.0116750002 0.0487320013
  endloop
 endfacet

 facet normal -0.069300659 -0.705806613 0.705006659
  outer loop
  vertex -0.0501680002 -0.0116750002 0.0487320013
  vertex -0.0526390001 -0.0121330004 0.0480309986
  vertex -0.0501630008 -0.0121330004 0.0482739992
  endloop
 endfacet

 facet normal 0.0533001237 -0.705801547 0.706401587
  outer loop
  vertex -0.0501680002 -0.0116750002 0.0487320013
  vertex -0.0501630008 -0.0121330004 0.0482739992
  vertex -0.0476079993 -0.0116750002 0.0485379994
  endloop
 endfacet

 facet normal 0.0533001237 -0.705801547 0.706401587
  outer loop
  vertex -0.0476079993 -0.0116750002 0.0485379994
  vertex -0.0501630008 -0.0121330004 0.0482739992
  vertex -0.0476819985 -0.0121330004 0.0480870008
  endloop
 endfacet

 facet normal 0.174292058 -0.70576781 0.686668754
  outer loop
  vertex -0.0476079993 -0.0116750002 0.0485379994
  vertex -0.0476819985 -0.0121330004 0.0480870008
  vertex -0.0451200008 -0.0116750002 0.0479069985
  endloop
 endfacet

 facet normal 0.174292058 -0.70576781 0.686668754
  outer loop
  vertex -0.0451200008 -0.0116750002 0.0479069985
  vertex -0.0476819985 -0.0121330004 0.0480870008
  vertex -0.0452710018 -0.0121330004 0.047474999
  endloop
 endfacet

 facet normal 0.290097803 -0.705794573 0.646295071
  outer loop
  vertex -0.0451200008 -0.0116750002 0.0479069985
  vertex -0.0452710018 -0.0121330004 0.047474999
  vertex -0.0427789986 -0.0116750002 0.046856001
  endloop
 endfacet

 facet normal 0.290097803 -0.705794573 0.646295071
  outer loop
  vertex -0.0427789986 -0.0116750002 0.046856001
  vertex -0.0452710018 -0.0121330004 0.047474999
  vertex -0.0430009998 -0.0121330004 0.0464560017
  endloop
 endfacet

 facet normal 0.397195816 -0.705792546 0.586593807
  outer loop
  vertex -0.0427789986 -0.0116750002 0.046856001
  vertex -0.0430009998 -0.0121330004 0.0464560017
  vertex -0.0406530015 -0.0116750002 0.0454169996
  endloop
 endfacet

 facet normal 0.397195816 -0.705792546 0.586593807
  outer loop
  vertex -0.0406530015 -0.0116750002 0.0454169996
  vertex -0.0430009998 -0.0121330004 0.0464560017
  vertex -0.040941 -0.0121330004 0.0450620018
  endloop
 endfacet

 facet normal 0.492375404 -0.705764711 0.509374559
  outer loop
  vertex -0.0406530015 -0.0116750002 0.0454169996
  vertex -0.040941 -0.0121330004 0.0450620018
  vertex -0.038807001 -0.0116750002 0.0436329991
  endloop
 endfacet

 facet normal 0.492375404 -0.705764711 0.509374559
  outer loop
  vertex -0.038807001 -0.0116750002 0.0436329991
  vertex -0.040941 -0.0121330004 0.0450620018
  vertex -0.0391529985 -0.0121330004 0.0433330014
  endloop
 endfacet

 facet normal 0.572783053 -0.705779135 0.416887671
  outer loop
  vertex -0.038807001 -0.0116750002 0.0436329991
  vertex -0.0391529985 -0.0121330004 0.0433330014
  vertex -0.0372969992 -0.0116750002 0.0415569991
  endloop
 endfacet

 facet normal 0.572783053 -0.705779135 0.416887671
  outer loop
  vertex -0.0372969992 -0.0116750002 0.0415569991
  vertex -0.0391529985 -0.0121330004 0.0433330014
  vertex -0.0376890004 -0.0121330004 0.0413209982
  endloop
 endfacet

 facet normal -0.258792192 -0.965670943 0.0224993229
  outer loop
  vertex -0.0643749982 -0.0121330004 0.0339000002
  vertex -0.0637499988 -0.0122999996 0.0339000002
  vertex -0.0641599968 -0.0121330004 0.0363779999
  endloop
 endfacet

 facet normal -0.25869894 -0.965695977 0.0224999078
  outer loop
  vertex -0.0641599968 -0.0121330004 0.0363779999
  vertex -0.0637499988 -0.0122999996 0.0339000002
  vertex -0.0635439977 -0.0122999996 0.0362709984
  endloop
 endfacet

 facet normal -0.250996679 -0.965687215 0.0666991174
  outer loop
  vertex -0.0641599968 -0.0121330004 0.0363779999
  vertex -0.0635439977 -0.0122999996 0.0362709984
  vertex -0.0635199994 -0.0121330004 0.0387829989
  endloop
 endfacet

 facet normal -0.250996679 -0.965687215 0.0666991174
  outer loop
  vertex -0.0635199994 -0.0121330004 0.0387829989
  vertex -0.0635439977 -0.0122999996 0.0362709984
  vertex -0.0629329979 -0.0122999996 0.0385700017
  endloop
 endfacet

 facet normal -0.235698581 -0.965694249 0.108999349
  outer loop
  vertex -0.0635199994 -0.0121330004 0.0387829989
  vertex -0.0629329979 -0.0122999996 0.0385700017
  vertex -0.0624760017 -0.0121330004 0.0410399996
  endloop
 endfacet

 facet normal -0.235698581 -0.965694249 0.108999349
  outer loop
  vertex -0.0624760017 -0.0121330004 0.0410399996
  vertex -0.0629329979 -0.0122999996 0.0385700017
  vertex -0.0619340017 -0.0122999996 0.0407299995
  endloop
 endfacet

 facet normal -0.213397875 -0.965690374 0.147998527
  outer loop
  vertex -0.0624760017 -0.0121330004 0.0410399996
  vertex -0.0619340017 -0.0122999996 0.0407299995
  vertex -0.0610579997 -0.0121330004 0.0430850014
  endloop
 endfacet

 facet normal -0.213397875 -0.965690374 0.147998527
  outer loop
  vertex -0.0610579997 -0.0121330004 0.0430850014
  vertex -0.0619340017 -0.0122999996 0.0407299995
  vertex -0.0605770014 -0.0122999996 0.0426849984
  endloop
 endfacet

 facet normal -0.184696913 -0.965683877 0.182596952
  outer loop
  vertex -0.0610579997 -0.0121330004 0.0430850014
  vertex -0.0605770014 -0.0122999996 0.0426849984
  vertex -0.0593089983 -0.0121330004 0.0448540002
  endloop
 endfacet

 facet normal -0.184696913 -0.965683877 0.182596952
  outer loop
  vertex -0.0593089983 -0.0121330004 0.0448540002
  vertex -0.0605770014 -0.0122999996 0.0426849984
  vertex -0.0589039996 -0.0122999996 0.0443769991
  endloop
 endfacet

 facet normal -0.150398985 -0.965693474 0.211698577
  outer loop
  vertex -0.0593089983 -0.0121330004 0.0448540002
  vertex -0.0589039996 -0.0122999996 0.0443769991
  vertex -0.0572809987 -0.0121330004 0.046294
  endloop
 endfacet

 facet normal -0.150398985 -0.965693474 0.211698577
  outer loop
  vertex -0.0572809987 -0.0121330004 0.046294
  vertex -0.0589039996 -0.0122999996 0.0443769991
  vertex -0.0569650009 -0.0122999996 0.045756001
  endloop
 endfacet

 facet normal -0.111697555 -0.965678871 0.23449488
  outer loop
  vertex -0.0572809987 -0.0121330004 0.046294
  vertex -0.0569650009 -0.0122999996 0.045756001
  vertex -0.0550349988 -0.0121330004 0.0473640002
  endloop
 endfacet

 facet normal -0.111697555 -0.965678871 0.23449488
  outer loop
  vertex -0.0550349988 -0.0121330004 0.0473640002
  vertex -0.0569650009 -0.0122999996 0.045756001
  vertex -0.0548160002 -0.0122999996 0.0467789993
  endloop
 endfacet

 facet normal -0.0695992783 -0.965690017 0.250197411
  outer loop
  vertex -0.0550349988 -0.0121330004 0.0473640002
  vertex -0.0548160002 -0.0122999996 0.0467789993
  vertex -0.0526390001 -0.0121330004 0.0480309986
  endloop
 endfacet

 facet normal -0.0695992783 -0.965690017 0.250197411
  outer loop
  vertex -0.0526390001 -0.0121330004 0.0480309986
  vertex -0.0548160002 -0.0122999996 0.0467789993
  vertex -0.0525240004 -0.0122999996 0.0474160016
  endloop
 endfacet

 facet normal -0.0253994428 -0.965678751 0.258494347
  outer loop
  vertex -0.0526390001 -0.0121330004 0.0480309986
  vertex -0.0525240004 -0.0122999996 0.0474160016
  vertex -0.0501630008 -0.0121330004 0.0482739992
  endloop
 endfacet

 facet normal -0.0253994428 -0.965678751 0.258494347
  outer loop
  vertex -0.0501630008 -0.0121330004 0.0482739992
  vertex -0.0525240004 -0.0122999996 0.0474160016
  vertex -0.050156001 -0.0122999996 0.0476489998
  endloop
 endfacet

 facet normal 0.0194996316 -0.965681791 0.258995116
  outer loop
  vertex -0.0501630008 -0.0121330004 0.0482739992
  vertex -0.050156001 -0.0122999996 0.0476489998
  vertex -0.0476819985 -0.0121330004 0.0480870008
  endloop
 endfacet

 facet normal 0.0194996316 -0.965681791 0.258995116
  outer loop
  vertex -0.0476819985 -0.0121330004 0.0480870008
  vertex -0.050156001 -0.0122999996 0.0476489998
  vertex -0.0477829985 -0.0122999996 0.0474699996
  endloop
 endfacet

 facet normal 0.063899599 -0.965693891 0.251698405
  outer loop
  vertex -0.0476819985 -0.0121330004 0.0480870008
  vertex -0.0477829985 -0.0122999996 0.0474699996
  vertex -0.0452710018 -0.0121330004 0.047474999
  endloop
 endfacet

 facet normal 0.063899599 -0.965693891 0.251698405
  outer loop
  vertex -0.0452710018 -0.0121330004 0.047474999
  vertex -0.0477829985 -0.0122999996 0.0474699996
  vertex -0.0454769991 -0.0122999996 0.0468849987
  endloop
 endfacet

 facet normal 0.106297597 -0.965678155 0.236994654
  outer loop
  vertex -0.0452710018 -0.0121330004 0.047474999
  vertex -0.0454769991 -0.0122999996 0.0468849987
  vertex -0.0430009998 -0.0121330004 0.0464560017
  endloop
 endfacet

 facet normal 0.106297597 -0.965678155 0.236994654
  outer loop
  vertex -0.0430009998 -0.0121330004 0.0464560017
  vertex -0.0454769991 -0.0122999996 0.0468849987
  vertex -0.0433060005 -0.0122999996 0.0459100008
  endloop
 endfacet

 facet normal 0.145596802 -0.965678751 0.215095282
  outer loop
  vertex -0.0430009998 -0.0121330004 0.0464560017
  vertex -0.0433060005 -0.0122999996 0.0459100008
  vertex -0.040941 -0.0121330004 0.0450620018
  endloop
 endfacet

 facet normal 0.145596802 -0.965678751 0.215095282
  outer loop
  vertex -0.040941 -0.0121330004 0.0450620018
  vertex -0.0433060005 -0.0122999996 0.0459100008
  vertex -0.0413350016 -0.0122999996 0.0445760004
  endloop
 endfacet

 facet normal 0.180498749 -0.965693355 0.18669872
  outer loop
  vertex -0.040941 -0.0121330004 0.0450620018
  vertex -0.0413350016 -0.0122999996 0.0445760004
  vertex -0.0391529985 -0.0121330004 0.0433330014
  endloop
 endfacet

 facet normal 0.180498749 -0.965693355 0.18669872
  outer loop
  vertex -0.0391529985 -0.0121330004 0.0433330014
  vertex -0.0413350016 -0.0122999996 0.0445760004
  vertex -0.0396240018 -0.0122999996 0.0429229997
  endloop
 endfacet

 facet normal 0.209997445 -0.965688288 0.152798146
  outer loop
  vertex -0.0391529985 -0.0121330004 0.0433330014
  vertex -0.0396240018 -0.0122999996 0.0429229997
  vertex -0.0376890004 -0.0121330004 0.0413209982
  endloop
 endfacet

 facet normal 0.209997445 -0.965688288 0.152798146
  outer loop
  vertex -0.0376890004 -0.0121330004 0.0413209982
  vertex -0.0396240018 -0.0122999996 0.0429229997
  vertex -0.0382240005 -0.0122999996 0.040998999
  endloop
 endfacet

 facet normal 0.833972931 -0.227592617 0.502683699
  outer loop
  vertex -0.0270000007 -0.0110499999 0.0248000007
  vertex -0.0371540003 -0.0110499999 0.0416439995
  vertex -0.0271509998 -0.0116039999 0.0248000007
  endloop
 endfacet

 facet normal 0.826768637 -0.258790165 0.499481022
  outer loop
  vertex -0.0271509998 -0.0116039999 0.0248000007
  vertex -0.0371540003 -0.0110499999 0.0416439995
  vertex -0.0372969992 -0.0116750002 0.0415569991
  endloop
 endfacet

 facet normal 0.249601185 -0.953804612 0.167200804
  outer loop
  vertex -0.0277379993 -0.0121109998 0.0248000007
  vertex -0.0276439991 -0.0120860003 0.0248000007
  vertex -0.0372969992 -0.0116750002 0.0415569991
  endloop
 endfacet

 facet normal 0.645013392 -0.658513725 0.387708068
  outer loop
  vertex -0.0372969992 -0.0116750002 0.0415569991
  vertex -0.0276439991 -0.0120860003 0.0248000007
  vertex -0.0272119995 -0.0116630001 0.0248000007
  endloop
 endfacet

 facet normal 0.645013392 -0.658513725 0.387708068
  outer loop
  vertex -0.0372969992 -0.0116750002 0.0415569991
  vertex -0.0272119995 -0.0116630001 0.0248000007
  vertex -0.0271509998 -0.0116039999 0.0248000007
  endloop
 endfacet

 facet normal 0.606103301 -0.707103789 0.364201963
  outer loop
  vertex -0.0372969992 -0.0116750002 0.0415569991
  vertex -0.0376890004 -0.0121330004 0.0413209982
  vertex -0.0277379993 -0.0121109998 0.0248000007
  endloop
 endfacet

 facet normal 0.222304121 -0.965917945 0.132602453
  outer loop
  vertex -0.0277379993 -0.0121109998 0.0248000007
  vertex -0.0376890004 -0.0121330004 0.0413209982
  vertex -0.0382240005 -0.0122999996 0.040998999
  endloop
 endfacet

 facet normal 0.250308692 -0.95633322 0.150905252
  outer loop
  vertex -0.0277379993 -0.0121109998 0.0248000007
  vertex -0.0382240005 -0.0122999996 0.040998999
  vertex -0.0284599997 -0.0122999996 0.0248000007
  endloop
 endfacet

 facet normal 0 -0.965928912 -0.258807719
  outer loop
  vertex -0.0350099988 -0.0122999996 0.00164999999
  vertex -0.0487999991 -0.0122999996 0.00164999999
  vertex -0.0487999991 -0.0121330004 0.00102500001
  endloop
 endfacet

 facet normal 0 -0.965928912 -0.258807719
  outer loop
  vertex -0.0350099988 -0.0122999996 0.00164999999
  vertex -0.0487999991 -0.0121330004 0.00102500001
  vertex -0.0350099988 -0.0121330004 0.00102500001
  endloop
 endfacet

 facet normal 0 -0.707106769 -0.707106769
  outer loop
  vertex -0.0350099988 -0.0121330004 0.00102500001
  vertex -0.0487999991 -0.0121330004 0.00102500001
  vertex -0.0487999991 -0.0116750002 0.00056700001
  endloop
 endfacet

 facet normal 0 -0.707106769 -0.707106769
  outer loop
  vertex -0.0350099988 -0.0121330004 0.00102500001
  vertex -0.0487999991 -0.0116750002 0.00056700001
  vertex -0.0350099988 -0.0116750002 0.00056700001
  endloop
 endfacet

 facet normal 0 -0.258807719 -0.965928912
  outer loop
  vertex -0.0350099988 -0.0116750002 0.00056700001
  vertex -0.0487999991 -0.0116750002 0.00056700001
  vertex -0.0487999991 -0.0110499999 0.00039999999
  endloop
 endfacet

 facet normal 0 -0.258807719 -0.965928912
  outer loop
  vertex -0.0350099988 -0.0116750002 0.00056700001
  vertex -0.0487999991 -0.0110499999 0.00039999999
  vertex -0.0350099988 -0.0110499999 0.00039999999
  endloop
 endfacet

 facet normal -0.113598324 -0.257096201 -0.959685802
  outer loop
  vertex -0.0499669984 -0.0110499999 0.000538000022
  vertex -0.0487999991 -0.0110499999 0.00039999999
  vertex -0.0487999991 -0.0116750002 0.00056700001
  endloop
 endfacet

 facet normal -0.33451435 -0.257111013 -0.90663892
  outer loop
  vertex -0.051070001 -0.0110499999 0.000944999978
  vertex -0.0499669984 -0.0110499999 0.000538000022
  vertex -0.0499279983 -0.0116750002 0.000700999983
  endloop
 endfacet

 facet normal -0.334505737 -0.257204413 -0.906615615
  outer loop
  vertex -0.051070001 -0.0110499999 0.000944999978
  vertex -0.0499279983 -0.0116750002 0.000700999983
  vertex -0.0509940013 -0.0116750002 0.00109399995
  endloop
 endfacet

 facet normal -0.245607749 -0.704622209 -0.665720999
  outer loop
  vertex -0.0509940013 -0.0116750002 0.00109399995
  vertex -0.0499279983 -0.0116750002 0.000700999983
  vertex -0.0498210005 -0.0121330004 0.001146
  endloop
 endfacet

 facet normal -0.245607749 -0.704622209 -0.665720999
  outer loop
  vertex -0.0509940013 -0.0116750002 0.00109399995
  vertex -0.0498210005 -0.0121330004 0.001146
  vertex -0.0507859997 -0.0121330004 0.00150200003
  endloop
 endfacet

 facet normal -0.0901973918 -0.965472162 -0.244392931
  outer loop
  vertex -0.0507859997 -0.0121330004 0.00150200003
  vertex -0.0498210005 -0.0121330004 0.001146
  vertex -0.049674999 -0.0122999996 0.00175399997
  endloop
 endfacet

 facet normal -0.0901973918 -0.965472162 -0.244392931
  outer loop
  vertex -0.0507859997 -0.0121330004 0.00150200003
  vertex -0.049674999 -0.0122999996 0.00175399997
  vertex -0.0505019985 -0.0122999996 0.00205900008
  endloop
 endfacet

 facet normal -0.113598324 -0.257096201 -0.959685802
  outer loop
  vertex -0.0499669984 -0.0110499999 0.000538000022
  vertex -0.0487999991 -0.0116750002 0.00056700001
  vertex -0.0499279983 -0.0116750002 0.000700999983
  endloop
 endfacet

 facet normal -0.0834050924 -0.704643011 -0.704643011
  outer loop
  vertex -0.0499279983 -0.0116750002 0.000700999983
  vertex -0.0487999991 -0.0116750002 0.00056700001
  vertex -0.0487999991 -0.0121330004 0.00102500001
  endloop
 endfacet

 facet normal -0.0834050924 -0.704643011 -0.704643011
  outer loop
  vertex -0.0499279983 -0.0116750002 0.000700999983
  vertex -0.0487999991 -0.0121330004 0.00102500001
  vertex -0.0498210005 -0.0121330004 0.001146
  endloop
 endfacet

 facet normal -0.0305991974 -0.965474665 -0.258693218
  outer loop
  vertex -0.0498210005 -0.0121330004 0.001146
  vertex -0.0487999991 -0.0121330004 0.00102500001
  vertex -0.0487999991 -0.0122999996 0.00164999999
  endloop
 endfacet

 facet normal -0.0305991974 -0.965474665 -0.258693218
  outer loop
  vertex -0.0498210005 -0.0121330004 0.001146
  vertex -0.0487999991 -0.0122999996 0.00164999999
  vertex -0.049674999 -0.0122999996 0.00175399997
  endloop
 endfacet

 facet normal -0.441204488 -0.235302404 -0.866008878
  outer loop
  vertex -0.0569900014 -0.0110499999 0.0039619999
  vertex -0.051070001 -0.0110499999 0.000944999978
  vertex -0.0569900014 -0.0116219996 0.00411699992
  endloop
 endfacet

 facet normal -0.436610609 -0.258806258 -0.861620903
  outer loop
  vertex -0.0569900014 -0.0116219996 0.00411699992
  vertex -0.051070001 -0.0110499999 0.000944999978
  vertex -0.0509940013 -0.0116750002 0.00109399995
  endloop
 endfacet

 facet normal -0.338719338 -0.67043829 -0.660137713
  outer loop
  vertex -0.0569900014 -0.0116219996 0.00411699992
  vertex -0.0509940013 -0.0116750002 0.00109399995
  vertex -0.0569900014 -0.0116659999 0.00416099979
  endloop
 endfacet

 facet normal -0.338696957 -0.670394003 -0.660194099
  outer loop
  vertex -0.0569900014 -0.0116659999 0.00416099979
  vertex -0.0509940013 -0.0116750002 0.00109399995
  vertex -0.0569900014 -0.0120989997 0.00460200012
  endloop
 endfacet

 facet normal -0.319103777 -0.707108438 -0.631007493
  outer loop
  vertex -0.0569900014 -0.0120989997 0.00460200012
  vertex -0.0509940013 -0.0116750002 0.00109399995
  vertex -0.0507859997 -0.0121330004 0.00150200003
  endloop
 endfacet

 facet normal -0.131404221 -0.958630681 -0.252508074
  outer loop
  vertex -0.0569900014 -0.0120989997 0.00460200012
  vertex -0.0507859997 -0.0121330004 0.00150200003
  vertex -0.0569900014 -0.0121170003 0.00466899993
  endloop
 endfacet

 facet normal -0.119603753 -0.965930343 -0.229507208
  outer loop
  vertex -0.0569900014 -0.0121170003 0.00466899993
  vertex -0.0507859997 -0.0121330004 0.00150200003
  vertex -0.0505019985 -0.0122999996 0.00205900008
  endloop
 endfacet

 facet normal -0.128696695 -0.958975375 -0.252593547
  outer loop
  vertex -0.0569900014 -0.0121170003 0.00466899993
  vertex -0.0505019985 -0.0122999996 0.00205900008
  vertex -0.0569900014 -0.0122999996 0.00536399987
  endloop
 endfacet

 facet normal 0.000300012733 0.0481020398 0.998842299
  outer loop
  vertex -0.0507609993 -0.000734000001 0.000800999987
  vertex -0.0507679991 -0.00079999998 0.00080400001
  vertex -0.0390999988 -0.00079999998 0.00079999998
  endloop
 endfacet

 facet normal 0.000300008949 0.258807689 0.965928793
  outer loop
  vertex -0.0390999988 -0.00079999998 0.00079999998
  vertex -0.0507679991 -0.00079999998 0.00080400001
  vertex -0.0390999988 -0.00240000011 0.00122900004
  endloop
 endfacet

 facet normal -0.0292986371 0.0512976162 0.998253584
  outer loop
  vertex -0.0507679991 -0.00079999998 0.00080400001
  vertex -0.0508100018 -0.00117299997 0.000821999973
  vertex -0.0390999988 -0.00240000011 0.00122900004
  endloop
 endfacet

 facet normal -0.012099551 0.208892271 0.977863789
  outer loop
  vertex -0.0390999988 -0.00240000011 0.00122900004
  vertex -0.0508100018 -0.00117299997 0.000821999973
  vertex -0.0510540009 -0.00172599999 0.000936999975
  endloop
 endfacet

 facet normal -0.00659995247 0.297197849 0.954793096
  outer loop
  vertex -0.0390999988 -0.00240000011 0.00122900004
  vertex -0.0510540009 -0.00172599999 0.000936999975
  vertex -0.051070001 -0.00175199995 0.000944999978
  endloop
 endfacet

 facet normal -0.000400004617 -0.0881010145 0.996111572
  outer loop
  vertex -0.0507609993 -0.000734000001 0.000800999987
  vertex -0.0390999988 -0.00079999998 0.00079999998
  vertex -0.0508479998 -0.000303000008 0.000838999986
  endloop
 endfacet

 facet normal -0.00779999513 -0.258799821 0.965899467
  outer loop
  vertex -0.0508479998 -0.000303000008 0.000838999986
  vertex -0.0390999988 -0.00079999998 0.00079999998
  vertex -0.0390999988 0.00079999998 0.00122900004
  endloop
 endfacet

 facet normal -0.0105000697 -0.23180154 0.972706437
  outer loop
  vertex -0.0508479998 -0.000303000008 0.000838999986
  vertex -0.0390999988 0.00079999998 0.00122900004
  vertex -0.051070001 0.000151999993 0.000944999978
  endloop
 endfacet

 facet normal 0.000699988857 -0.935285151 0.353894383
  outer loop
  vertex -0.0539329983 0.00196200004 0.00240399991
  vertex -0.0538249984 0.00194099999 0.00234899996
  vertex -0.0390999988 0.00197100011 0.00240000011
  endloop
 endfacet

 facet normal -0.0007999597 -0.750062227 0.661366701
  outer loop
  vertex -0.0390999988 0.00197100011 0.00240000011
  vertex -0.0538249984 0.00194099999 0.00234899996
  vertex -0.0521249995 0.00117599999 0.001483
  endloop
 endfacet

 facet normal -0.00659991987 -0.707091391 0.707091391
  outer loop
  vertex -0.0390999988 0.00197100011 0.00240000011
  vertex -0.0521249995 0.00117599999 0.001483
  vertex -0.0390999988 0.00079999998 0.00122900004
  endloop
 endfacet

 facet normal 0.00400008168 -0.461909413 0.886918128
  outer loop
  vertex -0.0390999988 0.00079999998 0.00122900004
  vertex -0.0521249995 0.00117599999 0.001483
  vertex -0.051713001 0.000775999972 0.00127300003
  endloop
 endfacet

 facet normal 0.00400008168 -0.461909413 0.886918128
  outer loop
  vertex -0.0390999988 0.00079999998 0.00122900004
  vertex -0.051713001 0.000775999972 0.00127300003
  vertex -0.051070001 0.000151999993 0.000944999978
  endloop
 endfacet

 facet normal 0.000699988857 -0.935285151 0.353894383
  outer loop
  vertex -0.0539329983 0.00196200004 0.00240399991
  vertex -0.0390999988 0.00197100011 0.00240000011
  vertex -0.0559480004 0.00234899996 0.00343100005
  endloop
 endfacet

 facet normal -0.00580007583 -0.96591264 0.258803368
  outer loop
  vertex -0.0559480004 0.00234899996 0.00343100005
  vertex -0.0390999988 0.00197100011 0.00240000011
  vertex -0.0390999988 0.00240000011 0.00400000019
  endloop
 endfacet

 facet normal 0.00289997505 -0.999991357 0.00299997395
  outer loop
  vertex -0.0559480004 0.00234899996 0.00343100005
  vertex -0.0390999988 0.00240000011 0.00400000019
  vertex -0.0570649989 0.00234699994 0.00400000019
  endloop
 endfacet

 facet normal 0.00289997505 -0.999991357 0.00299997395
  outer loop
  vertex -0.0570649989 0.00234699994 0.00400000019
  vertex -0.0390999988 0.00240000011 0.00400000019
  vertex -0.0582170002 0.00234599994 0.00458699977
  endloop
 endfacet

 facet normal -0.00520008523 -0.965915859 -0.258804232
  outer loop
  vertex -0.0582170002 0.00234599994 0.00458699977
  vertex -0.0390999988 0.00240000011 0.00400000019
  vertex -0.0390999988 0.00197100011 0.0055999998
  endloop
 endfacet

 facet normal 0.000599967781 -0.934149742 -0.356880814
  outer loop
  vertex -0.0582170002 0.00234599994 0.00458699977
  vertex -0.0390999988 0.00197100011 0.0055999998
  vertex -0.060194999 0.00195900002 0.005595
  endloop
 endfacet

 facet normal 0.000599967781 -0.934149742 -0.356880814
  outer loop
  vertex -0.060194999 0.00195900002 0.005595
  vertex -0.0390999988 0.00197100011 0.0055999998
  vertex -0.0603360012 0.00193200004 0.00566599984
  endloop
 endfacet

 facet normal -0.000900008366 -0.707106531 -0.707106531
  outer loop
  vertex -0.0603360012 0.00193200004 0.00566599984
  vertex -0.0390999988 0.00197100011 0.0055999998
  vertex -0.0390999988 0.00079999998 0.0067710001
  endloop
 endfacet

 facet normal -0.00459990324 -0.741184354 -0.671285868
  outer loop
  vertex -0.0603360012 0.00193200004 0.00566599984
  vertex -0.0390999988 0.00079999998 0.0067710001
  vertex -0.0620269999 0.001162 0.00652799988
  endloop
 endfacet

 facet normal 0.00050000957 0.0935017839 -0.995618999
  outer loop
  vertex -0.063323997 -0.000798999972 0.00718900003
  vertex -0.0633430034 -0.000699999975 0.00719799986
  vertex -0.0390999988 -0.00079999998 0.00719999988
  endloop
 endfacet

 facet normal -0.000600015337 -0.16300416 -0.986625195
  outer loop
  vertex -0.0390999988 -0.00079999998 0.00719999988
  vertex -0.0633430034 -0.000699999975 0.00719799986
  vertex -0.0630709976 0.000134999995 0.00706000021
  endloop
 endfacet

 facet normal -0.00450008828 -0.258805096 -0.965919077
  outer loop
  vertex -0.0390999988 -0.00079999998 0.00719999988
  vertex -0.0630709976 0.000134999995 0.00706000021
  vertex -0.0390999988 0.00079999998 0.0067710001
  endloop
 endfacet

 facet normal 0.00210005464 -0.461912066 -0.886923194
  outer loop
  vertex -0.0390999988 0.00079999998 0.0067710001
  vertex -0.0630709976 0.000134999995 0.00706000021
  vertex -0.062419001 0.000776999979 0.00672800001
  endloop
 endfacet

 facet normal 0.00210005464 -0.461912066 -0.886923194
  outer loop
  vertex -0.0390999988 0.00079999998 0.0067710001
  vertex -0.062419001 0.000776999979 0.00672800001
  vertex -0.0620269999 0.001162 0.00652799988
  endloop
 endfacet

 facet normal 0.00190001482 0.707105517 -0.707105517
  outer loop
  vertex -0.0390999988 -0.00357099995 0.0055999998
  vertex -0.0601680018 -0.00353299989 0.00558099989
  vertex -0.0390999988 -0.00240000011 0.0067710001
  endloop
 endfacet

 facet normal -0.0214006416 0.885726571 -0.463713884
  outer loop
  vertex -0.0390999988 -0.00240000011 0.0067710001
  vertex -0.0601680018 -0.00353299989 0.00558099989
  vertex -0.0607450008 -0.00339299999 0.0058749998
  endloop
 endfacet

 facet normal -0.00169999176 0.68969661 -0.724096417
  outer loop
  vertex -0.0607450008 -0.00339299999 0.0058749998
  vertex -0.0623130016 -0.00255799992 0.00667400006
  vertex -0.0390999988 -0.00240000011 0.0067710001
  endloop
 endfacet

 facet normal 0.00119998562 0.390295297 -0.920688927
  outer loop
  vertex -0.0390999988 -0.00240000011 0.0067710001
  vertex -0.0623130016 -0.00255799992 0.00667400006
  vertex -0.0624540001 -0.00238900003 0.0067449999
  endloop
 endfacet

 facet normal 0.0012000351 0.25880754 -0.965928197
  outer loop
  vertex -0.0390999988 -0.00240000011 0.0067710001
  vertex -0.0624540001 -0.00238900003 0.0067449999
  vertex -0.0390999988 -0.00079999998 0.00719999988
  endloop
 endfacet

 facet normal -0.00810016692 0.383707911 -0.923418999
  outer loop
  vertex -0.0390999988 -0.00079999998 0.00719999988
  vertex -0.0624540001 -0.00238900003 0.0067449999
  vertex -0.0631970018 -0.00149299996 0.00712400023
  endloop
 endfacet

 facet normal 0.00050000957 0.0935017839 -0.995618999
  outer loop
  vertex -0.0390999988 -0.00079999998 0.00719999988
  vertex -0.0631970018 -0.00149299996 0.00712400023
  vertex -0.063323997 -0.000798999972 0.00718900003
  endloop
 endfacet

 facet normal 0.00180005084 0.965927243 0.258807272
  outer loop
  vertex -0.0390999988 -0.00357099995 0.00240000011
  vertex -0.0539579988 -0.00354800001 0.00241700001
  vertex -0.0390999988 -0.00400000019 0.00400000019
  endloop
 endfacet

 facet normal -0.0342001431 0.8294034 0.557602346
  outer loop
  vertex -0.0390999988 -0.00400000019 0.00400000019
  vertex -0.0539579988 -0.00354800001 0.00241700001
  vertex -0.0542550012 -0.00366199994 0.002568
  endloop
 endfacet

 facet normal -0.0040998836 0.962572753 0.270992309
  outer loop
  vertex -0.0542550012 -0.00366199994 0.002568
  vertex -0.0564340018 -0.00398400007 0.00367900007
  vertex -0.0390999988 -0.00400000019 0.00400000019
  endloop
 endfacet

 facet normal 0.00229995931 0.997082353 -0.0762986466
  outer loop
  vertex -0.0390999988 -0.00400000019 0.00400000019
  vertex -0.0564340018 -0.00398400007 0.00367900007
  vertex -0.0570599996 -0.00395799987 0.00399699993
  endloop
 endfacet

 facet normal 0.00230006292 0.965926409 -0.258807063
  outer loop
  vertex -0.0390999988 -0.00400000019 0.00400000019
  vertex -0.0570599996 -0.00395799987 0.00399699993
  vertex -0.0390999988 -0.00357099995 0.0055999998
  endloop
 endfacet

 facet normal -0.0120994141 0.994451821 -0.104494944
  outer loop
  vertex -0.0390999988 -0.00357099995 0.0055999998
  vertex -0.0570599996 -0.00395799987 0.00399699993
  vertex -0.0586960018 -0.00389000005 0.00483100023
  endloop
 endfacet

 facet normal 0.00199988834 0.904449463 -0.426576197
  outer loop
  vertex -0.0390999988 -0.00357099995 0.0055999998
  vertex -0.0586960018 -0.00389000005 0.00483100023
  vertex -0.0601680018 -0.00353299989 0.00558099989
  endloop
 endfacet

 facet normal -0.00410009315 0.337207675 0.94142139
  outer loop
  vertex -0.051070001 -0.00175199995 0.000944999978
  vertex -0.0512339994 -0.001988 0.00102900004
  vertex -0.0390999988 -0.00240000011 0.00122900004
  endloop
 endfacet

 facet normal 0.00399987446 0.529383421 0.848373353
  outer loop
  vertex -0.0390999988 -0.00240000011 0.00122900004
  vertex -0.0512339994 -0.001988 0.00102900004
  vertex -0.0517099984 -0.00237299991 0.00127100002
  endloop
 endfacet

 facet normal 0.00390000758 0.707101405 0.707101405
  outer loop
  vertex -0.0390999988 -0.00240000011 0.00122900004
  vertex -0.0517099984 -0.00237299991 0.00127100002
  vertex -0.0390999988 -0.00357099995 0.00240000011
  endloop
 endfacet

 facet normal -0.0221003443 0.552208602 0.833413005
  outer loop
  vertex -0.0390999988 -0.00357099995 0.00240000011
  vertex -0.0517099984 -0.00237299991 0.00127100002
  vertex -0.0524430014 -0.002966 0.00164499995
  endloop
 endfacet

 facet normal 0.00190012425 0.796952069 0.60403949
  outer loop
  vertex -0.0390999988 -0.00357099995 0.00240000011
  vertex -0.0524430014 -0.002966 0.00164499995
  vertex -0.0539579988 -0.00354800001 0.00241700001
  endloop
 endfacet

 facet normal 0 0 -1
  outer loop
  vertex -0.0646340027 -0.0119340001 0.01021
  vertex -0.0649050027 -0.0115280002 0.01021
  vertex -0.0649999976 -0.0110499999 0.01021
  endloop
 endfacet

 facet normal 0 0 -1
  outer loop
  vertex -0.0646340027 -0.0119340001 0.01021
  vertex -0.0649999976 -0.0110499999 0.01021
  vertex -0.0642279983 -0.012205 0.01021
  endloop
 endfacet

 facet normal 0 0 -1
  outer loop
  vertex -0.0648330003 0.0116750002 0.01021
  vertex -0.0643749982 0.0121330004 0.01021
  vertex -0.0649999976 0.0110499999 0.01021
  endloop
 endfacet

 facet normal 0 0 -1
  outer loop
  vertex -0.0649999976 0.0110499999 0.01021
  vertex -0.0643749982 0.0121330004 0.01021
  vertex -0.0637499988 0.0122999996 0.01021
  endloop
 endfacet

 facet normal 0 0 -1
  outer loop
  vertex -0.0649999976 0.0110499999 0.01021
  vertex -0.0637499988 0.0122999996 0.01021
  vertex -0.0649999976 -0.0110499999 0.01021
  endloop
 endfacet

 facet normal 0 0 -1
  outer loop
  vertex -0.0649999976 -0.0110499999 0.01021
  vertex -0.0637499988 0.0122999996 0.01021
  vertex -0.0637499988 -0.0122999996 0.01021
  endloop
 endfacet

 facet normal 0 0 -1
  outer loop
  vertex -0.0649999976 -0.0110499999 0.01021
  vertex -0.0637499988 -0.0122999996 0.01021
  vertex -0.0642279983 -0.012205 0.01021
  endloop
 endfacet

 facet normal 0 0 1
  outer loop
  vertex -0.0648330003 -0.0116750002 0.0102000004
  vertex -0.0643749982 -0.0121330004 0.0102000004
  vertex -0.0649999976 -0.0110499999 0.0102000004
  endloop
 endfacet

 facet normal 0 0 1
  outer loop
  vertex -0.0649999976 -0.0110499999 0.0102000004
  vertex -0.0643749982 -0.0121330004 0.0102000004
  vertex -0.0637499988 -0.0122999996 0.0102000004
  endloop
 endfacet

 facet normal 0 0 1
  outer loop
  vertex -0.0649999976 -0.0110499999 0.0102000004
  vertex -0.0637499988 -0.0122999996 0.0102000004
  vertex -0.0649999976 0.0110499999 0.0102000004
  endloop
 endfacet

 facet normal 0 0 1
  outer loop
  vertex -0.0649999976 0.0110499999 0.0102000004
  vertex -0.0637499988 -0.0122999996 0.0102000004
  vertex -0.0637499988 0.0122999996 0.0102000004
  endloop
 endfacet

 facet normal 0 0 1
  outer loop
  vertex -0.0649999976 0.0110499999 0.0102000004
  vertex -0.0637499988 0.0122999996 0.0102000004
  vertex -0.0648330003 0.0116750002 0.0102000004
  endloop
 endfacet

 facet normal 0 0 1
  outer loop
  vertex -0.0648330003 0.0116750002 0.0102000004
  vertex -0.0637499988 0.0122999996 0.0102000004
  vertex -0.0643749982 0.0121330004 0.0102000004
  endloop
 endfacet

 facet normal -1 0 0
  outer loop
  vertex -0.0637499988 -0.0122999996 0.0102000004
  vertex -0.0637499988 -0.0122999996 0.01021
  vertex -0.0637499988 0.0122999996 0.0102000004
  endloop
 endfacet

 facet normal -1 0 0
  outer loop
  vertex -0.0637499988 0.0122999996 0.0102000004
  vertex -0.0637499988 -0.0122999996 0.01021
  vertex -0.0637499988 0.0122999996 0.01021
  endloop
 endfacet

 facet normal 0 0 -1
  outer loop
  vertex -0.0648330003 0.0116750002 0.0252
  vertex -0.0643749982 0.0121330004 0.0252
  vertex -0.0649999976 0.0110499999 0.0252
  endloop
 endfacet

 facet normal 0 0 -1
  outer loop
  vertex -0.0649999976 0.0110499999 0.0252
  vertex -0.0643749982 0.0121330004 0.0252
  vertex -0.0637499988 0.0122999996 0.0252
  endloop
 endfacet

 facet normal 0 0 -1
  outer loop
  vertex -0.0649999976 0.0110499999 0.0252
  vertex -0.0637499988 0.0122999996 0.0252
  vertex -0.0649999976 0.00270000007 0.0252
  endloop
 endfacet

 facet normal 0 0 -1
  outer loop
  vertex -0.0649999976 0.00270000007 0.0252
  vertex -0.0637499988 0.0122999996 0.0252
  vertex -0.0637499988 0.00270000007 0.0252
  endloop
 endfacet

 facet normal -1 0 0
  outer loop
  vertex -0.0637499988 -0.0122999996 0.0251899995
  vertex -0.0637499988 -0.0122999996 0.0252
  vertex -0.0637499988 -0.00431000022 0.0251899995
  endloop
 endfacet

 facet normal -1 0 0
  outer loop
  vertex -0.0637499988 -0.00431000022 0.0251899995
  vertex -0.0637499988 -0.0122999996 0.0252
  vertex -0.0637499988 -0.00430000015 0.0252
  endloop
 endfacet

 facet normal -1 0 0
  outer loop
  vertex -0.0637499988 -0.00431000022 0.0251899995
  vertex -0.0637499988 -0.00430000015 0.0252
  vertex -0.0637499988 -0.00431000022 0.0219969992
  endloop
 endfacet

 facet normal -1 0 0
  outer loop
  vertex -0.0637499988 -0.00431000022 0.0219969992
  vertex -0.0637499988 -0.00430000015 0.0252
  vertex -0.0637499988 -0.00430000015 0.0220110007
  endloop
 endfacet

 facet normal -1 0 0
  outer loop
  vertex -0.0637499988 -0.00431000022 0.0219969992
  vertex -0.0637499988 -0.00430000015 0.0220110007
  vertex -0.0637499988 0.00270999991 0.0219969992
  endloop
 endfacet

 facet normal -1 0 0
  outer loop
  vertex -0.0637499988 0.00270999991 0.0219969992
  vertex -0.0637499988 -0.00430000015 0.0220110007
  vertex -0.0637499988 0.00270000007 0.0220110007
  endloop
 endfacet

 facet normal -1 0 0
  outer loop
  vertex -0.0637499988 0.00270999991 0.0219969992
  vertex -0.0637499988 0.00270000007 0.0220110007
  vertex -0.0637499988 0.00270999991 0.0251899995
  endloop
 endfacet

 facet normal -1 0 0
  outer loop
  vertex -0.0637499988 0.00270999991 0.0251899995
  vertex -0.0637499988 0.00270000007 0.0220110007
  vertex -0.0637499988 0.00270000007 0.0252
  endloop
 endfacet

 facet normal -1 0 0
  outer loop
  vertex -0.0637499988 0.00270999991 0.0251899995
  vertex -0.0637499988 0.00270000007 0.0252
  vertex -0.0637499988 0.0122999996 0.0251899995
  endloop
 endfacet

 facet normal -1 0 0
  outer loop
  vertex -0.0637499988 0.0122999996 0.0251899995
  vertex -0.0637499988 0.00270000007 0.0252
  vertex -0.0637499988 0.0122999996 0.0252
  endloop
 endfacet

 facet normal 0 0 -1
  outer loop
  vertex -0.0649999976 -0.00430000015 0.0252
  vertex -0.0637499988 -0.00430000015 0.0252
  vertex -0.0649999976 -0.0110499999 0.0252
  endloop
 endfacet

 facet normal 0 0 -1
  outer loop
  vertex -0.0649999976 -0.0110499999 0.0252
  vertex -0.0637499988 -0.00430000015 0.0252
  vertex -0.0637499988 -0.0122999996 0.0252
  endloop
 endfacet

 facet normal 0 0 -1
  outer loop
  vertex -0.0649999976 -0.0110499999 0.0252
  vertex -0.0637499988 -0.0122999996 0.0252
  vertex -0.0648330003 -0.0116750002 0.0252
  endloop
 endfacet

 facet normal 0 0 -1
  outer loop
  vertex -0.0648330003 -0.0116750002 0.0252
  vertex -0.0637499988 -0.0122999996 0.0252
  vertex -0.0643749982 -0.0121330004 0.0252
  endloop
 endfacet

 facet normal 0 0 1
  outer loop
  vertex -0.0646340027 -0.0119340001 0.0251899995
  vertex -0.0642279983 -0.012205 0.0251899995
  vertex -0.0637499988 -0.0122999996 0.0251899995
  endloop
 endfacet

 facet normal 0 0 1
  outer loop
  vertex -0.0649050027 -0.0115280002 0.0251899995
  vertex -0.0646340027 -0.0119340001 0.0251899995
  vertex -0.0649999976 -0.0110499999 0.0251899995
  endloop
 endfacet

 facet normal 0 0 1
  outer loop
  vertex -0.0649999976 -0.0110499999 0.0251899995
  vertex -0.0646340027 -0.0119340001 0.0251899995
  vertex -0.0637499988 -0.0122999996 0.0251899995
  endloop
 endfacet

 facet normal 0 0 1
  outer loop
  vertex -0.0649999976 -0.0110499999 0.0251899995
  vertex -0.0637499988 -0.0122999996 0.0251899995
  vertex -0.0649999976 -0.00431000022 0.0251899995
  endloop
 endfacet

 facet normal 0 0 1
  outer loop
  vertex -0.0649999976 -0.00431000022 0.0251899995
  vertex -0.0637499988 -0.0122999996 0.0251899995
  vertex -0.0637499988 -0.00431000022 0.0251899995
  endloop
 endfacet

 facet normal 0 1 0
  outer loop
  vertex -0.0637499988 -0.00431000022 0.0251899995
  vertex -0.0637499988 -0.00431000022 0.0219969992
  vertex -0.0649999976 -0.00431000022 0.0251899995
  endloop
 endfacet

 facet normal 0 1 0
  outer loop
  vertex -0.0649999976 -0.00431000022 0.0251899995
  vertex -0.0637499988 -0.00431000022 0.0219969992
  vertex -0.0649999976 -0.00431000022 0.0219969992
  endloop
 endfacet

 facet normal 0 0 1
  outer loop
  vertex -0.0637499988 -0.00431000022 0.0219969992
  vertex -0.0637499988 0.00270999991 0.0219969992
  vertex -0.0649999976 -0.00431000022 0.0219969992
  endloop
 endfacet

 facet normal 0 0 1
  outer loop
  vertex -0.0649999976 -0.00431000022 0.0219969992
  vertex -0.0637499988 0.00270999991 0.0219969992
  vertex -0.0649999976 0.00270999991 0.0219969992
  endloop
 endfacet

 facet normal 0 -1 0
  outer loop
  vertex -0.0637499988 0.00270999991 0.0219969992
  vertex -0.0637499988 0.00270999991 0.0251899995
  vertex -0.0649999976 0.00270999991 0.0219969992
  endloop
 endfacet

 facet normal 0 -1 0
  outer loop
  vertex -0.0649999976 0.00270999991 0.0219969992
  vertex -0.0637499988 0.00270999991 0.0251899995
  vertex -0.0649999976 0.00270999991 0.0251899995
  endloop
 endfacet

 facet normal 0 0 1
  outer loop
  vertex -0.0649999976 0.00270999991 0.0251899995
  vertex -0.0637499988 0.00270999991 0.0251899995
  vertex -0.0649999976 0.0110499999 0.0251899995
  endloop
 endfacet

 facet normal 0 0 1
  outer loop
  vertex -0.0649999976 0.0110499999 0.0251899995
  vertex -0.0637499988 0.00270999991 0.0251899995
  vertex -0.0637499988 0.0122999996 0.0251899995
  endloop
 endfacet

 facet normal 0 0 1
  outer loop
  vertex -0.0649999976 0.0110499999 0.0251899995
  vertex -0.0637499988 0.0122999996 0.0251899995
  vertex -0.0648330003 0.0116750002 0.0251899995
  endloop
 endfacet

 facet normal 0 0 1
  outer loop
  vertex -0.0648330003 0.0116750002 0.0251899995
  vertex -0.0637499988 0.0122999996 0.0251899995
  vertex -0.0643749982 0.0121330004 0.0251899995
  endloop
 endfacet

 facet normal -1 0 0
  outer loop
  vertex -0.0637499988 0.00412299996 0.0175999999
  vertex -0.0637499988 0.00394999981 0.0178989992
  vertex -0.0637499988 0.00469999993 0.0181000009
  endloop
 endfacet

 facet normal -1 0 0
  outer loop
  vertex -0.0637499988 0.00412299996 0.0175999999
  vertex -0.0637499988 0.00469999993 0.0181000009
  vertex -0.0637499988 0.0052769999 0.0175999999
  endloop
 endfacet

 facet normal -1 0 0
  outer loop
  vertex -0.0637499988 0.00394999981 0.0178989992
  vertex -0.0637499988 0.00412299996 0.0175999999
  vertex -0.0637499988 0.00340100005 0.0173499994
  endloop
 endfacet

 facet normal -1 0 0
  outer loop
  vertex -0.0637499988 0.00340100005 0.0173499994
  vertex -0.0637499988 0.00412299996 0.0175999999
  vertex -0.0637499988 0.00354499999 0.0165999997
  endloop
 endfacet

 facet normal -1 0 0
  outer loop
  vertex -0.0637499988 0.00340100005 0.0173499994
  vertex -0.0637499988 0.00354499999 0.0165999997
  vertex -0.0637499988 0.00319999992 0.0165999997
  endloop
 endfacet

 facet normal -1 0 0
  outer loop
  vertex -0.0637499988 0.00412299996 0.0155999996
  vertex -0.0637499988 0.0052769999 0.0155999996
  vertex -0.0637499988 0.00545000006 0.0153010003
  endloop
 endfacet

 facet normal -1 0 0
  outer loop
  vertex -0.0637499988 0.00545000006 0.0153010003
  vertex -0.0637499988 0.00469999993 0.0151000004
  vertex -0.0637499988 0.00412299996 0.0155999996
  endloop
 endfacet

 facet normal -1 0 0
  outer loop
  vertex -0.0637499988 0.00412299996 0.0155999996
  vertex -0.0637499988 0.00469999993 0.0151000004
  vertex -0.0637499988 0.00394999981 0.0153010003
  endloop
 endfacet

 facet normal -1 0 0
  outer loop
  vertex -0.0637499988 0.00412299996 0.0155999996
  vertex -0.0637499988 0.00394999981 0.0153010003
  vertex -0.0637499988 0.00354499999 0.0165999997
  endloop
 endfacet

 facet normal -1 0 0
  outer loop
  vertex -0.0637499988 0.00354499999 0.0165999997
  vertex -0.0637499988 0.00394999981 0.0153010003
  vertex -0.0637499988 0.00340100005 0.0158500001
  endloop
 endfacet

 facet normal -1 0 0
  outer loop
  vertex -0.0637499988 0.00354499999 0.0165999997
  vertex -0.0637499988 0.00340100005 0.0158500001
  vertex -0.0637499988 0.00319999992 0.0165999997
  endloop
 endfacet

 facet normal -1 0 0
  outer loop
  vertex -0.0637499988 0.00469999993 0.0181000009
  vertex -0.0637499988 0.00545000006 0.0178989992
  vertex -0.0637499988 0.0052769999 0.0175999999
  endloop
 endfacet

 facet normal -1 0 0
  outer loop
  vertex -0.0637499988 0.0052769999 0.0175999999
  vertex -0.0637499988 0.00545000006 0.0178989992
  vertex -0.0637499988 0.00599899981 0.0173499994
  endloop
 endfacet

 facet normal -1 0 0
  outer loop
  vertex -0.0637499988 0.0052769999 0.0175999999
  vertex -0.0637499988 0.00599899981 0.0173499994
  vertex -0.0637499988 0.00585500011 0.0165999997
  endloop
 endfacet

 facet normal -1 0 0
  outer loop
  vertex -0.0637499988 0.00585500011 0.0165999997
  vertex -0.0637499988 0.00599899981 0.0173499994
  vertex -0.0637499988 0.00620000018 0.0165999997
  endloop
 endfacet

 facet normal -1 0 0
  outer loop
  vertex -0.0637499988 0.00585500011 0.0165999997
  vertex -0.0637499988 0.00620000018 0.0165999997
  vertex -0.0637499988 0.0052769999 0.0155999996
  endloop
 endfacet

 facet normal -1 0 0
  outer loop
  vertex -0.0637499988 0.0052769999 0.0155999996
  vertex -0.0637499988 0.00620000018 0.0165999997
  vertex -0.0637499988 0.00599899981 0.0158500001
  endloop
 endfacet

 facet normal -1 0 0
  outer loop
  vertex -0.0637499988 0.0052769999 0.0155999996
  vertex -0.0637499988 0.00599899981 0.0158500001
  vertex -0.0637499988 0.00545000006 0.0153010003
  endloop
 endfacet

 facet normal 0 0.258807719 -0.965928912
  outer loop
  vertex -0.0637499988 0.00394999981 0.0178989992
  vertex -0.0649999976 0.00469999993 0.0181000009
  vertex -0.0637499988 0.00469999993 0.0181000009
  endloop
 endfacet

 facet normal 0 -0.258807719 -0.965928912
  outer loop
  vertex -0.0637499988 0.00469999993 0.0181000009
  vertex -0.0649999976 0.00469999993 0.0181000009
  vertex -0.0649999976 0.00545000006 0.0178989992
  endloop
 endfacet

 facet normal 0 -0.258807719 -0.965928912
  outer loop
  vertex -0.0637499988 0.00469999993 0.0181000009
  vertex -0.0649999976 0.00545000006 0.0178989992
  vertex -0.0637499988 0.00545000006 0.0178989992
  endloop
 endfacet

 facet normal 0 -0.707106769 -0.707106769
  outer loop
  vertex -0.0637499988 0.00545000006 0.0178989992
  vertex -0.0649999976 0.00545000006 0.0178989992
  vertex -0.0649999976 0.00599899981 0.0173499994
  endloop
 endfacet

 facet normal 0 -0.707106769 -0.707106769
  outer loop
  vertex -0.0637499988 0.00545000006 0.0178989992
  vertex -0.0649999976 0.00599899981 0.0173499994
  vertex -0.0637499988 0.00599899981 0.0173499994
  endloop
 endfacet

 facet normal 0 -0.965928912 -0.258807719
  outer loop
  vertex -0.0637499988 0.00599899981 0.0173499994
  vertex -0.0649999976 0.00599899981 0.0173499994
  vertex -0.0649999976 0.00620000018 0.0165999997
  endloop
 endfacet

 facet normal 0 -0.965928912 -0.258807719
  outer loop
  vertex -0.0637499988 0.00599899981 0.0173499994
  vertex -0.0649999976 0.00620000018 0.0165999997
  vertex -0.0637499988 0.00620000018 0.0165999997
  endloop
 endfacet

 facet normal 0 -0.965928912 0.258807719
  outer loop
  vertex -0.0637499988 0.00620000018 0.0165999997
  vertex -0.0649999976 0.00620000018 0.0165999997
  vertex -0.0649999976 0.00599899981 0.0158500001
  endloop
 endfacet

 facet normal 0 -0.965928912 0.258807719
  outer loop
  vertex -0.0637499988 0.00620000018 0.0165999997
  vertex -0.0649999976 0.00599899981 0.0158500001
  vertex -0.0637499988 0.00599899981 0.0158500001
  endloop
 endfacet

 facet normal 0 -0.707106769 0.707106769
  outer loop
  vertex -0.0637499988 0.00599899981 0.0158500001
  vertex -0.0649999976 0.00599899981 0.0158500001
  vertex -0.0649999976 0.00545000006 0.0153010003
  endloop
 endfacet

 facet normal 0 -0.707106769 0.707106769
  outer loop
  vertex -0.0637499988 0.00599899981 0.0158500001
  vertex -0.0649999976 0.00545000006 0.0153010003
  vertex -0.0637499988 0.00545000006 0.0153010003
  endloop
 endfacet

 facet normal 0 -0.258807719 0.965928912
  outer loop
  vertex -0.0637499988 0.00545000006 0.0153010003
  vertex -0.0649999976 0.00545000006 0.0153010003
  vertex -0.0649999976 0.00469999993 0.0151000004
  endloop
 endfacet

 facet normal 0 -0.258807719 0.965928912
  outer loop
  vertex -0.0637499988 0.00545000006 0.0153010003
  vertex -0.0649999976 0.00469999993 0.0151000004
  vertex -0.0637499988 0.00469999993 0.0151000004
  endloop
 endfacet

 facet normal 0 0.258807719 0.965928912
  outer loop
  vertex -0.0637499988 0.00469999993 0.0151000004
  vertex -0.0649999976 0.00469999993 0.0151000004
  vertex -0.0649999976 0.00394999981 0.0153010003
  endloop
 endfacet

 facet normal 0 0.258807719 0.965928912
  outer loop
  vertex -0.0637499988 0.00469999993 0.0151000004
  vertex -0.0649999976 0.00394999981 0.0153010003
  vertex -0.0637499988 0.00394999981 0.0153010003
  endloop
 endfacet

 facet normal 0 0.707106769 0.707106769
  outer loop
  vertex -0.0637499988 0.00394999981 0.0153010003
  vertex -0.0649999976 0.00394999981 0.0153010003
  vertex -0.0649999976 0.00340100005 0.0158500001
  endloop
 endfacet

 facet normal 0 0.707106769 0.707106769
  outer loop
  vertex -0.0637499988 0.00394999981 0.0153010003
  vertex -0.0649999976 0.00340100005 0.0158500001
  vertex -0.0637499988 0.00340100005 0.0158500001
  endloop
 endfacet

 facet normal 0 0.965928912 0.258807719
  outer loop
  vertex -0.0637499988 0.00340100005 0.0158500001
  vertex -0.0649999976 0.00340100005 0.0158500001
  vertex -0.0649999976 0.00319999992 0.0165999997
  endloop
 endfacet

 facet normal 0 0.965928912 0.258807719
  outer loop
  vertex -0.0637499988 0.00340100005 0.0158500001
  vertex -0.0649999976 0.00319999992 0.0165999997
  vertex -0.0637499988 0.00319999992 0.0165999997
  endloop
 endfacet

 facet normal 0 0.965928912 -0.258807719
  outer loop
  vertex -0.0637499988 0.00319999992 0.0165999997
  vertex -0.0649999976 0.00319999992 0.0165999997
  vertex -0.0649999976 0.00340100005 0.0173499994
  endloop
 endfacet

 facet normal 0 0.965928912 -0.258807719
  outer loop
  vertex -0.0637499988 0.00319999992 0.0165999997
  vertex -0.0649999976 0.00340100005 0.0173499994
  vertex -0.0637499988 0.00340100005 0.0173499994
  endloop
 endfacet

 facet normal 0 0.707106769 -0.707106769
  outer loop
  vertex -0.0637499988 0.00340100005 0.0173499994
  vertex -0.0649999976 0.00340100005 0.0173499994
  vertex -0.0649999976 0.00394999981 0.0178989992
  endloop
 endfacet

 facet normal 0 0.707106769 -0.707106769
  outer loop
  vertex -0.0637499988 0.00340100005 0.0173499994
  vertex -0.0649999976 0.00394999981 0.0178989992
  vertex -0.0637499988 0.00394999981 0.0178989992
  endloop
 endfacet

 facet normal 0 0.258807719 -0.965928912
  outer loop
  vertex -0.0637499988 0.00394999981 0.0178989992
  vertex -0.0649999976 0.00394999981 0.0178989992
  vertex -0.0649999976 0.00469999993 0.0181000009
  endloop
 endfacet

 facet normal -1 0 0
  outer loop
  vertex -0.0390999988 0.0052769999 0.0155999996
  vertex -0.0390999988 0.00412299996 0.0155999996
  vertex -0.0390999988 0.00585500011 0.0165999997
  endloop
 endfacet

 facet normal -1 0 0
  outer loop
  vertex -0.0390999988 0.00585500011 0.0165999997
  vertex -0.0390999988 0.00412299996 0.0155999996
  vertex -0.0390999988 0.00354499999 0.0165999997
  endloop
 endfacet

 facet normal -1 0 0
  outer loop
  vertex -0.0390999988 0.00585500011 0.0165999997
  vertex -0.0390999988 0.00354499999 0.0165999997
  vertex -0.0390999988 0.0052769999 0.0175999999
  endloop
 endfacet

 facet normal -1 0 0
  outer loop
  vertex -0.0390999988 0.0052769999 0.0175999999
  vertex -0.0390999988 0.00354499999 0.0165999997
  vertex -0.0390999988 0.00412299996 0.0175999999
  endloop
 endfacet

 facet normal 0 0.86601907 0.500011027
  outer loop
  vertex -0.0390999988 0.00354499999 0.0165999997
  vertex -0.0390999988 0.00412299996 0.0155999996
  vertex -0.0637499988 0.00354499999 0.0165999997
  endloop
 endfacet

 facet normal 0 0.86601907 0.500011027
  outer loop
  vertex -0.0637499988 0.00354499999 0.0165999997
  vertex -0.0390999988 0.00412299996 0.0155999996
  vertex -0.0637499988 0.00412299996 0.0155999996
  endloop
 endfacet

 facet normal 0 0.86601907 -0.500011027
  outer loop
  vertex -0.0390999988 0.00412299996 0.0175999999
  vertex -0.0390999988 0.00354499999 0.0165999997
  vertex -0.0637499988 0.00412299996 0.0175999999
  endloop
 endfacet

 facet normal 0 0.86601907 -0.500011027
  outer loop
  vertex -0.0637499988 0.00412299996 0.0175999999
  vertex -0.0390999988 0.00354499999 0.0165999997
  vertex -0.0637499988 0.00354499999 0.0165999997
  endloop
 endfacet

 facet normal 0 0 -1
  outer loop
  vertex -0.0390999988 0.0052769999 0.0175999999
  vertex -0.0390999988 0.00412299996 0.0175999999
  vertex -0.0637499988 0.0052769999 0.0175999999
  endloop
 endfacet

 facet normal 0 0 -1
  outer loop
  vertex -0.0637499988 0.0052769999 0.0175999999
  vertex -0.0390999988 0.00412299996 0.0175999999
  vertex -0.0637499988 0.00412299996 0.0175999999
  endloop
 endfacet

 facet normal 0 -0.86601907 -0.500011027
  outer loop
  vertex -0.0390999988 0.00585500011 0.0165999997
  vertex -0.0390999988 0.0052769999 0.0175999999
  vertex -0.0637499988 0.00585500011 0.0165999997
  endloop
 endfacet

 facet normal 0 -0.86601907 -0.500011027
  outer loop
  vertex -0.0637499988 0.00585500011 0.0165999997
  vertex -0.0390999988 0.0052769999 0.0175999999
  vertex -0.0637499988 0.0052769999 0.0175999999
  endloop
 endfacet

 facet normal 0 -0.86601907 0.500011027
  outer loop
  vertex -0.0390999988 0.0052769999 0.0155999996
  vertex -0.0390999988 0.00585500011 0.0165999997
  vertex -0.0637499988 0.0052769999 0.0155999996
  endloop
 endfacet

 facet normal 0 -0.86601907 0.500011027
  outer loop
  vertex -0.0637499988 0.0052769999 0.0155999996
  vertex -0.0390999988 0.00585500011 0.0165999997
  vertex -0.0637499988 0.00585500011 0.0165999997
  endloop
 endfacet

 facet normal 0 0 1
  outer loop
  vertex -0.0390999988 0.00412299996 0.0155999996
  vertex -0.0390999988 0.0052769999 0.0155999996
  vertex -0.0637499988 0.00412299996 0.0155999996
  endloop
 endfacet

 facet normal 0 0 1
  outer loop
  vertex -0.0637499988 0.00412299996 0.0155999996
  vertex -0.0390999988 0.0052769999 0.0155999996
  vertex -0.0637499988 0.0052769999 0.0155999996
  endloop
 endfacet

 facet normal -1 0 0
  outer loop
  vertex -0.0637499988 -0.00572300004 0.0175999999
  vertex -0.0637499988 -0.00554999989 0.0178989992
  vertex -0.0637499988 -0.00500100013 0.0173499994
  endloop
 endfacet

 facet normal -1 0 0
  outer loop
  vertex -0.0637499988 -0.00572300004 0.0175999999
  vertex -0.0637499988 -0.00500100013 0.0173499994
  vertex -0.0637499988 -0.00514499983 0.0165999997
  endloop
 endfacet

 facet normal -1 0 0
  outer loop
  vertex -0.0637499988 -0.00745500019 0.0165999997
  vertex -0.0637499988 -0.00687699998 0.0155999996
  vertex -0.0637499988 -0.00705000013 0.0153010003
  endloop
 endfacet

 facet normal -1 0 0
  outer loop
  vertex -0.0637499988 -0.00500100013 0.0173499994
  vertex -0.0637499988 -0.00480000023 0.0165999997
  vertex -0.0637499988 -0.00514499983 0.0165999997
  endloop
 endfacet

 facet normal -1 0 0
  outer loop
  vertex -0.0637499988 -0.00514499983 0.0165999997
  vertex -0.0637499988 -0.00480000023 0.0165999997
  vertex -0.0637499988 -0.00500100013 0.0158500001
  endloop
 endfacet

 facet normal -1 0 0
  outer loop
  vertex -0.0637499988 -0.00514499983 0.0165999997
  vertex -0.0637499988 -0.00500100013 0.0158500001
  vertex -0.0637499988 -0.00572300004 0.0155999996
  endloop
 endfacet

 facet normal -1 0 0
  outer loop
  vertex -0.0637499988 -0.00572300004 0.0155999996
  vertex -0.0637499988 -0.00500100013 0.0158500001
  vertex -0.0637499988 -0.00554999989 0.0153010003
  endloop
 endfacet

 facet normal -1 0 0
  outer loop
  vertex -0.0637499988 -0.00572300004 0.0155999996
  vertex -0.0637499988 -0.00554999989 0.0153010003
  vertex -0.0637499988 -0.00687699998 0.0155999996
  endloop
 endfacet

 facet normal -1 0 0
  outer loop
  vertex -0.0637499988 -0.00687699998 0.0155999996
  vertex -0.0637499988 -0.00554999989 0.0153010003
  vertex -0.0637499988 -0.00630000001 0.0151000004
  endloop
 endfacet

 facet normal -1 0 0
  outer loop
  vertex -0.0637499988 -0.00687699998 0.0155999996
  vertex -0.0637499988 -0.00630000001 0.0151000004
  vertex -0.0637499988 -0.00705000013 0.0153010003
  endloop
 endfacet

 facet normal -1 0 0
  outer loop
  vertex -0.0637499988 -0.00554999989 0.0178989992
  vertex -0.0637499988 -0.00572300004 0.0175999999
  vertex -0.0637499988 -0.00630000001 0.0181000009
  endloop
 endfacet

 facet normal -1 0 0
  outer loop
  vertex -0.0637499988 -0.00630000001 0.0181000009
  vertex -0.0637499988 -0.00572300004 0.0175999999
  vertex -0.0637499988 -0.00687699998 0.0175999999
  endloop
 endfacet

 facet normal -1 0 0
  outer loop
  vertex -0.0637499988 -0.00630000001 0.0181000009
  vertex -0.0637499988 -0.00687699998 0.0175999999
  vertex -0.0637499988 -0.00705000013 0.0178989992
  endloop
 endfacet

 facet normal -1 0 0
  outer loop
  vertex -0.0637499988 -0.00705000013 0.0153010003
  vertex -0.0637499988 -0.00759899989 0.0158500001
  vertex -0.0637499988 -0.00745500019 0.0165999997
  endloop
 endfacet

 facet normal -1 0 0
  outer loop
  vertex -0.0637499988 -0.00745500019 0.0165999997
  vertex -0.0637499988 -0.00759899989 0.0158500001
  vertex -0.0637499988 -0.00779999979 0.0165999997
  endloop
 endfacet

 facet normal -1 0 0
  outer loop
  vertex -0.0637499988 -0.00745500019 0.0165999997
  vertex -0.0637499988 -0.00779999979 0.0165999997
  vertex -0.0637499988 -0.00687699998 0.0175999999
  endloop
 endfacet

 facet normal -1 0 0
  outer loop
  vertex -0.0637499988 -0.00687699998 0.0175999999
  vertex -0.0637499988 -0.00779999979 0.0165999997
  vertex -0.0637499988 -0.00759899989 0.0173499994
  endloop
 endfacet

 facet normal -1 0 0
  outer loop
  vertex -0.0637499988 -0.00687699998 0.0175999999
  vertex -0.0637499988 -0.00759899989 0.0173499994
  vertex -0.0637499988 -0.00705000013 0.0178989992
  endloop
 endfacet

 facet normal 0 0.258807719 -0.965928912
  outer loop
  vertex -0.0637499988 -0.00705000013 0.0178989992
  vertex -0.0649999976 -0.00630000001 0.0181000009
  vertex -0.0637499988 -0.00630000001 0.0181000009
  endloop
 endfacet

 facet normal 0 -0.258807719 -0.965928912
  outer loop
  vertex -0.0637499988 -0.00630000001 0.0181000009
  vertex -0.0649999976 -0.00630000001 0.0181000009
  vertex -0.0649999976 -0.00554999989 0.0178989992
  endloop
 endfacet

 facet normal 0 -0.258807719 -0.965928912
  outer loop
  vertex -0.0637499988 -0.00630000001 0.0181000009
  vertex -0.0649999976 -0.00554999989 0.0178989992
  vertex -0.0637499988 -0.00554999989 0.0178989992
  endloop
 endfacet

 facet normal 0 -0.707106769 -0.707106769
  outer loop
  vertex -0.0637499988 -0.00554999989 0.0178989992
  vertex -0.0649999976 -0.00554999989 0.0178989992
  vertex -0.0649999976 -0.00500100013 0.0173499994
  endloop
 endfacet

 facet normal 0 -0.707106769 -0.707106769
  outer loop
  vertex -0.0637499988 -0.00554999989 0.0178989992
  vertex -0.0649999976 -0.00500100013 0.0173499994
  vertex -0.0637499988 -0.00500100013 0.0173499994
  endloop
 endfacet

 facet normal 0 -0.965928912 -0.258807719
  outer loop
  vertex -0.0637499988 -0.00500100013 0.0173499994
  vertex -0.0649999976 -0.00500100013 0.0173499994
  vertex -0.0649999976 -0.00480000023 0.0165999997
  endloop
 endfacet

 facet normal 0 -0.965928912 -0.258807719
  outer loop
  vertex -0.0637499988 -0.00500100013 0.0173499994
  vertex -0.0649999976 -0.00480000023 0.0165999997
  vertex -0.0637499988 -0.00480000023 0.0165999997
  endloop
 endfacet

 facet normal 0 -0.965928912 0.258807719
  outer loop
  vertex -0.0637499988 -0.00480000023 0.0165999997
  vertex -0.0649999976 -0.00480000023 0.0165999997
  vertex -0.0649999976 -0.00500100013 0.0158500001
  endloop
 endfacet

 facet normal 0 -0.965928912 0.258807719
  outer loop
  vertex -0.0637499988 -0.00480000023 0.0165999997
  vertex -0.0649999976 -0.00500100013 0.0158500001
  vertex -0.0637499988 -0.00500100013 0.0158500001
  endloop
 endfacet

 facet normal 0 -0.707106769 0.707106769
  outer loop
  vertex -0.0637499988 -0.00500100013 0.0158500001
  vertex -0.0649999976 -0.00500100013 0.0158500001
  vertex -0.0649999976 -0.00554999989 0.0153010003
  endloop
 endfacet

 facet normal 0 -0.707106769 0.707106769
  outer loop
  vertex -0.0637499988 -0.00500100013 0.0158500001
  vertex -0.0649999976 -0.00554999989 0.0153010003
  vertex -0.0637499988 -0.00554999989 0.0153010003
  endloop
 endfacet

 facet normal 0 -0.258807719 0.965928912
  outer loop
  vertex -0.0637499988 -0.00554999989 0.0153010003
  vertex -0.0649999976 -0.00554999989 0.0153010003
  vertex -0.0649999976 -0.00630000001 0.0151000004
  endloop
 endfacet

 facet normal 0 -0.258807719 0.965928912
  outer loop
  vertex -0.0637499988 -0.00554999989 0.0153010003
  vertex -0.0649999976 -0.00630000001 0.0151000004
  vertex -0.0637499988 -0.00630000001 0.0151000004
  endloop
 endfacet

 facet normal 0 0.258807719 0.965928912
  outer loop
  vertex -0.0637499988 -0.00630000001 0.0151000004
  vertex -0.0649999976 -0.00630000001 0.0151000004
  vertex -0.0649999976 -0.00705000013 0.0153010003
  endloop
 endfacet

 facet normal 0 0.258807719 0.965928912
  outer loop
  vertex -0.0637499988 -0.00630000001 0.0151000004
  vertex -0.0649999976 -0.00705000013 0.0153010003
  vertex -0.0637499988 -0.00705000013 0.0153010003
  endloop
 endfacet

 facet normal 0 0.707106769 0.707106769
  outer loop
  vertex -0.0637499988 -0.00705000013 0.0153010003
  vertex -0.0649999976 -0.00705000013 0.0153010003
  vertex -0.0649999976 -0.00759899989 0.0158500001
  endloop
 endfacet

 facet normal 0 0.707106769 0.707106769
  outer loop
  vertex -0.0637499988 -0.00705000013 0.0153010003
  vertex -0.0649999976 -0.00759899989 0.0158500001
  vertex -0.0637499988 -0.00759899989 0.0158500001
  endloop
 endfacet

 facet normal 0 0.965928912 0.258807719
  outer loop
  vertex -0.0637499988 -0.00759899989 0.0158500001
  vertex -0.0649999976 -0.00759899989 0.0158500001
  vertex -0.0649999976 -0.00779999979 0.0165999997
  endloop
 endfacet

 facet normal 0 0.965928912 0.258807719
  outer loop
  vertex -0.0637499988 -0.00759899989 0.0158500001
  vertex -0.0649999976 -0.00779999979 0.0165999997
  vertex -0.0637499988 -0.00779999979 0.0165999997
  endloop
 endfacet

 facet normal 0 0.965928912 -0.258807719
  outer loop
  vertex -0.0637499988 -0.00779999979 0.0165999997
  vertex -0.0649999976 -0.00779999979 0.0165999997
  vertex -0.0649999976 -0.00759899989 0.0173499994
  endloop
 endfacet

 facet normal 0 0.965928912 -0.258807719
  outer loop
  vertex -0.0637499988 -0.00779999979 0.0165999997
  vertex -0.0649999976 -0.00759899989 0.0173499994
  vertex -0.0637499988 -0.00759899989 0.0173499994
  endloop
 endfacet

 facet normal 0 0.707106769 -0.707106769
  outer loop
  vertex -0.0637499988 -0.00759899989 0.0173499994
  vertex -0.0649999976 -0.00759899989 0.0173499994
  vertex -0.0649999976 -0.00705000013 0.0178989992
  endloop
 endfacet

 facet normal 0 0.707106769 -0.707106769
  outer loop
  vertex -0.0637499988 -0.00759899989 0.0173499994
  vertex -0.0649999976 -0.00705000013 0.0178989992
  vertex -0.0637499988 -0.00705000013 0.0178989992
  endloop
 endfacet

 facet normal 0 0.258807719 -0.965928912
  outer loop
  vertex -0.0637499988 -0.00705000013 0.0178989992
  vertex -0.0649999976 -0.00705000013 0.0178989992
  vertex -0.0649999976 -0.00630000001 0.0181000009
  endloop
 endfacet

 facet normal -1 0 0
  outer loop
  vertex -0.0390999988 -0.00687699998 0.0175999999
  vertex -0.0390999988 -0.00572300004 0.0175999999
  vertex -0.0390999988 -0.00745500019 0.0165999997
  endloop
 endfacet

 facet normal -1 0 0
  outer loop
  vertex -0.0390999988 -0.00745500019 0.0165999997
  vertex -0.0390999988 -0.00572300004 0.0175999999
  vertex -0.0390999988 -0.00514499983 0.0165999997
  endloop
 endfacet

 facet normal -1 0 0
  outer loop
  vertex -0.0390999988 -0.00745500019 0.0165999997
  vertex -0.0390999988 -0.00514499983 0.0165999997
  vertex -0.0390999988 -0.00687699998 0.0155999996
  endloop
 endfacet

 facet normal -1 0 0
  outer loop
  vertex -0.0390999988 -0.00687699998 0.0155999996
  vertex -0.0390999988 -0.00514499983 0.0165999997
  vertex -0.0390999988 -0.00572300004 0.0155999996
  endloop
 endfacet

 facet normal 0 0.86601907 0.500011027
  outer loop
  vertex -0.0390999988 -0.00745500019 0.0165999997
  vertex -0.0390999988 -0.00687699998 0.0155999996
  vertex -0.0637499988 -0.00745500019 0.0165999997
  endloop
 endfacet

 facet normal 0 0.86601907 0.500011027
  outer loop
  vertex -0.0637499988 -0.00745500019 0.0165999997
  vertex -0.0390999988 -0.00687699998 0.0155999996
  vertex -0.0637499988 -0.00687699998 0.0155999996
  endloop
 endfacet

 facet normal 0 0.86601907 -0.500011027
  outer loop
  vertex -0.0390999988 -0.00687699998 0.0175999999
  vertex -0.0390999988 -0.00745500019 0.0165999997
  vertex -0.0637499988 -0.00687699998 0.0175999999
  endloop
 endfacet

 facet normal 0 0.86601907 -0.500011027
  outer loop
  vertex -0.0637499988 -0.00687699998 0.0175999999
  vertex -0.0390999988 -0.00745500019 0.0165999997
  vertex -0.0637499988 -0.00745500019 0.0165999997
  endloop
 endfacet

 facet normal 0 0 -1
  outer loop
  vertex -0.0390999988 -0.00572300004 0.0175999999
  vertex -0.0390999988 -0.00687699998 0.0175999999
  vertex -0.0637499988 -0.00572300004 0.0175999999
  endloop
 endfacet

 facet normal 0 0 -1
  outer loop
  vertex -0.0637499988 -0.00572300004 0.0175999999
  vertex -0.0390999988 -0.00687699998 0.0175999999
  vertex -0.0637499988 -0.00687699998 0.0175999999
  endloop
 endfacet

 facet normal 0 -0.86601907 -0.500011027
  outer loop
  vertex -0.0390999988 -0.00514499983 0.0165999997
  vertex -0.0390999988 -0.00572300004 0.0175999999
  vertex -0.0637499988 -0.00514499983 0.0165999997
  endloop
 endfacet

 facet normal 0 -0.86601907 -0.500011027
  outer loop
  vertex -0.0637499988 -0.00514499983 0.0165999997
  vertex -0.0390999988 -0.00572300004 0.0175999999
  vertex -0.0637499988 -0.00572300004 0.0175999999
  endloop
 endfacet

 facet normal 0 -0.86601907 0.500011027
  outer loop
  vertex -0.0390999988 -0.00572300004 0.0155999996
  vertex -0.0390999988 -0.00514499983 0.0165999997
  vertex -0.0637499988 -0.00572300004 0.0155999996
  endloop
 endfacet

 facet normal 0 -0.86601907 0.500011027
  outer loop
  vertex -0.0637499988 -0.00572300004 0.0155999996
  vertex -0.0390999988 -0.00514499983 0.0165999997
  vertex -0.0637499988 -0.00514499983 0.0165999997
  endloop
 endfacet

 facet normal 0 0 1
  outer loop
  vertex -0.0390999988 -0.00687699998 0.0155999996
  vertex -0.0390999988 -0.00572300004 0.0155999996
  vertex -0.0637499988 -0.00687699998 0.0155999996
  endloop
 endfacet

 facet normal 0 0 1
  outer loop
  vertex -0.0637499988 -0.00687699998 0.0155999996
  vertex -0.0390999988 -0.00572300004 0.0155999996
  vertex -0.0637499988 -0.00572300004 0.0155999996
  endloop
 endfacet

 facet normal -1 0 0
  outer loop
  vertex -0.0410999991 -0.00296499999 0.00524999993
  vertex -0.0410999991 -0.00137700001 0.00499999989
  vertex -0.0410999991 -0.00329999998 0.00400000019
  endloop
 endfacet

 facet normal -1 0 0
  outer loop
  vertex -0.0410999991 -0.00329999998 0.00400000019
  vertex -0.0410999991 -0.00137700001 0.00499999989
  vertex -0.0410999991 -0.00195499999 0.00400000019
  endloop
 endfacet

 facet normal -1 0 0
  outer loop
  vertex -0.0410999991 -0.00329999998 0.00400000019
  vertex -0.0410999991 -0.00195499999 0.00400000019
  vertex -0.0410999991 -0.00296499999 0.00274999999
  endloop
 endfacet

 facet normal -1 0 0
  outer loop
  vertex -0.0410999991 -0.00296499999 0.00274999999
  vertex -0.0410999991 -0.00195499999 0.00400000019
  vertex -0.0410999991 -0.00205000001 0.001835
  endloop
 endfacet

 facet normal -1 0 0
  outer loop
  vertex -0.0410999991 -0.00205000001 0.001835
  vertex -0.0410999991 -0.00195499999 0.00400000019
  vertex -0.0410999991 -0.00137700001 0.00300000003
  endloop
 endfacet

 facet normal -1 0 0
  outer loop
  vertex -0.0410999991 -0.00205000001 0.001835
  vertex -0.0410999991 -0.00137700001 0.00300000003
  vertex -0.0410999991 -0.00079999998 0.00150000001
  endloop
 endfacet

 facet normal -1 0 0
  outer loop
  vertex -0.0410999991 -0.00079999998 0.00150000001
  vertex -0.0410999991 -0.00137700001 0.00300000003
  vertex -0.0410999991 -0.000222999995 0.00300000003
  endloop
 endfacet

 facet normal -1 0 0
  outer loop
  vertex -0.0410999991 -0.00079999998 0.00150000001
  vertex -0.0410999991 -0.000222999995 0.00300000003
  vertex -0.0410999991 0.000449999992 0.001835
  endloop
 endfacet

 facet normal -1 0 0
  outer loop
  vertex -0.0410999991 0.000449999992 0.001835
  vertex -0.0410999991 -0.000222999995 0.00300000003
  vertex -0.0410999991 0.00136500003 0.00274999999
  endloop
 endfacet

 facet normal -1 0 0
  outer loop
  vertex -0.0410999991 0.00136500003 0.00274999999
  vertex -0.0410999991 -0.000222999995 0.00300000003
  vertex -0.0410999991 0.000354999996 0.00400000019
  endloop
 endfacet

 facet normal -1 0 0
  outer loop
  vertex -0.0410999991 0.00136500003 0.00274999999
  vertex -0.0410999991 0.000354999996 0.00400000019
  vertex -0.0410999991 0.00170000002 0.00400000019
  endloop
 endfacet

 facet normal -1 0 0
  outer loop
  vertex -0.0410999991 -0.00296499999 0.00524999993
  vertex -0.0410999991 -0.00205000001 0.00616500014
  vertex -0.0410999991 -0.00137700001 0.00499999989
  endloop
 endfacet

 facet normal -1 0 0
  outer loop
  vertex -0.0410999991 -0.00137700001 0.00499999989
  vertex -0.0410999991 -0.00205000001 0.00616500014
  vertex -0.0410999991 -0.00079999998 0.00650000013
  endloop
 endfacet

 facet normal -1 0 0
  outer loop
  vertex -0.0410999991 -0.00137700001 0.00499999989
  vertex -0.0410999991 -0.00079999998 0.00650000013
  vertex -0.0410999991 -0.000222999995 0.00499999989
  endloop
 endfacet

 facet normal -1 0 0
  outer loop
  vertex -0.0410999991 -0.000222999995 0.00499999989
  vertex -0.0410999991 -0.00079999998 0.00650000013
  vertex -0.0410999991 0.000449999992 0.00616500014
  endloop
 endfacet

 facet normal -1 0 0
  outer loop
  vertex -0.0410999991 -0.000222999995 0.00499999989
  vertex -0.0410999991 0.000449999992 0.00616500014
  vertex -0.0410999991 0.000354999996 0.00400000019
  endloop
 endfacet

 facet normal -1 0 0
  outer loop
  vertex -0.0410999991 0.000354999996 0.00400000019
  vertex -0.0410999991 0.000449999992 0.00616500014
  vertex -0.0410999991 0.00136500003 0.00524999993
  endloop
 endfacet

 facet normal -1 0 0
  outer loop
  vertex -0.0410999991 0.000354999996 0.00400000019
  vertex -0.0410999991 0.00136500003 0.00524999993
  vertex -0.0410999991 0.00170000002 0.00400000019
  endloop
 endfacet

 facet normal 0 0.258807719 -0.965928912
  outer loop
  vertex -0.0408499986 0.000575000013 0.00161799998
  vertex -0.0390999988 -0.00079999998 0.00124999997
  vertex -0.0408499986 -0.00079999998 0.00124999997
  endloop
 endfacet

 facet normal 0 -0.258807719 -0.965928912
  outer loop
  vertex -0.0408499986 -0.00079999998 0.00124999997
  vertex -0.0390999988 -0.00079999998 0.00124999997
  vertex -0.0390999988 -0.00217500003 0.00161799998
  endloop
 endfacet

 facet normal 0 -0.258807719 -0.965928912
  outer loop
  vertex -0.0408499986 -0.00079999998 0.00124999997
  vertex -0.0390999988 -0.00217500003 0.00161799998
  vertex -0.0408499986 -0.00217500003 0.00161799998
  endloop
 endfacet

 facet normal 0 -0.707106769 -0.707106769
  outer loop
  vertex -0.0408499986 -0.00217500003 0.00161799998
  vertex -0.0390999988 -0.00217500003 0.00161799998
  vertex -0.0390999988 -0.00318200001 0.00262499996
  endloop
 endfacet

 facet normal 0 -0.707106769 -0.707106769
  outer loop
  vertex -0.0408499986 -0.00217500003 0.00161799998
  vertex -0.0390999988 -0.00318200001 0.00262499996
  vertex -0.0408499986 -0.00318200001 0.00262499996
  endloop
 endfacet

 facet normal 0 -0.965928912 -0.258807719
  outer loop
  vertex -0.0408499986 -0.00318200001 0.00262499996
  vertex -0.0390999988 -0.00318200001 0.00262499996
  vertex -0.0390999988 -0.00355000002 0.00400000019
  endloop
 endfacet

 facet normal 0 -0.965928912 -0.258807719
  outer loop
  vertex -0.0408499986 -0.00318200001 0.00262499996
  vertex -0.0390999988 -0.00355000002 0.00400000019
  vertex -0.0408499986 -0.00355000002 0.00400000019
  endloop
 endfacet

 facet normal 0 -0.965928912 0.258807719
  outer loop
  vertex -0.0408499986 -0.00355000002 0.00400000019
  vertex -0.0390999988 -0.00355000002 0.00400000019
  vertex -0.0390999988 -0.00318200001 0.00537500018
  endloop
 endfacet

 facet normal 0 -0.965928912 0.258807719
  outer loop
  vertex -0.0408499986 -0.00355000002 0.00400000019
  vertex -0.0390999988 -0.00318200001 0.00537500018
  vertex -0.0408499986 -0.00318200001 0.00537500018
  endloop
 endfacet

 facet normal 0 -0.707106769 0.707106769
  outer loop
  vertex -0.0408499986 -0.00318200001 0.00537500018
  vertex -0.0390999988 -0.00318200001 0.00537500018
  vertex -0.0390999988 -0.00217500003 0.00638200017
  endloop
 endfacet

 facet normal 0 -0.707106769 0.707106769
  outer loop
  vertex -0.0408499986 -0.00318200001 0.00537500018
  vertex -0.0390999988 -0.00217500003 0.00638200017
  vertex -0.0408499986 -0.00217500003 0.00638200017
  endloop
 endfacet

 facet normal 0 -0.258807719 0.965928912
  outer loop
  vertex -0.0408499986 -0.00217500003 0.00638200017
  vertex -0.0390999988 -0.00217500003 0.00638200017
  vertex -0.0390999988 -0.00079999998 0.00675000018
  endloop
 endfacet

 facet normal 0 -0.258807719 0.965928912
  outer loop
  vertex -0.0408499986 -0.00217500003 0.00638200017
  vertex -0.0390999988 -0.00079999998 0.00675000018
  vertex -0.0408499986 -0.00079999998 0.00675000018
  endloop
 endfacet

 facet normal 0 0.258807719 0.965928912
  outer loop
  vertex -0.0408499986 -0.00079999998 0.00675000018
  vertex -0.0390999988 -0.00079999998 0.00675000018
  vertex -0.0390999988 0.000575000013 0.00638200017
  endloop
 endfacet

 facet normal 0 0.258807719 0.965928912
  outer loop
  vertex -0.0408499986 -0.00079999998 0.00675000018
  vertex -0.0390999988 0.000575000013 0.00638200017
  vertex -0.0408499986 0.000575000013 0.00638200017
  endloop
 endfacet

 facet normal 0 0.707106769 0.707106769
  outer loop
  vertex -0.0408499986 0.000575000013 0.00638200017
  vertex -0.0390999988 0.000575000013 0.00638200017
  vertex -0.0390999988 0.00158200006 0.00537500018
  endloop
 endfacet

 facet normal 0 0.707106769 0.707106769
  outer loop
  vertex -0.0408499986 0.000575000013 0.00638200017
  vertex -0.0390999988 0.00158200006 0.00537500018
  vertex -0.0408499986 0.00158200006 0.00537500018
  endloop
 endfacet

 facet normal 0 0.965928912 0.258807719
  outer loop
  vertex -0.0408499986 0.00158200006 0.00537500018
  vertex -0.0390999988 0.00158200006 0.00537500018
  vertex -0.0390999988 0.00194999995 0.00400000019
  endloop
 endfacet

 facet normal 0 0.965928912 0.258807719
  outer loop
  vertex -0.0408499986 0.00158200006 0.00537500018
  vertex -0.0390999988 0.00194999995 0.00400000019
  vertex -0.0408499986 0.00194999995 0.00400000019
  endloop
 endfacet

 facet normal 0 0.965928912 -0.258807719
  outer loop
  vertex -0.0408499986 0.00194999995 0.00400000019
  vertex -0.0390999988 0.00194999995 0.00400000019
  vertex -0.0390999988 0.00158200006 0.00262499996
  endloop
 endfacet

 facet normal 0 0.965928912 -0.258807719
  outer loop
  vertex -0.0408499986 0.00194999995 0.00400000019
  vertex -0.0390999988 0.00158200006 0.00262499996
  vertex -0.0408499986 0.00158200006 0.00262499996
  endloop
 endfacet

 facet normal 0 0.707106769 -0.707106769
  outer loop
  vertex -0.0408499986 0.00158200006 0.00262499996
  vertex -0.0390999988 0.00158200006 0.00262499996
  vertex -0.0390999988 0.000575000013 0.00161799998
  endloop
 endfacet

 facet normal 0 0.707106769 -0.707106769
  outer loop
  vertex -0.0408499986 0.00158200006 0.00262499996
  vertex -0.0390999988 0.000575000013 0.00161799998
  vertex -0.0408499986 0.000575000013 0.00161799998
  endloop
 endfacet

 facet normal 0 0.258807719 -0.965928912
  outer loop
  vertex -0.0408499986 0.000575000013 0.00161799998
  vertex -0.0390999988 0.000575000013 0.00161799998
  vertex -0.0390999988 -0.00079999998 0.00124999997
  endloop
 endfacet

 facet normal 0 0.86601907 -0.500011027
  outer loop
  vertex -0.0410999991 -0.00195499999 0.00400000019
  vertex -0.0410999991 -0.00137700001 0.00499999989
  vertex -0.0390999988 -0.00195499999 0.00400000019
  endloop
 endfacet

 facet normal 0 0.86601907 -0.500011027
  outer loop
  vertex -0.0390999988 -0.00195499999 0.00400000019
  vertex -0.0410999991 -0.00137700001 0.00499999989
  vertex -0.0390999988 -0.00137700001 0.00499999989
  endloop
 endfacet

 facet normal 0 0 -1
  outer loop
  vertex -0.0410999991 -0.00137700001 0.00499999989
  vertex -0.0410999991 -0.000222999995 0.00499999989
  vertex -0.0390999988 -0.00137700001 0.00499999989
  endloop
 endfacet

 facet normal 0 0 -1
  outer loop
  vertex -0.0390999988 -0.00137700001 0.00499999989
  vertex -0.0410999991 -0.000222999995 0.00499999989
  vertex -0.0390999988 -0.000222999995 0.00499999989
  endloop
 endfacet

 facet normal 0 -0.86601907 -0.500011027
  outer loop
  vertex -0.0410999991 -0.000222999995 0.00499999989
  vertex -0.0410999991 0.000354999996 0.00400000019
  vertex -0.0390999988 -0.000222999995 0.00499999989
  endloop
 endfacet

 facet normal 0 -0.86601907 -0.500011027
  outer loop
  vertex -0.0390999988 -0.000222999995 0.00499999989
  vertex -0.0410999991 0.000354999996 0.00400000019
  vertex -0.0390999988 0.000354999996 0.00400000019
  endloop
 endfacet

 facet normal 0 -0.86601907 0.500011027
  outer loop
  vertex -0.0410999991 0.000354999996 0.00400000019
  vertex -0.0410999991 -0.000222999995 0.00300000003
  vertex -0.0390999988 0.000354999996 0.00400000019
  endloop
 endfacet

 facet normal 0 -0.86601907 0.500011027
  outer loop
  vertex -0.0390999988 0.000354999996 0.00400000019
  vertex -0.0410999991 -0.000222999995 0.00300000003
  vertex -0.0390999988 -0.000222999995 0.00300000003
  endloop
 endfacet

 facet normal 0 0 1
  outer loop
  vertex -0.0410999991 -0.000222999995 0.00300000003
  vertex -0.0410999991 -0.00137700001 0.00300000003
  vertex -0.0390999988 -0.000222999995 0.00300000003
  endloop
 endfacet

 facet normal 0 0 1
  outer loop
  vertex -0.0390999988 -0.000222999995 0.00300000003
  vertex -0.0410999991 -0.00137700001 0.00300000003
  vertex -0.0390999988 -0.00137700001 0.00300000003
  endloop
 endfacet

 facet normal 0 0.86601907 0.500011027
  outer loop
  vertex -0.0410999991 -0.00137700001 0.00300000003
  vertex -0.0410999991 -0.00195499999 0.00400000019
  vertex -0.0390999988 -0.00137700001 0.00300000003
  endloop
 endfacet

 facet normal 0 0.86601907 0.500011027
  outer loop
  vertex -0.0390999988 -0.00137700001 0.00300000003
  vertex -0.0410999991 -0.00195499999 0.00400000019
  vertex -0.0390999988 -0.00195499999 0.00400000019
  endloop
 endfacet

 facet normal -1 0 0
  outer loop
  vertex -0.0390999988 -0.000222999995 0.00499999989
  vertex -0.0390999988 0.000354999996 0.00400000019
  vertex -0.0390999988 -0.00137700001 0.00499999989
  endloop
 endfacet

 facet normal -1 0 0
  outer loop
  vertex -0.0390999988 -0.00137700001 0.00499999989
  vertex -0.0390999988 0.000354999996 0.00400000019
  vertex -0.0390999988 -0.000222999995 0.00300000003
  endloop
 endfacet

 facet normal -1 0 0
  outer loop
  vertex -0.0390999988 -0.00137700001 0.00499999989
  vertex -0.0390999988 -0.000222999995 0.00300000003
  vertex -0.0390999988 -0.00195499999 0.00400000019
  endloop
 endfacet

 facet normal -1 0 0
  outer loop
  vertex -0.0390999988 -0.00195499999 0.00400000019
  vertex -0.0390999988 -0.000222999995 0.00300000003
  vertex -0.0390999988 -0.00137700001 0.00300000003
  endloop
 endfacet

 facet normal -0.694715321 0.508611202 0.508611202
  outer loop
  vertex -0.0408499986 0.00158200006 0.00537500018
  vertex -0.0410999991 0.00136500003 0.00524999993
  vertex -0.0408499986 0.000575000013 0.00638200017
  endloop
 endfacet

 facet normal -0.694715321 0.508611202 0.508611202
  outer loop
  vertex -0.0408499986 0.000575000013 0.00638200017
  vertex -0.0410999991 0.00136500003 0.00524999993
  vertex -0.0410999991 0.000449999992 0.00616500014
  endloop
 endfacet

 facet normal -0.694739342 0.186210528 0.694739342
  outer loop
  vertex -0.0408499986 0.000575000013 0.00638200017
  vertex -0.0410999991 0.000449999992 0.00616500014
  vertex -0.0408499986 -0.00079999998 0.00675000018
  endloop
 endfacet

 facet normal -0.694739342 0.186210528 0.694739342
  outer loop
  vertex -0.0408499986 -0.00079999998 0.00675000018
  vertex -0.0410999991 0.000449999992 0.00616500014
  vertex -0.0410999991 -0.00079999998 0.00650000013
  endloop
 endfacet

 facet normal -0.694739342 -0.186210528 0.694739342
  outer loop
  vertex -0.0408499986 -0.00079999998 0.00675000018
  vertex -0.0410999991 -0.00079999998 0.00650000013
  vertex -0.0408499986 -0.00217500003 0.00638200017
  endloop
 endfacet

 facet normal -0.694739342 -0.186210528 0.694739342
  outer loop
  vertex -0.0408499986 -0.00217500003 0.00638200017
  vertex -0.0410999991 -0.00079999998 0.00650000013
  vertex -0.0410999991 -0.00205000001 0.00616500014
  endloop
 endfacet

 facet normal -0.694715321 -0.508611202 0.508611202
  outer loop
  vertex -0.0408499986 -0.00217500003 0.00638200017
  vertex -0.0410999991 -0.00205000001 0.00616500014
  vertex -0.0408499986 -0.00318200001 0.00537500018
  endloop
 endfacet

 facet normal -0.694715321 -0.508611202 0.508611202
  outer loop
  vertex -0.0408499986 -0.00318200001 0.00537500018
  vertex -0.0410999991 -0.00205000001 0.00616500014
  vertex -0.0410999991 -0.00296499999 0.00524999993
  endloop
 endfacet

 facet normal -0.694791198 -0.694691122 0.186197609
  outer loop
  vertex -0.0408499986 -0.00318200001 0.00537500018
  vertex -0.0410999991 -0.00296499999 0.00524999993
  vertex -0.0408499986 -0.00355000002 0.00400000019
  endloop
 endfacet

 facet normal -0.694739342 -0.694739342 0.186210528
  outer loop
  vertex -0.0408499986 -0.00355000002 0.00400000019
  vertex -0.0410999991 -0.00296499999 0.00524999993
  vertex -0.0410999991 -0.00329999998 0.00400000019
  endloop
 endfacet

 facet normal -0.694791198 -0.694691122 -0.186197609
  outer loop
  vertex -0.0408499986 -0.00355000002 0.00400000019
  vertex -0.0410999991 -0.00329999998 0.00400000019
  vertex -0.0408499986 -0.00318200001 0.00262499996
  endloop
 endfacet

 facet normal -0.694739342 -0.694739342 -0.186210528
  outer loop
  vertex -0.0408499986 -0.00318200001 0.00262499996
  vertex -0.0410999991 -0.00329999998 0.00400000019
  vertex -0.0410999991 -0.00296499999 0.00274999999
  endloop
 endfacet

 facet normal -0.694715321 -0.508611202 -0.508611202
  outer loop
  vertex -0.0408499986 -0.00318200001 0.00262499996
  vertex -0.0410999991 -0.00296499999 0.00274999999
  vertex -0.0408499986 -0.00217500003 0.00161799998
  endloop
 endfacet

 facet normal -0.694715321 -0.508611202 -0.508611202
  outer loop
  vertex -0.0408499986 -0.00217500003 0.00161799998
  vertex -0.0410999991 -0.00296499999 0.00274999999
  vertex -0.0410999991 -0.00205000001 0.001835
  endloop
 endfacet

 facet normal -0.694739342 -0.186210528 -0.694739342
  outer loop
  vertex -0.0408499986 -0.00217500003 0.00161799998
  vertex -0.0410999991 -0.00205000001 0.001835
  vertex -0.0408499986 -0.00079999998 0.00124999997
  endloop
 endfacet

 facet normal -0.694739342 -0.186210528 -0.694739342
  outer loop
  vertex -0.0408499986 -0.00079999998 0.00124999997
  vertex -0.0410999991 -0.00205000001 0.001835
  vertex -0.0410999991 -0.00079999998 0.00150000001
  endloop
 endfacet

 facet normal -0.694739342 0.186210528 -0.694739342
  outer loop
  vertex -0.0408499986 -0.00079999998 0.00124999997
  vertex -0.0410999991 -0.00079999998 0.00150000001
  vertex -0.0408499986 0.000575000013 0.00161799998
  endloop
 endfacet

 facet normal -0.694739342 0.186210528 -0.694739342
  outer loop
  vertex -0.0408499986 0.000575000013 0.00161799998
  vertex -0.0410999991 -0.00079999998 0.00150000001
  vertex -0.0410999991 0.000449999992 0.001835
  endloop
 endfacet

 facet normal -0.694715321 0.508611202 -0.508611202
  outer loop
  vertex -0.0408499986 0.000575000013 0.00161799998
  vertex -0.0410999991 0.000449999992 0.001835
  vertex -0.0408499986 0.00158200006 0.00262499996
  endloop
 endfacet

 facet normal -0.694715321 0.508611202 -0.508611202
  outer loop
  vertex -0.0408499986 0.00158200006 0.00262499996
  vertex -0.0410999991 0.000449999992 0.001835
  vertex -0.0410999991 0.00136500003 0.00274999999
  endloop
 endfacet

 facet normal -0.694791198 0.694691122 -0.186197609
  outer loop
  vertex -0.0408499986 0.00158200006 0.00262499996
  vertex -0.0410999991 0.00136500003 0.00274999999
  vertex -0.0408499986 0.00194999995 0.00400000019
  endloop
 endfacet

 facet normal -0.694739342 0.694739342 -0.186210528
  outer loop
  vertex -0.0408499986 0.00194999995 0.00400000019
  vertex -0.0410999991 0.00136500003 0.00274999999
  vertex -0.0410999991 0.00170000002 0.00400000019
  endloop
 endfacet

 facet normal -0.694791198 0.694691122 0.186197609
  outer loop
  vertex -0.0408499986 0.00194999995 0.00400000019
  vertex -0.0410999991 0.00170000002 0.00400000019
  vertex -0.0408499986 0.00158200006 0.00537500018
  endloop
 endfacet

 facet normal -0.694739342 0.694739342 0.186210528
  outer loop
  vertex -0.0408499986 0.00158200006 0.00537500018
  vertex -0.0410999991 0.00170000002 0.00400000019
  vertex -0.0410999991 0.00136500003 0.00524999993
  endloop
 endfacet

 facet normal -0.387308925 0.315407246 0.866319895
  outer loop
  vertex -0.0649000034 0.00800000038 0.0204680003
  vertex -0.0649999976 0.00820000004 0.0203499999
  vertex -0.0649000034 0.00762500009 0.0206039995
  endloop
 endfacet

 facet normal -0.694791198 0.186197609 0.694691122
  outer loop
  vertex -0.0649000034 0.00762500009 0.0206039995
  vertex -0.0649999976 0.00820000004 0.0203499999
  vertex -0.0649999976 0.00757500017 0.0205170009
  endloop
 endfacet

 facet normal -0.694767058 0.508575797 0.508575797
  outer loop
  vertex -0.0649000034 0.00762500009 0.0206039995
  vertex -0.0649999976 0.00757500017 0.0205170009
  vertex -0.0649000034 0.00720399991 0.0210250001
  endloop
 endfacet

 facet normal -0.694802403 0.508501649 0.508601665
  outer loop
  vertex -0.0649000034 0.00720399991 0.0210250001
  vertex -0.0649999976 0.00757500017 0.0205170009
  vertex -0.0649999976 0.00711699994 0.0209749993
  endloop
 endfacet

 facet normal -0.694704056 0.694804132 0.186101094
  outer loop
  vertex -0.0649000034 0.00720399991 0.0210250001
  vertex -0.0649999976 0.00711699994 0.0209749993
  vertex -0.0649000034 0.00705000013 0.0216000006
  endloop
 endfacet

 facet normal -0.694791198 0.694691122 0.186197609
  outer loop
  vertex -0.0649000034 0.00705000013 0.0216000006
  vertex -0.0649999976 0.00711699994 0.0209749993
  vertex -0.0649999976 0.00694999984 0.0216000006
  endloop
 endfacet

 facet normal -0.694704056 0.694804132 -0.186101094
  outer loop
  vertex -0.0649000034 0.00705000013 0.0216000006
  vertex -0.0649999976 0.00694999984 0.0216000006
  vertex -0.0649000034 0.00720399991 0.0221749991
  endloop
 endfacet

 facet normal -0.694791198 0.694691122 -0.186197609
  outer loop
  vertex -0.0649000034 0.00720399991 0.0221749991
  vertex -0.0649999976 0.00694999984 0.0216000006
  vertex -0.0649999976 0.00711699994 0.022225
  endloop
 endfacet

 facet normal -0.694767058 0.508575797 -0.508575797
  outer loop
  vertex -0.0649000034 0.00720399991 0.0221749991
  vertex -0.0649999976 0.00711699994 0.022225
  vertex -0.0649000034 0.00762500009 0.0225959998
  endloop
 endfacet

 facet normal -0.694802403 0.508501649 -0.508601665
  outer loop
  vertex -0.0649000034 0.00762500009 0.0225959998
  vertex -0.0649999976 0.00711699994 0.022225
  vertex -0.0649999976 0.00757500017 0.0226830002
  endloop
 endfacet

 facet normal -0.701681852 0.243793711 -0.669482768
  outer loop
  vertex -0.0649000034 0.00762500009 0.0225959998
  vertex -0.0649999976 0.00757500017 0.0226830002
  vertex -0.0649000034 0.00800000038 0.0227320008
  endloop
 endfacet

 facet normal -0.525501668 0.220200717 -0.821802676
  outer loop
  vertex -0.0649000034 0.00800000038 0.0227320008
  vertex -0.0649999976 0.00757500017 0.0226830002
  vertex -0.0649999976 0.00820000004 0.0228499994
  endloop
 endfacet

 facet normal -0.705805123 0.0618004464 -0.705705106
  outer loop
  vertex -0.0649000034 0.00800000038 0.0227320008
  vertex -0.0649999976 0.00820000004 0.0228499994
  vertex -0.0649000034 0.00820000004 0.0227499995
  endloop
 endfacet

 facet normal -0.705805123 0.0618004464 0.705705106
  outer loop
  vertex -0.0649000034 0.00800000038 0.0204680003
  vertex -0.0649000034 0.00820000004 0.0204499997
  vertex -0.0649999976 0.00820000004 0.0203499999
  endloop
 endfacet

 facet normal -0.705805123 -0.0618004464 0.705705106
  outer loop
  vertex -0.0649999976 0.00820000004 0.0203499999
  vertex -0.0649000034 0.00820000004 0.0204499997
  vertex -0.0649000034 0.0083999997 0.0204680003
  endloop
 endfacet

 facet normal -0.525501668 -0.220200717 0.821802676
  outer loop
  vertex -0.0649999976 0.00820000004 0.0203499999
  vertex -0.0649000034 0.0083999997 0.0204680003
  vertex -0.0649999976 0.00882500038 0.0205170009
  endloop
 endfacet

 facet normal -0.701681852 -0.243793711 0.669482768
  outer loop
  vertex -0.0649999976 0.00882500038 0.0205170009
  vertex -0.0649000034 0.0083999997 0.0204680003
  vertex -0.0649000034 0.00877500046 0.0206039995
  endloop
 endfacet

 facet normal -0.694767058 -0.508575797 0.508575797
  outer loop
  vertex -0.0649999976 0.00882500038 0.0205170009
  vertex -0.0649000034 0.00877500046 0.0206039995
  vertex -0.0649999976 0.00928299967 0.0209749993
  endloop
 endfacet

 facet normal -0.694767058 -0.508575797 0.508575797
  outer loop
  vertex -0.0649999976 0.00928299967 0.0209749993
  vertex -0.0649000034 0.00877500046 0.0206039995
  vertex -0.0649000034 0.00919600017 0.0210250001
  endloop
 endfacet

 facet normal -0.694791198 -0.694691122 0.186197609
  outer loop
  vertex -0.0649999976 0.00928299967 0.0209749993
  vertex -0.0649000034 0.00919600017 0.0210250001
  vertex -0.0649999976 0.00944999978 0.0216000006
  endloop
 endfacet

 facet normal -0.694704056 -0.694804132 0.186101094
  outer loop
  vertex -0.0649999976 0.00944999978 0.0216000006
  vertex -0.0649000034 0.00919600017 0.0210250001
  vertex -0.0649000034 0.00934999995 0.0216000006
  endloop
 endfacet

 facet normal -0.694791198 -0.694691122 -0.186197609
  outer loop
  vertex -0.0649999976 0.00944999978 0.0216000006
  vertex -0.0649000034 0.00934999995 0.0216000006
  vertex -0.0649999976 0.00928299967 0.022225
  endloop
 endfacet

 facet normal -0.694704056 -0.694804132 -0.186101094
  outer loop
  vertex -0.0649999976 0.00928299967 0.022225
  vertex -0.0649000034 0.00934999995 0.0216000006
  vertex -0.0649000034 0.00919600017 0.0221749991
  endloop
 endfacet

 facet normal -0.694802403 -0.508501649 -0.508601665
  outer loop
  vertex -0.0649999976 0.00928299967 0.022225
  vertex -0.0649000034 0.00919600017 0.0221749991
  vertex -0.0649999976 0.00882500038 0.0226830002
  endloop
 endfacet

 facet normal -0.694767058 -0.508575797 -0.508575797
  outer loop
  vertex -0.0649999976 0.00882500038 0.0226830002
  vertex -0.0649000034 0.00919600017 0.0221749991
  vertex -0.0649000034 0.00877500046 0.0225959998
  endloop
 endfacet

 facet normal -0.694804132 -0.186101094 -0.694704056
  outer loop
  vertex -0.0649999976 0.00882500038 0.0226830002
  vertex -0.0649000034 0.00877500046 0.0225959998
  vertex -0.0649999976 0.00820000004 0.0228499994
  endloop
 endfacet

 facet normal -0.38722387 -0.315419436 -0.866353333
  outer loop
  vertex -0.0649999976 0.00820000004 0.0228499994
  vertex -0.0649000034 0.00877500046 0.0225959998
  vertex -0.0649000034 0.0083999997 0.0227320008
  endloop
 endfacet

 facet normal -0.705805123 -0.0618004464 -0.705705106
  outer loop
  vertex -0.0649999976 0.00820000004 0.0228499994
  vertex -0.0649000034 0.0083999997 0.0227320008
  vertex -0.0649000034 0.00820000004 0.0227499995
  endloop
 endfacet

 facet normal -1 0 0
  outer loop
  vertex -0.0649000034 0.00800000038 0.0227320008
  vertex -0.0649000034 0.00820000004 0.0227499995
  vertex -0.0649000034 0.0083999997 0.0227320008
  endloop
 endfacet

 facet normal -0.387308925 0.315407246 0.866319895
  outer loop
  vertex -0.0649000034 -0.00999999978 0.0204680003
  vertex -0.0649999976 -0.00980000012 0.0203499999
  vertex -0.0649000034 -0.0103749996 0.0206039995
  endloop
 endfacet

 facet normal -0.694739342 0.186210528 0.694739342
  outer loop
  vertex -0.0649000034 -0.0103749996 0.0206039995
  vertex -0.0649999976 -0.00980000012 0.0203499999
  vertex -0.0649999976 -0.0104250005 0.0205170009
  endloop
 endfacet

 facet normal -0.694767058 0.508575797 0.508575797
  outer loop
  vertex -0.0649000034 -0.0103749996 0.0206039995
  vertex -0.0649999976 -0.0104250005 0.0205170009
  vertex -0.0649000034 -0.0107960002 0.0210250001
  endloop
 endfacet

 facet normal -0.694802403 0.508501649 0.508601665
  outer loop
  vertex -0.0649000034 -0.0107960002 0.0210250001
  vertex -0.0649999976 -0.0104250005 0.0205170009
  vertex -0.0649999976 -0.0108829997 0.0209749993
  endloop
 endfacet

 facet normal -0.694704056 0.694804132 0.186101094
  outer loop
  vertex -0.0649000034 -0.0107960002 0.0210250001
  vertex -0.0649999976 -0.0108829997 0.0209749993
  vertex -0.0649000034 -0.01095 0.0216000006
  endloop
 endfacet

 facet normal -0.694791198 0.694691122 0.186197609
  outer loop
  vertex -0.0649000034 -0.01095 0.0216000006
  vertex -0.0649999976 -0.0108829997 0.0209749993
  vertex -0.0649999976 -0.0110499999 0.0216000006
  endloop
 endfacet

 facet normal -0.694704056 0.694804132 -0.186101094
  outer loop
  vertex -0.0649000034 -0.01095 0.0216000006
  vertex -0.0649999976 -0.0110499999 0.0216000006
  vertex -0.0649000034 -0.0107960002 0.0221749991
  endloop
 endfacet

 facet normal -0.694791198 0.694691122 -0.186197609
  outer loop
  vertex -0.0649000034 -0.0107960002 0.0221749991
  vertex -0.0649999976 -0.0110499999 0.0216000006
  vertex -0.0649999976 -0.0108829997 0.022225
  endloop
 endfacet

 facet normal -0.694767058 0.508575797 -0.508575797
  outer loop
  vertex -0.0649000034 -0.0107960002 0.0221749991
  vertex -0.0649999976 -0.0108829997 0.022225
  vertex -0.0649000034 -0.0103749996 0.0225959998
  endloop
 endfacet

 facet normal -0.694802403 0.508501649 -0.508601665
  outer loop
  vertex -0.0649000034 -0.0103749996 0.0225959998
  vertex -0.0649999976 -0.0108829997 0.022225
  vertex -0.0649999976 -0.0104250005 0.0226830002
  endloop
 endfacet

 facet normal -0.701681852 0.243793711 -0.669482768
  outer loop
  vertex -0.0649000034 -0.0103749996 0.0225959998
  vertex -0.0649999976 -0.0104250005 0.0226830002
  vertex -0.0649000034 -0.00999999978 0.0227320008
  endloop
 endfacet

 facet normal -0.525501668 0.220200717 -0.821802676
  outer loop
  vertex -0.0649000034 -0.00999999978 0.0227320008
  vertex -0.0649999976 -0.0104250005 0.0226830002
  vertex -0.0649999976 -0.00980000012 0.0228499994
  endloop
 endfacet

 facet normal -0.705805123 0.0618004464 -0.705705106
  outer loop
  vertex -0.0649000034 -0.00999999978 0.0227320008
  vertex -0.0649999976 -0.00980000012 0.0228499994
  vertex -0.0649000034 -0.00980000012 0.0227499995
  endloop
 endfacet

 facet normal -0.705805123 0.0618004464 0.705705106
  outer loop
  vertex -0.0649000034 -0.00999999978 0.0204680003
  vertex -0.0649000034 -0.00980000012 0.0204499997
  vertex -0.0649999976 -0.00980000012 0.0203499999
  endloop
 endfacet

 facet normal -0.705805123 -0.0618004464 0.705705106
  outer loop
  vertex -0.0649999976 -0.00980000012 0.0203499999
  vertex -0.0649000034 -0.00980000012 0.0204499997
  vertex -0.0649000034 -0.00960000046 0.0204680003
  endloop
 endfacet

 facet normal -0.525501668 -0.220200717 0.821802676
  outer loop
  vertex -0.0649999976 -0.00980000012 0.0203499999
  vertex -0.0649000034 -0.00960000046 0.0204680003
  vertex -0.0649999976 -0.00917499978 0.0205170009
  endloop
 endfacet

 facet normal -0.701681852 -0.243793711 0.669482768
  outer loop
  vertex -0.0649999976 -0.00917499978 0.0205170009
  vertex -0.0649000034 -0.00960000046 0.0204680003
  vertex -0.0649000034 -0.0092249997 0.0206039995
  endloop
 endfacet

 facet normal -0.694767058 -0.508575797 0.508575797
  outer loop
  vertex -0.0649999976 -0.00917499978 0.0205170009
  vertex -0.0649000034 -0.0092249997 0.0206039995
  vertex -0.0649999976 -0.00871699955 0.0209749993
  endloop
 endfacet

 facet normal -0.694767058 -0.508575797 0.508575797
  outer loop
  vertex -0.0649999976 -0.00871699955 0.0209749993
  vertex -0.0649000034 -0.0092249997 0.0206039995
  vertex -0.0649000034 -0.00880399998 0.0210250001
  endloop
 endfacet

 facet normal -0.694791198 -0.694691122 0.186197609
  outer loop
  vertex -0.0649999976 -0.00871699955 0.0209749993
  vertex -0.0649000034 -0.00880399998 0.0210250001
  vertex -0.0649999976 -0.00855000038 0.0216000006
  endloop
 endfacet

 facet normal -0.694704056 -0.694804132 0.186101094
  outer loop
  vertex -0.0649999976 -0.00855000038 0.0216000006
  vertex -0.0649000034 -0.00880399998 0.0210250001
  vertex -0.0649000034 -0.00865000021 0.0216000006
  endloop
 endfacet

 facet normal -0.694791198 -0.694691122 -0.186197609
  outer loop
  vertex -0.0649999976 -0.00855000038 0.0216000006
  vertex -0.0649000034 -0.00865000021 0.0216000006
  vertex -0.0649999976 -0.00871699955 0.022225
  endloop
 endfacet

 facet normal -0.694704056 -0.694804132 -0.186101094
  outer loop
  vertex -0.0649999976 -0.00871699955 0.022225
  vertex -0.0649000034 -0.00865000021 0.0216000006
  vertex -0.0649000034 -0.00880399998 0.0221749991
  endloop
 endfacet

 facet normal -0.694802403 -0.508501649 -0.508601665
  outer loop
  vertex -0.0649999976 -0.00871699955 0.022225
  vertex -0.0649000034 -0.00880399998 0.0221749991
  vertex -0.0649999976 -0.00917499978 0.0226830002
  endloop
 endfacet

 facet normal -0.694767058 -0.508575797 -0.508575797
  outer loop
  vertex -0.0649999976 -0.00917499978 0.0226830002
  vertex -0.0649000034 -0.00880399998 0.0221749991
  vertex -0.0649000034 -0.0092249997 0.0225959998
  endloop
 endfacet

 facet normal -0.694804132 -0.186101094 -0.694704056
  outer loop
  vertex -0.0649999976 -0.00917499978 0.0226830002
  vertex -0.0649000034 -0.0092249997 0.0225959998
  vertex -0.0649999976 -0.00980000012 0.0228499994
  endloop
 endfacet

 facet normal -0.38722387 -0.315419436 -0.866353333
  outer loop
  vertex -0.0649999976 -0.00980000012 0.0228499994
  vertex -0.0649000034 -0.0092249997 0.0225959998
  vertex -0.0649000034 -0.00960000046 0.0227320008
  endloop
 endfacet

 facet normal -0.705805123 -0.0618004464 -0.705705106
  outer loop
  vertex -0.0649999976 -0.00980000012 0.0228499994
  vertex -0.0649000034 -0.00960000046 0.0227320008
  vertex -0.0649000034 -0.00980000012 0.0227499995
  endloop
 endfacet

 facet normal -1 0 0
  outer loop
  vertex -0.0649000034 -0.01095 0.0216000006
  vertex -0.0649000034 -0.0107960002 0.0221749991
  vertex -0.0649000034 -0.0107960002 0.0210250001
  endloop
 endfacet

 facet normal -1 0 0
  outer loop
  vertex -0.0649000034 -0.0107960002 0.0210250001
  vertex -0.0649000034 -0.0107960002 0.0221749991
  vertex -0.0649000034 -0.0103749996 0.0225959998
  endloop
 endfacet

 facet normal -1 0 0
  outer loop
  vertex -0.0649000034 -0.0107960002 0.0210250001
  vertex -0.0649000034 -0.0103749996 0.0225959998
  vertex -0.0649000034 -0.0103749996 0.0206039995
  endloop
 endfacet

 facet normal -1 0 0
  outer loop
  vertex -0.0649000034 -0.0103749996 0.0206039995
  vertex -0.0649000034 -0.0103749996 0.0225959998
  vertex -0.0649000034 -0.00999999978 0.0227320008
  endloop
 endfacet

 facet normal -1 0 0
  outer loop
  vertex -0.0649000034 -0.0103749996 0.0206039995
  vertex -0.0649000034 -0.00999999978 0.0227320008
  vertex -0.0649000034 -0.00999999978 0.0204680003
  endloop
 endfacet

 facet normal -0.387275338 0.315379918 0.86634481
  outer loop
  vertex -0.0649000034 -0.00999999978 0.0104679996
  vertex -0.0649999976 -0.00980000012 0.0103500001
  vertex -0.0649000034 -0.0103749996 0.0106039997
  endloop
 endfacet

 facet normal -0.694804132 0.186101094 0.694704056
  outer loop
  vertex -0.0649000034 -0.0103749996 0.0106039997
  vertex -0.0649999976 -0.00980000012 0.0103500001
  vertex -0.0649999976 -0.0104250005 0.0105170002
  endloop
 endfacet

 facet normal -0.694767058 0.508575797 0.508575797
  outer loop
  vertex -0.0649000034 -0.0103749996 0.0106039997
  vertex -0.0649999976 -0.0104250005 0.0105170002
  vertex -0.0649000034 -0.0107960002 0.0110250004
  endloop
 endfacet

 facet normal -0.694767058 0.508575797 0.508575797
  outer loop
  vertex -0.0649000034 -0.0107960002 0.0110250004
  vertex -0.0649999976 -0.0104250005 0.0105170002
  vertex -0.0649999976 -0.0108829997 0.0109750004
  endloop
 endfacet

 facet normal -0.694791198 0.694691122 0.186197609
  outer loop
  vertex -0.0649000034 -0.0107960002 0.0110250004
  vertex -0.0649999976 -0.0108829997 0.0109750004
  vertex -0.0649000034 -0.01095 0.0115999999
  endloop
 endfacet

 facet normal -0.694791198 0.694691122 0.186197609
  outer loop
  vertex -0.0649000034 -0.01095 0.0115999999
  vertex -0.0649999976 -0.0108829997 0.0109750004
  vertex -0.0649999976 -0.0110499999 0.0115999999
  endloop
 endfacet

 facet normal -0.694704056 0.694804132 -0.186101094
  outer loop
  vertex -0.0649000034 -0.01095 0.0115999999
  vertex -0.0649999976 -0.0110499999 0.0115999999
  vertex -0.0649000034 -0.0107960002 0.0121750003
  endloop
 endfacet

 facet normal -0.694791198 0.694691122 -0.186197609
  outer loop
  vertex -0.0649000034 -0.0107960002 0.0121750003
  vertex -0.0649999976 -0.0110499999 0.0115999999
  vertex -0.0649999976 -0.0108829997 0.0122250002
  endloop
 endfacet

 facet normal -0.694715321 0.508611202 -0.508611202
  outer loop
  vertex -0.0649000034 -0.0107960002 0.0121750003
  vertex -0.0649999976 -0.0108829997 0.0122250002
  vertex -0.0649000034 -0.0103749996 0.012596
  endloop
 endfacet

 facet normal -0.694802403 0.508501649 -0.508601665
  outer loop
  vertex -0.0649000034 -0.0103749996 0.012596
  vertex -0.0649999976 -0.0108829997 0.0122250002
  vertex -0.0649999976 -0.0104250005 0.0126830004
  endloop
 endfacet

 facet normal -0.701681852 0.243793711 -0.669482768
  outer loop
  vertex -0.0649000034 -0.0103749996 0.012596
  vertex -0.0649999976 -0.0104250005 0.0126830004
  vertex -0.0649000034 -0.00999999978 0.0127320001
  endloop
 endfacet

 facet normal -0.525501668 0.220200717 -0.821802676
  outer loop
  vertex -0.0649000034 -0.00999999978 0.0127320001
  vertex -0.0649999976 -0.0104250005 0.0126830004
  vertex -0.0649999976 -0.00980000012 0.0128499996
  endloop
 endfacet

 facet normal -0.705805123 0.0618004464 -0.705705106
  outer loop
  vertex -0.0649000034 -0.00999999978 0.0127320001
  vertex -0.0649999976 -0.00980000012 0.0128499996
  vertex -0.0649000034 -0.00980000012 0.0127499998
  endloop
 endfacet

 facet normal -0.705805123 0.0618004464 0.705705106
  outer loop
  vertex -0.0649000034 -0.00999999978 0.0104679996
  vertex -0.0649000034 -0.00980000012 0.0104499999
  vertex -0.0649999976 -0.00980000012 0.0103500001
  endloop
 endfacet

 facet normal -0.705800831 -0.0619000718 0.705700815
  outer loop
  vertex -0.0649999976 -0.00980000012 0.0103500001
  vertex -0.0649000034 -0.00980000012 0.0104499999
  vertex -0.0649000034 -0.00960000046 0.0104679996
  endloop
 endfacet

 facet normal -0.525501668 -0.220200717 0.821802676
  outer loop
  vertex -0.0649999976 -0.00980000012 0.0103500001
  vertex -0.0649000034 -0.00960000046 0.0104679996
  vertex -0.0649999976 -0.00917499978 0.0105170002
  endloop
 endfacet

 facet normal -0.701681852 -0.243793711 0.669482768
  outer loop
  vertex -0.0649999976 -0.00917499978 0.0105170002
  vertex -0.0649000034 -0.00960000046 0.0104679996
  vertex -0.0649000034 -0.0092249997 0.0106039997
  endloop
 endfacet

 facet normal -0.694767058 -0.508575797 0.508575797
  outer loop
  vertex -0.0649999976 -0.00917499978 0.0105170002
  vertex -0.0649000034 -0.0092249997 0.0106039997
  vertex -0.0649999976 -0.00871699955 0.0109750004
  endloop
 endfacet

 facet normal -0.694767058 -0.508575797 0.508575797
  outer loop
  vertex -0.0649999976 -0.00871699955 0.0109750004
  vertex -0.0649000034 -0.0092249997 0.0106039997
  vertex -0.0649000034 -0.00880399998 0.0110250004
  endloop
 endfacet

 facet normal -0.694791198 -0.694691122 0.186197609
  outer loop
  vertex -0.0649999976 -0.00871699955 0.0109750004
  vertex -0.0649000034 -0.00880399998 0.0110250004
  vertex -0.0649999976 -0.00855000038 0.0115999999
  endloop
 endfacet

 facet normal -0.694704056 -0.694804132 0.186101094
  outer loop
  vertex -0.0649999976 -0.00855000038 0.0115999999
  vertex -0.0649000034 -0.00880399998 0.0110250004
  vertex -0.0649000034 -0.00865000021 0.0115999999
  endloop
 endfacet

 facet normal -0.694791198 -0.694691122 -0.186197609
  outer loop
  vertex -0.0649999976 -0.00855000038 0.0115999999
  vertex -0.0649000034 -0.00865000021 0.0115999999
  vertex -0.0649999976 -0.00871699955 0.0122250002
  endloop
 endfacet

 facet normal -0.694704056 -0.694804132 -0.186101094
  outer loop
  vertex -0.0649999976 -0.00871699955 0.0122250002
  vertex -0.0649000034 -0.00865000021 0.0115999999
  vertex -0.0649000034 -0.00880399998 0.0121750003
  endloop
 endfacet

 facet normal -0.694767058 -0.508575797 -0.508575797
  outer loop
  vertex -0.0649999976 -0.00871699955 0.0122250002
  vertex -0.0649000034 -0.00880399998 0.0121750003
  vertex -0.0649999976 -0.00917499978 0.0126830004
  endloop
 endfacet

 facet normal -0.694767058 -0.508575797 -0.508575797
  outer loop
  vertex -0.0649999976 -0.00917499978 0.0126830004
  vertex -0.0649000034 -0.00880399998 0.0121750003
  vertex -0.0649000034 -0.0092249997 0.012596
  endloop
 endfacet

 facet normal -0.694804132 -0.186101094 -0.694704056
  outer loop
  vertex -0.0649999976 -0.00917499978 0.0126830004
  vertex -0.0649000034 -0.0092249997 0.012596
  vertex -0.0649999976 -0.00980000012 0.0128499996
  endloop
 endfacet

 facet normal -0.387308925 -0.315407246 -0.866319895
  outer loop
  vertex -0.0649999976 -0.00980000012 0.0128499996
  vertex -0.0649000034 -0.0092249997 0.012596
  vertex -0.0649000034 -0.00960000046 0.0127320001
  endloop
 endfacet

 facet normal -0.705800831 -0.0619000718 -0.705700815
  outer loop
  vertex -0.0649999976 -0.00980000012 0.0128499996
  vertex -0.0649000034 -0.00960000046 0.0127320001
  vertex -0.0649000034 -0.00980000012 0.0127499998
  endloop
 endfacet

 facet normal -1 0 0
  outer loop
  vertex -0.0649000034 -0.0103749996 0.012596
  vertex -0.0649000034 -0.00999999978 0.0127320001
  vertex -0.0649000034 -0.0103749996 0.0106039997
  endloop
 endfacet

 facet normal -1 0 0
  outer loop
  vertex -0.0649000034 -0.0103749996 0.0106039997
  vertex -0.0649000034 -0.00999999978 0.0127320001
  vertex -0.0649000034 -0.00999999978 0.0104679996
  endloop
 endfacet

 facet normal -1 9.99999975e-05 0
  outer loop
  vertex -0.0649000034 -0.0107960002 0.0110250004
  vertex -0.0649000034 -0.01095 0.0115999999
  vertex -0.0649000034 -0.0103749996 0.0106039997
  endloop
 endfacet

 facet normal -1 0 0
  outer loop
  vertex -0.0649000034 -0.0103749996 0.0106039997
  vertex -0.0649000034 -0.01095 0.0115999999
  vertex -0.0649000034 -0.0107960002 0.0121750003
  endloop
 endfacet

 facet normal -1 0 0
  outer loop
  vertex -0.0649000034 -0.0103749996 0.0106039997
  vertex -0.0649000034 -0.0107960002 0.0121750003
  vertex -0.0649000034 -0.0103749996 0.012596
  endloop
 endfacet

 facet normal -0.387275338 0.315379918 0.86634481
  outer loop
  vertex -0.0649000034 0.00800000038 0.0104679996
  vertex -0.0649999976 0.00820000004 0.0103500001
  vertex -0.0649000034 0.00762500009 0.0106039997
  endloop
 endfacet

 facet normal -0.694804132 0.186101094 0.694704056
  outer loop
  vertex -0.0649000034 0.00762500009 0.0106039997
  vertex -0.0649999976 0.00820000004 0.0103500001
  vertex -0.0649999976 0.00757500017 0.0105170002
  endloop
 endfacet

 facet normal -0.694767058 0.508575797 0.508575797
  outer loop
  vertex -0.0649000034 0.00762500009 0.0106039997
  vertex -0.0649999976 0.00757500017 0.0105170002
  vertex -0.0649000034 0.00720399991 0.0110250004
  endloop
 endfacet

 facet normal -0.694767058 0.508575797 0.508575797
  outer loop
  vertex -0.0649000034 0.00720399991 0.0110250004
  vertex -0.0649999976 0.00757500017 0.0105170002
  vertex -0.0649999976 0.00711699994 0.0109750004
  endloop
 endfacet

 facet normal -0.694791198 0.694691122 0.186197609
  outer loop
  vertex -0.0649000034 0.00720399991 0.0110250004
  vertex -0.0649999976 0.00711699994 0.0109750004
  vertex -0.0649000034 0.00705000013 0.0115999999
  endloop
 endfacet

 facet normal -0.694791198 0.694691122 0.186197609
  outer loop
  vertex -0.0649000034 0.00705000013 0.0115999999
  vertex -0.0649999976 0.00711699994 0.0109750004
  vertex -0.0649999976 0.00694999984 0.0115999999
  endloop
 endfacet

 facet normal -0.694704056 0.694804132 -0.186101094
  outer loop
  vertex -0.0649000034 0.00705000013 0.0115999999
  vertex -0.0649999976 0.00694999984 0.0115999999
  vertex -0.0649000034 0.00720399991 0.0121750003
  endloop
 endfacet

 facet normal -0.694791198 0.694691122 -0.186197609
  outer loop
  vertex -0.0649000034 0.00720399991 0.0121750003
  vertex -0.0649999976 0.00694999984 0.0115999999
  vertex -0.0649999976 0.00711699994 0.0122250002
  endloop
 endfacet

 facet normal -0.694715321 0.508611202 -0.508611202
  outer loop
  vertex -0.0649000034 0.00720399991 0.0121750003
  vertex -0.0649999976 0.00711699994 0.0122250002
  vertex -0.0649000034 0.00762500009 0.012596
  endloop
 endfacet

 facet normal -0.694802403 0.508501649 -0.508601665
  outer loop
  vertex -0.0649000034 0.00762500009 0.012596
  vertex -0.0649999976 0.00711699994 0.0122250002
  vertex -0.0649999976 0.00757500017 0.0126830004
  endloop
 endfacet

 facet normal -0.701681852 0.243793711 -0.669482768
  outer loop
  vertex -0.0649000034 0.00762500009 0.012596
  vertex -0.0649999976 0.00757500017 0.0126830004
  vertex -0.0649000034 0.00800000038 0.0127320001
  endloop
 endfacet

 facet normal -0.525501668 0.220200717 -0.821802676
  outer loop
  vertex -0.0649000034 0.00800000038 0.0127320001
  vertex -0.0649999976 0.00757500017 0.0126830004
  vertex -0.0649999976 0.00820000004 0.0128499996
  endloop
 endfacet

 facet normal -0.705805123 0.0618004464 -0.705705106
  outer loop
  vertex -0.0649000034 0.00800000038 0.0127320001
  vertex -0.0649999976 0.00820000004 0.0128499996
  vertex -0.0649000034 0.00820000004 0.0127499998
  endloop
 endfacet

 facet normal -0.705805123 0.0618004464 0.705705106
  outer loop
  vertex -0.0649000034 0.00800000038 0.0104679996
  vertex -0.0649000034 0.00820000004 0.0104499999
  vertex -0.0649999976 0.00820000004 0.0103500001
  endloop
 endfacet

 facet normal -0.705800831 -0.0619000718 0.705700815
  outer loop
  vertex -0.0649999976 0.00820000004 0.0103500001
  vertex -0.0649000034 0.00820000004 0.0104499999
  vertex -0.0649000034 0.0083999997 0.0104679996
  endloop
 endfacet

 facet normal -0.525501668 -0.220200717 0.821802676
  outer loop
  vertex -0.0649999976 0.00820000004 0.0103500001
  vertex -0.0649000034 0.0083999997 0.0104679996
  vertex -0.0649999976 0.00882500038 0.0105170002
  endloop
 endfacet

 facet normal -0.701681852 -0.243793711 0.669482768
  outer loop
  vertex -0.0649999976 0.00882500038 0.0105170002
  vertex -0.0649000034 0.0083999997 0.0104679996
  vertex -0.0649000034 0.00877500046 0.0106039997
  endloop
 endfacet

 facet normal -0.694767058 -0.508575797 0.508575797
  outer loop
  vertex -0.0649999976 0.00882500038 0.0105170002
  vertex -0.0649000034 0.00877500046 0.0106039997
  vertex -0.0649999976 0.00928299967 0.0109750004
  endloop
 endfacet

 facet normal -0.694767058 -0.508575797 0.508575797
  outer loop
  vertex -0.0649999976 0.00928299967 0.0109750004
  vertex -0.0649000034 0.00877500046 0.0106039997
  vertex -0.0649000034 0.00919600017 0.0110250004
  endloop
 endfacet

 facet normal -0.694791198 -0.694691122 0.186197609
  outer loop
  vertex -0.0649999976 0.00928299967 0.0109750004
  vertex -0.0649000034 0.00919600017 0.0110250004
  vertex -0.0649999976 0.00944999978 0.0115999999
  endloop
 endfacet

 facet normal -0.694704056 -0.694804132 0.186101094
  outer loop
  vertex -0.0649999976 0.00944999978 0.0115999999
  vertex -0.0649000034 0.00919600017 0.0110250004
  vertex -0.0649000034 0.00934999995 0.0115999999
  endloop
 endfacet

 facet normal -0.694791198 -0.694691122 -0.186197609
  outer loop
  vertex -0.0649999976 0.00944999978 0.0115999999
  vertex -0.0649000034 0.00934999995 0.0115999999
  vertex -0.0649999976 0.00928299967 0.0122250002
  endloop
 endfacet

 facet normal -0.694704056 -0.694804132 -0.186101094
  outer loop
  vertex -0.0649999976 0.00928299967 0.0122250002
  vertex -0.0649000034 0.00934999995 0.0115999999
  vertex -0.0649000034 0.00919600017 0.0121750003
  endloop
 endfacet

 facet normal -0.694767058 -0.508575797 -0.508575797
  outer loop
  vertex -0.0649999976 0.00928299967 0.0122250002
  vertex -0.0649000034 0.00919600017 0.0121750003
  vertex -0.0649999976 0.00882500038 0.0126830004
  endloop
 endfacet

 facet normal -0.694767058 -0.508575797 -0.508575797
  outer loop
  vertex -0.0649999976 0.00882500038 0.0126830004
  vertex -0.0649000034 0.00919600017 0.0121750003
  vertex -0.0649000034 0.00877500046 0.012596
  endloop
 endfacet

 facet normal -0.694804132 -0.186101094 -0.694704056
  outer loop
  vertex -0.0649999976 0.00882500038 0.0126830004
  vertex -0.0649000034 0.00877500046 0.012596
  vertex -0.0649999976 0.00820000004 0.0128499996
  endloop
 endfacet

 facet normal -0.387308925 -0.315407246 -0.866319895
  outer loop
  vertex -0.0649999976 0.00820000004 0.0128499996
  vertex -0.0649000034 0.00877500046 0.012596
  vertex -0.0649000034 0.0083999997 0.0127320001
  endloop
 endfacet

 facet normal -0.705800831 -0.0619000718 -0.705700815
  outer loop
  vertex -0.0649999976 0.00820000004 0.0128499996
  vertex -0.0649000034 0.0083999997 0.0127320001
  vertex -0.0649000034 0.00820000004 0.0127499998
  endloop
 endfacet

 facet normal -1 0 0
  outer loop
  vertex -0.0649000034 0.00800000038 0.0127320001
  vertex -0.0649000034 0.00800000038 0.0104679996
  vertex -0.0649000034 0.00762500009 0.0106039997
  endloop
 endfacet

 facet normal -1 0 0
  outer loop
  vertex -0.0649000034 0.00705000013 0.0115999999
  vertex -0.0649000034 0.00720399991 0.0121750003
  vertex -0.0649000034 0.00762500009 0.012596
  endloop
 endfacet

 facet normal -1 0 0
  outer loop
  vertex -0.0649000034 0.00800000038 0.0127320001
  vertex -0.0649000034 0.00762500009 0.0106039997
  vertex -0.0649000034 0.00762500009 0.012596
  endloop
 endfacet

 facet normal -1 0 0
  outer loop
  vertex -0.0649000034 0.00762500009 0.012596
  vertex -0.0649000034 0.00762500009 0.0106039997
  vertex -0.0649000034 0.00720399991 0.0110250004
  endloop
 endfacet

 facet normal -1 0 0
  outer loop
  vertex -0.0649000034 0.00762500009 0.012596
  vertex -0.0649000034 0.00720399991 0.0110250004
  vertex -0.0649000034 0.00705000013 0.0115999999
  endloop
 endfacet

 facet normal -0.0871992037 -0.996190846 0
  outer loop
  vertex -0.0647 0.00838300027 0.0204850007
  vertex -0.0647 0.00838300027 0.0227150004
  vertex -0.0649000034 0.0083999997 0.0204680003
  endloop
 endfacet

 facet normal -0.0871992037 -0.996190846 0
  outer loop
  vertex -0.0649000034 0.0083999997 0.0204680003
  vertex -0.0647 0.00838300027 0.0227150004
  vertex -0.0649000034 0.0083999997 0.0227320008
  endloop
 endfacet

 facet normal -0.0871992037 0 -0.996190846
  outer loop
  vertex -0.0647 0.00838300027 0.0227150004
  vertex -0.0647 0.00801699981 0.0227150004
  vertex -0.0649000034 0.0083999997 0.0227320008
  endloop
 endfacet

 facet normal -0.0871992037 0 -0.996190846
  outer loop
  vertex -0.0649000034 0.0083999997 0.0227320008
  vertex -0.0647 0.00801699981 0.0227150004
  vertex -0.0649000034 0.00800000038 0.0227320008
  endloop
 endfacet

 facet normal -0.0871992037 0.996190846 0
  outer loop
  vertex -0.0647 0.00801699981 0.0227150004
  vertex -0.0647 0.00801699981 0.0204850007
  vertex -0.0649000034 0.00800000038 0.0227320008
  endloop
 endfacet

 facet normal -0.0871992037 0.996190846 0
  outer loop
  vertex -0.0649000034 0.00800000038 0.0227320008
  vertex -0.0647 0.00801699981 0.0204850007
  vertex -0.0649000034 0.00800000038 0.0204680003
  endloop
 endfacet

 facet normal -0.0871992037 0 0.996190846
  outer loop
  vertex -0.0647 0.00801699981 0.0204850007
  vertex -0.0647 0.00838300027 0.0204850007
  vertex -0.0649000034 0.00800000038 0.0204680003
  endloop
 endfacet

 facet normal -0.0870999619 0 0.996199608
  outer loop
  vertex -0.0649000034 0.00800000038 0.0204680003
  vertex -0.0647 0.00838300027 0.0204850007
  vertex -0.0649000034 0.0083999997 0.0204680003
  endloop
 endfacet

 facet normal -1 0 0
  outer loop
  vertex -0.0647 0.00801699981 0.0204850007
  vertex -0.0647 0.00801699981 0.0227150004
  vertex -0.0647 0.00838300027 0.0204850007
  endloop
 endfacet

 facet normal -1 0 0
  outer loop
  vertex -0.0647 0.00838300027 0.0204850007
  vertex -0.0647 0.00801699981 0.0227150004
  vertex -0.0647 0.00838300027 0.0227150004
  endloop
 endfacet

 facet normal -0.0871992037 0 -0.996190846
  outer loop
  vertex -0.0647 -0.00961699989 0.0227150004
  vertex -0.0647 -0.00998300035 0.0227150004
  vertex -0.0649000034 -0.00960000046 0.0227320008
  endloop
 endfacet

 facet normal -0.0871992037 0 -0.996190846
  outer loop
  vertex -0.0649000034 -0.00960000046 0.0227320008
  vertex -0.0647 -0.00998300035 0.0227150004
  vertex -0.0649000034 -0.00999999978 0.0227320008
  endloop
 endfacet

 facet normal -0.0871992037 0.996190846 0
  outer loop
  vertex -0.0647 -0.00998300035 0.0227150004
  vertex -0.0647 -0.00998300035 0.0204850007
  vertex -0.0649000034 -0.00999999978 0.0227320008
  endloop
 endfacet

 facet normal -0.0871992037 0.996190846 0
  outer loop
  vertex -0.0649000034 -0.00999999978 0.0227320008
  vertex -0.0647 -0.00998300035 0.0204850007
  vertex -0.0649000034 -0.00999999978 0.0204680003
  endloop
 endfacet

 facet normal -0.0871992037 0 0.996190846
  outer loop
  vertex -0.0647 -0.00998300035 0.0204850007
  vertex -0.0647 -0.00961699989 0.0204850007
  vertex -0.0649000034 -0.00999999978 0.0204680003
  endloop
 endfacet

 facet normal -0.0870999619 0 0.996199608
  outer loop
  vertex -0.0649000034 -0.00999999978 0.0204680003
  vertex -0.0647 -0.00961699989 0.0204850007
  vertex -0.0649000034 -0.00960000046 0.0204680003
  endloop
 endfacet

 facet normal -0.0871992037 -0.996190846 0
  outer loop
  vertex -0.0647 -0.00961699989 0.0204850007
  vertex -0.0647 -0.00961699989 0.0227150004
  vertex -0.0649000034 -0.00960000046 0.0204680003
  endloop
 endfacet

 facet normal -0.0871992037 -0.996190846 0
  outer loop
  vertex -0.0649000034 -0.00960000046 0.0204680003
  vertex -0.0647 -0.00961699989 0.0227150004
  vertex -0.0649000034 -0.00960000046 0.0227320008
  endloop
 endfacet

 facet normal -1 0 0
  outer loop
  vertex -0.0647 -0.00961699989 0.0204850007
  vertex -0.0647 -0.00998300035 0.0204850007
  vertex -0.0647 -0.00961699989 0.0227150004
  endloop
 endfacet

 facet normal -1 0 0
  outer loop
  vertex -0.0647 -0.00961699989 0.0227150004
  vertex -0.0647 -0.00998300035 0.0204850007
  vertex -0.0647 -0.00998300035 0.0227150004
  endloop
 endfacet

 facet normal -0.0871992037 0 -0.996190846
  outer loop
  vertex -0.0647 0.00838300027 0.0127149997
  vertex -0.0647 0.00801699981 0.0127149997
  vertex -0.0649000034 0.0083999997 0.0127320001
  endloop
 endfacet

 facet normal -0.0870999619 0 -0.996199608
  outer loop
  vertex -0.0649000034 0.0083999997 0.0127320001
  vertex -0.0647 0.00801699981 0.0127149997
  vertex -0.0649000034 0.00800000038 0.0127320001
  endloop
 endfacet

 facet normal -0.0871992037 0.996190846 0
  outer loop
  vertex -0.0647 0.00801699981 0.0127149997
  vertex -0.0647 0.00801699981 0.010485
  vertex -0.0649000034 0.00800000038 0.0127320001
  endloop
 endfacet

 facet normal -0.0871992037 0.996190846 0
  outer loop
  vertex -0.0649000034 0.00800000038 0.0127320001
  vertex -0.0647 0.00801699981 0.010485
  vertex -0.0649000034 0.00800000038 0.0104679996
  endloop
 endfacet

 facet normal -0.0871992037 0 0.996190846
  outer loop
  vertex -0.0647 0.00801699981 0.010485
  vertex -0.0647 0.00838300027 0.010485
  vertex -0.0649000034 0.00800000038 0.0104679996
  endloop
 endfacet

 facet normal -0.0871992037 0 0.996190846
  outer loop
  vertex -0.0649000034 0.00800000038 0.0104679996
  vertex -0.0647 0.00838300027 0.010485
  vertex -0.0649000034 0.0083999997 0.0104679996
  endloop
 endfacet

 facet normal -0.0871992037 -0.996190846 0
  outer loop
  vertex -0.0647 0.00838300027 0.010485
  vertex -0.0647 0.00838300027 0.0127149997
  vertex -0.0649000034 0.0083999997 0.0104679996
  endloop
 endfacet

 facet normal -0.0871992037 -0.996190846 0
  outer loop
  vertex -0.0649000034 0.0083999997 0.0104679996
  vertex -0.0647 0.00838300027 0.0127149997
  vertex -0.0649000034 0.0083999997 0.0127320001
  endloop
 endfacet

 facet normal -1 0 0
  outer loop
  vertex -0.0647 0.00838300027 0.010485
  vertex -0.0647 0.00801699981 0.010485
  vertex -0.0647 0.00838300027 0.0127149997
  endloop
 endfacet

 facet normal -1 0 0
  outer loop
  vertex -0.0647 0.00838300027 0.0127149997
  vertex -0.0647 0.00801699981 0.010485
  vertex -0.0647 0.00801699981 0.0127149997
  endloop
 endfacet

 facet normal -0.0871992037 0 -0.996190846
  outer loop
  vertex -0.0647 -0.00961699989 0.0127149997
  vertex -0.0647 -0.00998300035 0.0127149997
  vertex -0.0649000034 -0.00960000046 0.0127320001
  endloop
 endfacet

 facet normal -0.0870999619 0 -0.996199608
  outer loop
  vertex -0.0649000034 -0.00960000046 0.0127320001
  vertex -0.0647 -0.00998300035 0.0127149997
  vertex -0.0649000034 -0.00999999978 0.0127320001
  endloop
 endfacet

 facet normal -0.0871992037 0.996190846 0
  outer loop
  vertex -0.0647 -0.00998300035 0.0127149997
  vertex -0.0647 -0.00998300035 0.010485
  vertex -0.0649000034 -0.00999999978 0.0127320001
  endloop
 endfacet

 facet normal -0.0871992037 0.996190846 0
  outer loop
  vertex -0.0649000034 -0.00999999978 0.0127320001
  vertex -0.0647 -0.00998300035 0.010485
  vertex -0.0649000034 -0.00999999978 0.0104679996
  endloop
 endfacet

 facet normal -0.0871992037 0 0.996190846
  outer loop
  vertex -0.0647 -0.00998300035 0.010485
  vertex -0.0647 -0.00961699989 0.010485
  vertex -0.0649000034 -0.00999999978 0.0104679996
  endloop
 endfacet

 facet normal -0.0871992037 0 0.996190846
  outer loop
  vertex -0.0649000034 -0.00999999978 0.0104679996
  vertex -0.0647 -0.00961699989 0.010485
  vertex -0.0649000034 -0.00960000046 0.0104679996
  endloop
 endfacet

 facet normal -0.0871992037 -0.996190846 0
  outer loop
  vertex -0.0647 -0.00961699989 0.010485
  vertex -0.0647 -0.00961699989 0.0127149997
  vertex -0.0649000034 -0.00960000046 0.0104679996
  endloop
 endfacet

 facet normal -0.0871992037 -0.996190846 0
  outer loop
  vertex -0.0649000034 -0.00960000046 0.0104679996
  vertex -0.0647 -0.00961699989 0.0127149997
  vertex -0.0649000034 -0.00960000046 0.0127320001
  endloop
 endfacet

 facet normal -1 0 0
  outer loop
  vertex -0.0647 -0.00961699989 0.010485
  vertex -0.0647 -0.00998300035 0.010485
  vertex -0.0647 -0.00961699989 0.0127149997
  endloop
 endfacet

 facet normal -1 0 0
  outer loop
  vertex -0.0647 -0.00961699989 0.0127149997
  vertex -0.0647 -0.00998300035 0.010485
  vertex -0.0647 -0.00998300035 0.0127149997
  endloop
 endfacet

 facet normal 0.905063868 -0.282388747 0.317987293
  outer loop
  vertex -0.0566309988 -0.0121999998 0.00714999996
  vertex -0.0567499995 -0.0122999996 0.0074
  vertex -0.0564289987 -0.0121999998 0.00657500001
  endloop
 endfacet

 facet normal 0.694739342 -0.694739342 0.186210528
  outer loop
  vertex -0.0564289987 -0.0121999998 0.00657500001
  vertex -0.0567499995 -0.0122999996 0.0074
  vertex -0.0565159991 -0.0122999996 0.00652500009
  endloop
 endfacet

 facet normal 0.508611202 -0.694715321 0.508611202
  outer loop
  vertex -0.0564289987 -0.0121999998 0.00657500001
  vertex -0.0565159991 -0.0122999996 0.00652500009
  vertex -0.0558249988 -0.0121999998 0.00597100006
  endloop
 endfacet

 facet normal 0.508575797 -0.694767058 0.508575797
  outer loop
  vertex -0.0558249988 -0.0121999998 0.00597100006
  vertex -0.0565159991 -0.0122999996 0.00652500009
  vertex -0.0558749996 -0.0122999996 0.0058840001
  endloop
 endfacet

 facet normal 0.186197609 -0.694691122 0.694791198
  outer loop
  vertex -0.0558249988 -0.0121999998 0.00597100006
  vertex -0.0558749996 -0.0122999996 0.0058840001
  vertex -0.0549999997 -0.0121999998 0.00575000001
  endloop
 endfacet

 facet normal 0.186210528 -0.694739342 0.694739342
  outer loop
  vertex -0.0549999997 -0.0121999998 0.00575000001
  vertex -0.0558749996 -0.0122999996 0.0058840001
  vertex -0.0549999997 -0.0122999996 0.00565000018
  endloop
 endfacet

 facet normal -0.186197609 -0.694791198 0.694691122
  outer loop
  vertex -0.0549999997 -0.0121999998 0.00575000001
  vertex -0.0549999997 -0.0122999996 0.00565000018
  vertex -0.0541750006 -0.0121999998 0.00597100006
  endloop
 endfacet

 facet normal -0.186197609 -0.694691122 0.694791198
  outer loop
  vertex -0.0541750006 -0.0121999998 0.00597100006
  vertex -0.0549999997 -0.0122999996 0.00565000018
  vertex -0.0541249998 -0.0122999996 0.0058840001
  endloop
 endfacet

 facet normal -0.508575797 -0.694767058 0.508575797
  outer loop
  vertex -0.0541750006 -0.0121999998 0.00597100006
  vertex -0.0541249998 -0.0122999996 0.0058840001
  vertex -0.0535710007 -0.0121999998 0.00657500001
  endloop
 endfacet

 facet normal -0.508611202 -0.694715321 0.508611202
  outer loop
  vertex -0.0535710007 -0.0121999998 0.00657500001
  vertex -0.0541249998 -0.0122999996 0.0058840001
  vertex -0.0534840003 -0.0122999996 0.00652500009
  endloop
 endfacet

 facet normal -0.672872961 -0.700971782 0.236390486
  outer loop
  vertex -0.0535710007 -0.0121999998 0.00657500001
  vertex -0.0534840003 -0.0122999996 0.00652500009
  vertex -0.0533690006 -0.0121999998 0.00714999996
  endloop
 endfacet

 facet normal -0.862959921 -0.4492791 0.231189251
  outer loop
  vertex -0.0533690006 -0.0121999998 0.00714999996
  vertex -0.0534840003 -0.0122999996 0.00652500009
  vertex -0.0532499999 -0.0122999996 0.0074
  endloop
 endfacet

 facet normal -0.706082761 -0.706082761 0.0537986904
  outer loop
  vertex -0.0533690006 -0.0121999998 0.00714999996
  vertex -0.0532499999 -0.0122999996 0.0074
  vertex -0.0533500016 -0.0121999998 0.0074
  endloop
 endfacet

 facet normal 0.706082761 -0.706082761 0.0537986904
  outer loop
  vertex -0.0566309988 -0.0121999998 0.00714999996
  vertex -0.0566500016 -0.0121999998 0.0074
  vertex -0.0567499995 -0.0122999996 0.0074
  endloop
 endfacet

 facet normal 0.706082761 -0.706082761 -0.0537986904
  outer loop
  vertex -0.0567499995 -0.0122999996 0.0074
  vertex -0.0566500016 -0.0121999998 0.0074
  vertex -0.0566309988 -0.0121999998 0.00765000004
  endloop
 endfacet

 facet normal 0.862959921 -0.4492791 -0.231189251
  outer loop
  vertex -0.0567499995 -0.0122999996 0.0074
  vertex -0.0566309988 -0.0121999998 0.00765000004
  vertex -0.0565159991 -0.0122999996 0.00827500038
  endloop
 endfacet

 facet normal 0.672920167 -0.700920939 -0.236407056
  outer loop
  vertex -0.0565159991 -0.0122999996 0.00827500038
  vertex -0.0566309988 -0.0121999998 0.00765000004
  vertex -0.0564289987 -0.0121999998 0.00822500046
  endloop
 endfacet

 facet normal 0.508575797 -0.694767058 -0.508575797
  outer loop
  vertex -0.0565159991 -0.0122999996 0.00827500038
  vertex -0.0564289987 -0.0121999998 0.00822500046
  vertex -0.0558749996 -0.0122999996 0.0089159999
  endloop
 endfacet

 facet normal 0.508575797 -0.694767058 -0.508575797
  outer loop
  vertex -0.0558749996 -0.0122999996 0.0089159999
  vertex -0.0564289987 -0.0121999998 0.00822500046
  vertex -0.0558249988 -0.0121999998 0.00882900041
  endloop
 endfacet

 facet normal 0.186210528 -0.694739342 -0.694739342
  outer loop
  vertex -0.0558749996 -0.0122999996 0.0089159999
  vertex -0.0558249988 -0.0121999998 0.00882900041
  vertex -0.0549999997 -0.0122999996 0.00915000029
  endloop
 endfacet

 facet normal 0.186210528 -0.694739342 -0.694739342
  outer loop
  vertex -0.0549999997 -0.0122999996 0.00915000029
  vertex -0.0558249988 -0.0121999998 0.00882900041
  vertex -0.0549999997 -0.0121999998 0.00905000046
  endloop
 endfacet

 facet normal -0.186210528 -0.694739342 -0.694739342
  outer loop
  vertex -0.0549999997 -0.0122999996 0.00915000029
  vertex -0.0549999997 -0.0121999998 0.00905000046
  vertex -0.0541249998 -0.0122999996 0.0089159999
  endloop
 endfacet

 facet normal -0.186197609 -0.694691122 -0.694791198
  outer loop
  vertex -0.0541249998 -0.0122999996 0.0089159999
  vertex -0.0549999997 -0.0121999998 0.00905000046
  vertex -0.0541750006 -0.0121999998 0.00882900041
  endloop
 endfacet

 facet normal -0.508575797 -0.694767058 -0.508575797
  outer loop
  vertex -0.0541249998 -0.0122999996 0.0089159999
  vertex -0.0541750006 -0.0121999998 0.00882900041
  vertex -0.0534840003 -0.0122999996 0.00827500038
  endloop
 endfacet

 facet normal -0.508575797 -0.694767058 -0.508575797
  outer loop
  vertex -0.0534840003 -0.0122999996 0.00827500038
  vertex -0.0541750006 -0.0121999998 0.00882900041
  vertex -0.0535710007 -0.0121999998 0.00822500046
  endloop
 endfacet

 facet normal -0.694691122 -0.694791198 -0.186197609
  outer loop
  vertex -0.0534840003 -0.0122999996 0.00827500038
  vertex -0.0535710007 -0.0121999998 0.00822500046
  vertex -0.0532499999 -0.0122999996 0.0074
  endloop
 endfacet

 facet normal -0.905063868 -0.282388747 -0.317987293
  outer loop
  vertex -0.0532499999 -0.0122999996 0.0074
  vertex -0.0535710007 -0.0121999998 0.00822500046
  vertex -0.0533690006 -0.0121999998 0.00765000004
  endloop
 endfacet

 facet normal -0.706082761 -0.706082761 -0.0537986904
  outer loop
  vertex -0.0532499999 -0.0122999996 0.0074
  vertex -0.0533690006 -0.0121999998 0.00765000004
  vertex -0.0533500016 -0.0121999998 0.0074
  endloop
 endfacet

 facet normal 0 -1 0
  outer loop
  vertex -0.0535710007 -0.0121999998 0.00657500001
  vertex -0.0533690006 -0.0121999998 0.00714999996
  vertex -0.0564289987 -0.0121999998 0.00657500001
  endloop
 endfacet

 facet normal 0 -1 0
  outer loop
  vertex -0.0564289987 -0.0121999998 0.00657500001
  vertex -0.0533690006 -0.0121999998 0.00714999996
  vertex -0.0566309988 -0.0121999998 0.00714999996
  endloop
 endfacet

 facet normal 0 -1 0
  outer loop
  vertex -0.0558249988 -0.0121999998 0.00597100006
  vertex -0.0549999997 -0.0121999998 0.00575000001
  vertex -0.0564289987 -0.0121999998 0.00657500001
  endloop
 endfacet

 facet normal 0 -1 0
  outer loop
  vertex -0.0564289987 -0.0121999998 0.00657500001
  vertex -0.0549999997 -0.0121999998 0.00575000001
  vertex -0.0541750006 -0.0121999998 0.00597100006
  endloop
 endfacet

 facet normal 0 -1 0
  outer loop
  vertex -0.0564289987 -0.0121999998 0.00657500001
  vertex -0.0541750006 -0.0121999998 0.00597100006
  vertex -0.0535710007 -0.0121999998 0.00657500001
  endloop
 endfacet

 facet normal 0.905020237 -0.282506317 0.318007112
  outer loop
  vertex -0.0421309993 -0.0121999998 0.00714999996
  vertex -0.0422499999 -0.0122999996 0.0074
  vertex -0.0419289991 -0.0121999998 0.00657500001
  endloop
 endfacet

 facet normal 0.694739342 -0.694739342 0.186210528
  outer loop
  vertex -0.0419289991 -0.0121999998 0.00657500001
  vertex -0.0422499999 -0.0122999996 0.0074
  vertex -0.0420159996 -0.0122999996 0.00652500009
  endloop
 endfacet

 facet normal 0.508611202 -0.694715321 0.508611202
  outer loop
  vertex -0.0419289991 -0.0121999998 0.00657500001
  vertex -0.0420159996 -0.0122999996 0.00652500009
  vertex -0.0413249992 -0.0121999998 0.00597100006
  endloop
 endfacet

 facet normal 0.508575797 -0.694767058 0.508575797
  outer loop
  vertex -0.0413249992 -0.0121999998 0.00597100006
  vertex -0.0420159996 -0.0122999996 0.00652500009
  vertex -0.041375 -0.0122999996 0.0058840001
  endloop
 endfacet

 facet normal 0.186197609 -0.694691122 0.694791198
  outer loop
  vertex -0.0413249992 -0.0121999998 0.00597100006
  vertex -0.041375 -0.0122999996 0.0058840001
  vertex -0.0405000001 -0.0121999998 0.00575000001
  endloop
 endfacet

 facet normal 0.186210528 -0.694739342 0.694739342
  outer loop
  vertex -0.0405000001 -0.0121999998 0.00575000001
  vertex -0.041375 -0.0122999996 0.0058840001
  vertex -0.0405000001 -0.0122999996 0.00565000018
  endloop
 endfacet

 facet normal -0.186210528 -0.694739342 0.694739342
  outer loop
  vertex -0.0405000001 -0.0121999998 0.00575000001
  vertex -0.0405000001 -0.0122999996 0.00565000018
  vertex -0.0396750011 -0.0121999998 0.00597100006
  endloop
 endfacet

 facet normal -0.186197609 -0.694691122 0.694791198
  outer loop
  vertex -0.0396750011 -0.0121999998 0.00597100006
  vertex -0.0405000001 -0.0122999996 0.00565000018
  vertex -0.0396250002 -0.0122999996 0.0058840001
  endloop
 endfacet

 facet normal -0.508575797 -0.694767058 0.508575797
  outer loop
  vertex -0.0396750011 -0.0121999998 0.00597100006
  vertex -0.0396250002 -0.0122999996 0.0058840001
  vertex -0.0390710011 -0.0121999998 0.00657500001
  endloop
 endfacet

 facet normal -0.508575797 -0.694767058 0.508575797
  outer loop
  vertex -0.0390710011 -0.0121999998 0.00657500001
  vertex -0.0396250002 -0.0122999996 0.0058840001
  vertex -0.0389840007 -0.0122999996 0.00652500009
  endloop
 endfacet

 facet normal -0.672872961 -0.700971782 0.236390486
  outer loop
  vertex -0.0390710011 -0.0121999998 0.00657500001
  vertex -0.0389840007 -0.0122999996 0.00652500009
  vertex -0.038869001 -0.0121999998 0.00714999996
  endloop
 endfacet

 facet normal -0.862959921 -0.4492791 0.231189251
  outer loop
  vertex -0.038869001 -0.0121999998 0.00714999996
  vertex -0.0389840007 -0.0122999996 0.00652500009
  vertex -0.0387500003 -0.0122999996 0.0074
  endloop
 endfacet

 facet normal -0.706082761 -0.706082761 0.0537986904
  outer loop
  vertex -0.038869001 -0.0121999998 0.00714999996
  vertex -0.0387500003 -0.0122999996 0.0074
  vertex -0.0388499983 -0.0121999998 0.0074
  endloop
 endfacet

 facet normal 0.706082761 -0.706082761 0.0537986904
  outer loop
  vertex -0.0421309993 -0.0121999998 0.00714999996
  vertex -0.0421499982 -0.0121999998 0.0074
  vertex -0.0422499999 -0.0122999996 0.0074
  endloop
 endfacet

 facet normal 0.706082761 -0.706082761 -0.0537986904
  outer loop
  vertex -0.0422499999 -0.0122999996 0.0074
  vertex -0.0421499982 -0.0121999998 0.0074
  vertex -0.0421309993 -0.0121999998 0.00765000004
  endloop
 endfacet

 facet normal 0.862959921 -0.4492791 -0.231189251
  outer loop
  vertex -0.0422499999 -0.0122999996 0.0074
  vertex -0.0421309993 -0.0121999998 0.00765000004
  vertex -0.0420159996 -0.0122999996 0.00827500038
  endloop
 endfacet

 facet normal 0.672872961 -0.700971782 -0.236390486
  outer loop
  vertex -0.0420159996 -0.0122999996 0.00827500038
  vertex -0.0421309993 -0.0121999998 0.00765000004
  vertex -0.0419289991 -0.0121999998 0.00822500046
  endloop
 endfacet

 facet normal 0.508575797 -0.694767058 -0.508575797
  outer loop
  vertex -0.0420159996 -0.0122999996 0.00827500038
  vertex -0.0419289991 -0.0121999998 0.00822500046
  vertex -0.041375 -0.0122999996 0.0089159999
  endloop
 endfacet

 facet normal 0.508575797 -0.694767058 -0.508575797
  outer loop
  vertex -0.041375 -0.0122999996 0.0089159999
  vertex -0.0419289991 -0.0121999998 0.00822500046
  vertex -0.0413249992 -0.0121999998 0.00882900041
  endloop
 endfacet

 facet normal 0.186197609 -0.694691122 -0.694791198
  outer loop
  vertex -0.041375 -0.0122999996 0.0089159999
  vertex -0.0413249992 -0.0121999998 0.00882900041
  vertex -0.0405000001 -0.0122999996 0.00915000029
  endloop
 endfacet

 facet normal 0.186197609 -0.694791198 -0.694691122
  outer loop
  vertex -0.0405000001 -0.0122999996 0.00915000029
  vertex -0.0413249992 -0.0121999998 0.00882900041
  vertex -0.0405000001 -0.0121999998 0.00905000046
  endloop
 endfacet

 facet normal -0.186210528 -0.694739342 -0.694739342
  outer loop
  vertex -0.0405000001 -0.0122999996 0.00915000029
  vertex -0.0405000001 -0.0121999998 0.00905000046
  vertex -0.0396250002 -0.0122999996 0.0089159999
  endloop
 endfacet

 facet normal -0.186210528 -0.694739342 -0.694739342
  outer loop
  vertex -0.0396250002 -0.0122999996 0.0089159999
  vertex -0.0405000001 -0.0121999998 0.00905000046
  vertex -0.0396750011 -0.0121999998 0.00882900041
  endloop
 endfacet

 facet normal -0.508575797 -0.694767058 -0.508575797
  outer loop
  vertex -0.0396250002 -0.0122999996 0.0089159999
  vertex -0.0396750011 -0.0121999998 0.00882900041
  vertex -0.0389840007 -0.0122999996 0.00827500038
  endloop
 endfacet

 facet normal -0.508611202 -0.694715321 -0.508611202
  outer loop
  vertex -0.0389840007 -0.0122999996 0.00827500038
  vertex -0.0396750011 -0.0121999998 0.00882900041
  vertex -0.0390710011 -0.0121999998 0.00822500046
  endloop
 endfacet

 facet normal -0.694739342 -0.694739342 -0.186210528
  outer loop
  vertex -0.0389840007 -0.0122999996 0.00827500038
  vertex -0.0390710011 -0.0121999998 0.00822500046
  vertex -0.0387500003 -0.0122999996 0.0074
  endloop
 endfacet

 facet normal -0.905049026 -0.282515317 -0.317917228
  outer loop
  vertex -0.0387500003 -0.0122999996 0.0074
  vertex -0.0390710011 -0.0121999998 0.00822500046
  vertex -0.038869001 -0.0121999998 0.00765000004
  endloop
 endfacet

 facet normal -0.706082761 -0.706082761 -0.0537986904
  outer loop
  vertex -0.0387500003 -0.0122999996 0.0074
  vertex -0.038869001 -0.0121999998 0.00765000004
  vertex -0.0388499983 -0.0121999998 0.0074
  endloop
 endfacet

 facet normal 0 -1 0
  outer loop
  vertex -0.038869001 -0.0121999998 0.00714999996
  vertex -0.0421309993 -0.0121999998 0.00714999996
  vertex -0.0419289991 -0.0121999998 0.00657500001
  endloop
 endfacet

 facet normal 0 -1 0
  outer loop
  vertex -0.0419289991 -0.0121999998 0.00657500001
  vertex -0.0413249992 -0.0121999998 0.00597100006
  vertex -0.0405000001 -0.0121999998 0.00575000001
  endloop
 endfacet

 facet normal 0 -1 0
  outer loop
  vertex -0.038869001 -0.0121999998 0.00714999996
  vertex -0.0419289991 -0.0121999998 0.00657500001
  vertex -0.0390710011 -0.0121999998 0.00657500001
  endloop
 endfacet

 facet normal 0 -1 0
  outer loop
  vertex -0.0390710011 -0.0121999998 0.00657500001
  vertex -0.0419289991 -0.0121999998 0.00657500001
  vertex -0.0405000001 -0.0121999998 0.00575000001
  endloop
 endfacet

 facet normal 0 -1 0
  outer loop
  vertex -0.0390710011 -0.0121999998 0.00657500001
  vertex -0.0405000001 -0.0121999998 0.00575000001
  vertex -0.0396750011 -0.0121999998 0.00597100006
  endloop
 endfacet

 facet normal -0.996199608 -0.0870999619 0
  outer loop
  vertex -0.0388870016 -0.0120000001 0.00763300015
  vertex -0.0388870016 -0.0120000001 0.00716699986
  vertex -0.038869001 -0.0121999998 0.00765000004
  endloop
 endfacet

 facet normal -0.996190846 -0.0871992037 0
  outer loop
  vertex -0.038869001 -0.0121999998 0.00765000004
  vertex -0.0388870016 -0.0120000001 0.00716699986
  vertex -0.038869001 -0.0121999998 0.00714999996
  endloop
 endfacet

 facet normal 0 -0.0871992037 0.996190846
  outer loop
  vertex -0.0388870016 -0.0120000001 0.00716699986
  vertex -0.0421129987 -0.0120000001 0.00716699986
  vertex -0.038869001 -0.0121999998 0.00714999996
  endloop
 endfacet

 facet normal 0 -0.0871992037 0.996190846
  outer loop
  vertex -0.038869001 -0.0121999998 0.00714999996
  vertex -0.0421129987 -0.0120000001 0.00716699986
  vertex -0.0421309993 -0.0121999998 0.00714999996
  endloop
 endfacet

 facet normal 0.996199608 -0.0870999619 0
  outer loop
  vertex -0.0421129987 -0.0120000001 0.00716699986
  vertex -0.0421129987 -0.0120000001 0.00763300015
  vertex -0.0421309993 -0.0121999998 0.00714999996
  endloop
 endfacet

 facet normal 0.996190846 -0.0871992037 0
  outer loop
  vertex -0.0421309993 -0.0121999998 0.00714999996
  vertex -0.0421129987 -0.0120000001 0.00763300015
  vertex -0.0421309993 -0.0121999998 0.00765000004
  endloop
 endfacet

 facet normal 0 -0.0871992037 -0.996190846
  outer loop
  vertex -0.0421129987 -0.0120000001 0.00763300015
  vertex -0.0388870016 -0.0120000001 0.00763300015
  vertex -0.0421309993 -0.0121999998 0.00765000004
  endloop
 endfacet

 facet normal 0 -0.0871992037 -0.996190846
  outer loop
  vertex -0.0421309993 -0.0121999998 0.00765000004
  vertex -0.0388870016 -0.0120000001 0.00763300015
  vertex -0.038869001 -0.0121999998 0.00765000004
  endloop
 endfacet

 facet normal 0 -1 0
  outer loop
  vertex -0.0421129987 -0.0120000001 0.00763300015
  vertex -0.0421129987 -0.0120000001 0.00716699986
  vertex -0.0388870016 -0.0120000001 0.00763300015
  endloop
 endfacet

 facet normal 0 -1 0
  outer loop
  vertex -0.0388870016 -0.0120000001 0.00763300015
  vertex -0.0421129987 -0.0120000001 0.00716699986
  vertex -0.0388870016 -0.0120000001 0.00716699986
  endloop
 endfacet

 facet normal -0.996199608 -0.0870999619 0
  outer loop
  vertex -0.0533870012 -0.0120000001 0.00763300015
  vertex -0.0533870012 -0.0120000001 0.00716699986
  vertex -0.0533690006 -0.0121999998 0.00765000004
  endloop
 endfacet

 facet normal -0.996190846 -0.0871992037 0
  outer loop
  vertex -0.0533690006 -0.0121999998 0.00765000004
  vertex -0.0533870012 -0.0120000001 0.00716699986
  vertex -0.0533690006 -0.0121999998 0.00714999996
  endloop
 endfacet

 facet normal 0 -0.0871992037 0.996190846
  outer loop
  vertex -0.0533870012 -0.0120000001 0.00716699986
  vertex -0.0566129982 -0.0120000001 0.00716699986
  vertex -0.0533690006 -0.0121999998 0.00714999996
  endloop
 endfacet

 facet normal 0 -0.0871992037 0.996190846
  outer loop
  vertex -0.0533690006 -0.0121999998 0.00714999996
  vertex -0.0566129982 -0.0120000001 0.00716699986
  vertex -0.0566309988 -0.0121999998 0.00714999996
  endloop
 endfacet

 facet normal 0.996199608 -0.0870999619 0
  outer loop
  vertex -0.0566129982 -0.0120000001 0.00716699986
  vertex -0.0566129982 -0.0120000001 0.00763300015
  vertex -0.0566309988 -0.0121999998 0.00714999996
  endloop
 endfacet

 facet normal 0.996190846 -0.0871992037 0
  outer loop
  vertex -0.0566309988 -0.0121999998 0.00714999996
  vertex -0.0566129982 -0.0120000001 0.00763300015
  vertex -0.0566309988 -0.0121999998 0.00765000004
  endloop
 endfacet

 facet normal 0 -0.0871992037 -0.996190846
  outer loop
  vertex -0.0566129982 -0.0120000001 0.00763300015
  vertex -0.0533870012 -0.0120000001 0.00763300015
  vertex -0.0566309988 -0.0121999998 0.00765000004
  endloop
 endfacet

 facet normal 0 -0.0871992037 -0.996190846
  outer loop
  vertex -0.0566309988 -0.0121999998 0.00765000004
  vertex -0.0533870012 -0.0120000001 0.00763300015
  vertex -0.0533690006 -0.0121999998 0.00765000004
  endloop
 endfacet

 facet normal 0 -1 0
  outer loop
  vertex -0.0566129982 -0.0120000001 0.00763300015
  vertex -0.0566129982 -0.0120000001 0.00716699986
  vertex -0.0533870012 -0.0120000001 0.00763300015
  endloop
 endfacet

 facet normal 0 -1 0
  outer loop
  vertex -0.0533870012 -0.0120000001 0.00763300015
  vertex -0.0566129982 -0.0120000001 0.00716699986
  vertex -0.0533870012 -0.0120000001 0.00716699986
  endloop
 endfacet

endsolid AssimpScene
